{
  "config_hash": "6fdaa46785f8f9f861a2b6aece83cb5d5282814839f0cdb570af13af6fc08e94",
  "config": {
    "schema": "petch.charging.surface_response_preflight.v1",
    "state": "final_states.npz",
    "state_sha256": "341c3d5d5b98d2581bad21e2547ace6e9623e0ee0e690732d6c20ad18dbbcdcf",
    "charge_key": "refined_charge_node_c",
    "method_key": "refined_method_hint_Ar+",
    "forward_level": 11,
    "thresholds_eV": [
      10.0,
      25.0,
      50.0,
      100.0
    ],
    "diagnostic_yield_model": "Ar+ kinetic SEE only: Sobolewski, PSST 30 025004 (2021), Eq. 8; not applied to charge or transport",
    "exact_operator": "absorbing first-hit, hard visibility; no surface response applied"
  },
  "rows": [
    {
      "species": "electron",
      "region": "top",
      "incident_rate_s": 516768478.37697023,
      "mean_energy_eV": 8.01089760116713,
      "energy_p10_eV": 2.0837395977979014,
      "energy_p50_eV": 6.911490275047619,
      "energy_p90_eV": 15.648378770268586,
      "energy_p99_eV": 26.00866316478585,
      "mean_cosine_incidence": 0.6646746014001015,
      "sobolewski2021_kinetic_see_mean_yield": null,
      "rate_fraction_energy_ge_10_eV": 0.28800157066566884,
      "rate_fraction_energy_ge_25_eV": 0.01484155047794335,
      "rate_fraction_energy_ge_50_eV": 4.2941946783466223e-05,
      "rate_fraction_energy_ge_100_eV": 2.303683509796577e-10
    },
    {
      "species": "electron",
      "region": "upper_wall",
      "incident_rate_s": 87326062.80257824,
      "mean_energy_eV": 14.370071953450026,
      "energy_p10_eV": 3.1724952232337675,
      "energy_p50_eV": 9.688336714713339,
      "energy_p90_eV": 37.886297769771076,
      "energy_p99_eV": 51.9277680958269,
      "mean_cosine_incidence": 0.5294884949244409,
      "sobolewski2021_kinetic_see_mean_yield": null,
      "rate_fraction_energy_ge_10_eV": 0.46960572720782384,
      "rate_fraction_energy_ge_25_eV": 0.15201945646681153,
      "rate_fraction_energy_ge_50_eV": 0.033089056611128737,
      "rate_fraction_energy_ge_100_eV": 3.7402256746759124e-08
    },
    {
      "species": "electron",
      "region": "lower_wall",
      "incident_rate_s": 182352892.6901136,
      "mean_energy_eV": 49.80573964585517,
      "energy_p10_eV": 42.091520620326605,
      "energy_p50_eV": 49.000796878801886,
      "energy_p90_eV": 57.47204158702844,
      "energy_p99_eV": 68.42920138596577,
      "mean_cosine_incidence": 0.6464531347821221,
      "sobolewski2021_kinetic_see_mean_yield": null,
      "rate_fraction_energy_ge_10_eV": 1.0,
      "rate_fraction_energy_ge_25_eV": 1.0,
      "rate_fraction_energy_ge_50_eV": 0.47762540369285983,
      "rate_fraction_energy_ge_100_eV": 2.824328816281452e-06
    },
    {
      "species": "electron",
      "region": "floor",
      "incident_rate_s": 317615220.95258886,
      "mean_energy_eV": 41.09229327921587,
      "energy_p10_eV": 32.980335040097216,
      "energy_p50_eV": 40.736188372223594,
      "energy_p90_eV": 49.000796878801886,
      "energy_p99_eV": 62.56041347097782,
      "mean_cosine_incidence": 0.9020236533938704,
      "sobolewski2021_kinetic_see_mean_yield": null,
      "rate_fraction_energy_ge_10_eV": 1.0,
      "rate_fraction_energy_ge_25_eV": 1.0,
      "rate_fraction_energy_ge_50_eV": 0.05438655159695601,
      "rate_fraction_energy_ge_100_eV": 1.1989761530663043e-06
    },
    {
      "species": "electron",
      "region": "all",
      "incident_rate_s": 1104062654.8222508,
      "mean_energy_eV": 24.933747696071155,
      "energy_p10_eV": 3.246596687226479,
      "energy_p50_eV": 17.838048066624687,
      "energy_p90_eV": 49.727315089811526,
      "energy_p99_eV": 64.5365571358179,
      "mean_cosine_incidence": 0.7192527213625189,
      "sobolewski2021_kinetic_see_mean_yield": null,
      "rate_fraction_energy_ge_10_eV": 0.6247897828076019,
      "rate_fraction_energy_ge_25_eV": 0.47181472666190627,
      "rate_fraction_energy_ge_50_eV": 0.09717029934815075,
      "rate_fraction_energy_ge_100_eV": 8.1446722278511e-07
    },
    {
      "species": "Ar+",
      "region": "top",
      "incident_rate_s": 551342773.4375,
      "mean_energy_eV": 108.81441714458215,
      "energy_p10_eV": 107.06331634521484,
      "energy_p50_eV": 108.84965515136719,
      "energy_p90_eV": 110.56136322021484,
      "energy_p99_eV": 111.50817108154297,
      "mean_cosine_incidence": 0.9997509866009324,
      "sobolewski2021_kinetic_see_mean_yield": 0.06545747844686257,
      "rate_fraction_energy_ge_10_eV": 1.0,
      "rate_fraction_energy_ge_25_eV": 1.0,
      "rate_fraction_energy_ge_50_eV": 1.0,
      "rate_fraction_energy_ge_100_eV": 1.0
    },
    {
      "species": "Ar+",
      "region": "upper_wall",
      "incident_rate_s": 67818069.07922961,
      "mean_energy_eV": 92.72989122373475,
      "energy_p10_eV": 75.63188171386719,
      "energy_p50_eV": 91.73588562011719,
      "energy_p90_eV": 112.12127685546875,
      "energy_p99_eV": 113.39081573486328,
      "mean_cosine_incidence": 0.0644642130911022,
      "sobolewski2021_kinetic_see_mean_yield": 0.0517714730339225,
      "rate_fraction_energy_ge_10_eV": 1.0,
      "rate_fraction_energy_ge_25_eV": 1.0,
      "rate_fraction_energy_ge_50_eV": 1.0,
      "rate_fraction_energy_ge_100_eV": 0.32201406780544556
    },
    {
      "species": "Ar+",
      "region": "lower_wall",
      "incident_rate_s": 183553556.5875488,
      "mean_energy_eV": 67.47636550462673,
      "energy_p10_eV": 64.04761505126953,
      "energy_p50_eV": 67.2555923461914,
      "energy_p90_eV": 71.21788024902344,
      "energy_p99_eV": 74.14114379882812,
      "mean_cosine_incidence": 0.6007121692946488,
      "sobolewski2021_kinetic_see_mean_yield": 0.03124419880580575,
      "rate_fraction_energy_ge_10_eV": 1.0,
      "rate_fraction_energy_ge_25_eV": 1.0,
      "rate_fraction_energy_ge_50_eV": 1.0,
      "rate_fraction_energy_ge_100_eV": 0.0
    },
    {
      "species": "Ar+",
      "region": "floor",
      "incident_rate_s": 300378417.96875,
      "mean_energy_eV": 73.677141633799,
      "energy_p10_eV": 68.99797821044922,
      "energy_p50_eV": 74.09217071533203,
      "energy_p90_eV": 77.6500244140625,
      "energy_p99_eV": 79.42472076416016,
      "mean_cosine_incidence": 0.8745425603034831,
      "sobolewski2021_kinetic_see_mean_yield": 0.03599187580980565,
      "rate_fraction_energy_ge_10_eV": 1.0,
      "rate_fraction_energy_ge_25_eV": 1.0,
      "rate_fraction_energy_ge_50_eV": 1.0,
      "rate_fraction_energy_ge_100_eV": 0.0
    },
    {
      "species": "Ar+",
      "region": "all",
      "incident_rate_s": 1103092817.0730283,
      "mean_energy_eV": 91.37885159388371,
      "energy_p10_eV": 67.54000091552734,
      "energy_p50_eV": 106.24565887451172,
      "energy_p90_eV": 110.12784576416016,
      "energy_p99_eV": 111.7054443359375,
      "mean_cosine_incidence": 0.8417549925576828,
      "sobolewski2021_kinetic_see_mean_yield": 0.05089935742819796,
      "rate_fraction_energy_ge_10_eV": 1.0,
      "rate_fraction_energy_ge_25_eV": 1.0,
      "rate_fraction_energy_ge_50_eV": 1.0,
      "rate_fraction_energy_ge_100_eV": 0.5196127985433767
    }
  ],
  "limitations": [
    "energy-threshold fractions are not emission or reflection yields",
    "the reported Ar+ kinetic-SEE yield is a diagnostic fit, not an applied response",
    "material state, roughness, fluorocarbon coverage, and surface conditioning are unresolved",
    "the replay uses the archived frozen ion estimator map and unchanged absorbing current law"
  ]
}
