process_label,kind,target,product,energy_loss_eV,electron_number_change,energy_eV,cross_section_m2,source_energy_column_zero_based,source_cross_section_column_zero_based,evidence_class
MOM,MOMENTUM,CHF3,CHF3,,0,0.01,2.135e-17,0,1,swarm_regressed_working_set
MOM,MOMENTUM,CHF3,CHF3,,0,0.01069,2.009e-17,0,1,swarm_regressed_working_set
MOM,MOMENTUM,CHF3,CHF3,,0,0.01142,1.877e-17,0,1,swarm_regressed_working_set
MOM,MOMENTUM,CHF3,CHF3,,0,0.01221,1.738e-17,0,1,swarm_regressed_working_set
MOM,MOMENTUM,CHF3,CHF3,,0,0.01305,1.629e-17,0,1,swarm_regressed_working_set
MOM,MOMENTUM,CHF3,CHF3,,0,0.01394,1.521e-17,0,1,swarm_regressed_working_set
MOM,MOMENTUM,CHF3,CHF3,,0,0.0149,1.403e-17,0,1,swarm_regressed_working_set
MOM,MOMENTUM,CHF3,CHF3,,0,0.01592,1.306e-17,0,1,swarm_regressed_working_set
MOM,MOMENTUM,CHF3,CHF3,,0,0.01702,1.216e-17,0,1,swarm_regressed_working_set
MOM,MOMENTUM,CHF3,CHF3,,0,0.01819,1.117e-17,0,1,swarm_regressed_working_set
MOM,MOMENTUM,CHF3,CHF3,,0,0.01944,1.024e-17,0,1,swarm_regressed_working_set
MOM,MOMENTUM,CHF3,CHF3,,0,0.02077,9.377e-18,0,1,swarm_regressed_working_set
MOM,MOMENTUM,CHF3,CHF3,,0,0.0222,8.56e-18,0,1,swarm_regressed_working_set
MOM,MOMENTUM,CHF3,CHF3,,0,0.02373,7.797e-18,0,1,swarm_regressed_working_set
MOM,MOMENTUM,CHF3,CHF3,,0,0.02536,7.084e-18,0,1,swarm_regressed_working_set
MOM,MOMENTUM,CHF3,CHF3,,0,0.0271,6.418e-18,0,1,swarm_regressed_working_set
MOM,MOMENTUM,CHF3,CHF3,,0,0.02896,5.796e-18,0,1,swarm_regressed_working_set
MOM,MOMENTUM,CHF3,CHF3,,0,0.03095,5.216e-18,0,1,swarm_regressed_working_set
MOM,MOMENTUM,CHF3,CHF3,,0,0.03308,4.679e-18,0,1,swarm_regressed_working_set
MOM,MOMENTUM,CHF3,CHF3,,0,0.03536,4.179e-18,0,1,swarm_regressed_working_set
MOM,MOMENTUM,CHF3,CHF3,,0,0.03779,3.709e-18,0,1,swarm_regressed_working_set
MOM,MOMENTUM,CHF3,CHF3,,0,0.04038,3.273e-18,0,1,swarm_regressed_working_set
MOM,MOMENTUM,CHF3,CHF3,,0,0.04316,2.865e-18,0,1,swarm_regressed_working_set
MOM,MOMENTUM,CHF3,CHF3,,0,0.04612,2.452e-18,0,1,swarm_regressed_working_set
MOM,MOMENTUM,CHF3,CHF3,,0,0.04929,2.094e-18,0,1,swarm_regressed_working_set
MOM,MOMENTUM,CHF3,CHF3,,0,0.05268,1.952e-18,0,1,swarm_regressed_working_set
MOM,MOMENTUM,CHF3,CHF3,,0,0.0563,1.861e-18,0,1,swarm_regressed_working_set
MOM,MOMENTUM,CHF3,CHF3,,0,0.06017,1.775e-18,0,1,swarm_regressed_working_set
MOM,MOMENTUM,CHF3,CHF3,,0,0.06431,1.692e-18,0,1,swarm_regressed_working_set
MOM,MOMENTUM,CHF3,CHF3,,0,0.06872,1.595e-18,0,1,swarm_regressed_working_set
MOM,MOMENTUM,CHF3,CHF3,,0,0.07345,1.504e-18,0,1,swarm_regressed_working_set
MOM,MOMENTUM,CHF3,CHF3,,0,0.0785,1.434e-18,0,1,swarm_regressed_working_set
MOM,MOMENTUM,CHF3,CHF3,,0,0.08389,1.354e-18,0,1,swarm_regressed_working_set
MOM,MOMENTUM,CHF3,CHF3,,0,0.08966,1.276e-18,0,1,swarm_regressed_working_set
MOM,MOMENTUM,CHF3,CHF3,,0,0.09582,1.216e-18,0,1,swarm_regressed_working_set
MOM,MOMENTUM,CHF3,CHF3,,0,0.1024,1.151e-18,0,1,swarm_regressed_working_set
MOM,MOMENTUM,CHF3,CHF3,,0,0.1094,1.081e-18,0,1,swarm_regressed_working_set
MOM,MOMENTUM,CHF3,CHF3,,0,0.117,1.031e-18,0,1,swarm_regressed_working_set
MOM,MOMENTUM,CHF3,CHF3,,0,0.125,9.771e-19,0,1,swarm_regressed_working_set
MOM,MOMENTUM,CHF3,CHF3,,0,0.1336,9.181e-19,0,1,swarm_regressed_working_set
MOM,MOMENTUM,CHF3,CHF3,,0,0.1428,8.734e-19,0,1,swarm_regressed_working_set
MOM,MOMENTUM,CHF3,CHF3,,0,0.1526,8.296e-19,0,1,swarm_regressed_working_set
MOM,MOMENTUM,CHF3,CHF3,,0,0.1631,7.795e-19,0,1,swarm_regressed_working_set
MOM,MOMENTUM,CHF3,CHF3,,0,0.1743,7.401e-19,0,1,swarm_regressed_working_set
MOM,MOMENTUM,CHF3,CHF3,,0,0.1863,7.044e-19,0,1,swarm_regressed_working_set
MOM,MOMENTUM,CHF3,CHF3,,0,0.1991,6.618e-19,0,1,swarm_regressed_working_set
MOM,MOMENTUM,CHF3,CHF3,,0,0.2127,6.218e-19,0,1,swarm_regressed_working_set
MOM,MOMENTUM,CHF3,CHF3,,0,0.2274,5.843e-19,0,1,swarm_regressed_working_set
MOM,MOMENTUM,CHF3,CHF3,,0,0.243,5.49e-19,0,1,swarm_regressed_working_set
MOM,MOMENTUM,CHF3,CHF3,,0,0.2597,5.158e-19,0,1,swarm_regressed_working_set
MOM,MOMENTUM,CHF3,CHF3,,0,0.2775,4.847e-19,0,1,swarm_regressed_working_set
MOM,MOMENTUM,CHF3,CHF3,,0,0.2966,4.554e-19,0,1,swarm_regressed_working_set
MOM,MOMENTUM,CHF3,CHF3,,0,0.317,4.279e-19,0,1,swarm_regressed_working_set
MOM,MOMENTUM,CHF3,CHF3,,0,0.3388,4.02e-19,0,1,swarm_regressed_working_set
MOM,MOMENTUM,CHF3,CHF3,,0,0.362,3.818e-19,0,1,swarm_regressed_working_set
MOM,MOMENTUM,CHF3,CHF3,,0,0.3869,3.64e-19,0,1,swarm_regressed_working_set
MOM,MOMENTUM,CHF3,CHF3,,0,0.4135,3.495e-19,0,1,swarm_regressed_working_set
MOM,MOMENTUM,CHF3,CHF3,,0,0.4419,3.386e-19,0,1,swarm_regressed_working_set
MOM,MOMENTUM,CHF3,CHF3,,0,0.4723,3.3e-19,0,1,swarm_regressed_working_set
MOM,MOMENTUM,CHF3,CHF3,,0,0.5048,3.216e-19,0,1,swarm_regressed_working_set
MOM,MOMENTUM,CHF3,CHF3,,0,0.5395,3.133e-19,0,1,swarm_regressed_working_set
MOM,MOMENTUM,CHF3,CHF3,,0,0.5765,3.053e-19,0,1,swarm_regressed_working_set
MOM,MOMENTUM,CHF3,CHF3,,0,0.6162,3.015e-19,0,1,swarm_regressed_working_set
MOM,MOMENTUM,CHF3,CHF3,,0,0.6585,2.996e-19,0,1,swarm_regressed_working_set
MOM,MOMENTUM,CHF3,CHF3,,0,0.7038,3.007e-19,0,1,swarm_regressed_working_set
MOM,MOMENTUM,CHF3,CHF3,,0,0.7521,3.017e-19,0,1,swarm_regressed_working_set
MOM,MOMENTUM,CHF3,CHF3,,0,0.8038,3.028e-19,0,1,swarm_regressed_working_set
MOM,MOMENTUM,CHF3,CHF3,,0,0.8591,3.038e-19,0,1,swarm_regressed_working_set
MOM,MOMENTUM,CHF3,CHF3,,0,0.9181,2.965e-19,0,1,swarm_regressed_working_set
MOM,MOMENTUM,CHF3,CHF3,,0,0.9812,2.847e-19,0,1,swarm_regressed_working_set
MOM,MOMENTUM,CHF3,CHF3,,0,1.049,2.733e-19,0,1,swarm_regressed_working_set
MOM,MOMENTUM,CHF3,CHF3,,0,1.121,2.624e-19,0,1,swarm_regressed_working_set
MOM,MOMENTUM,CHF3,CHF3,,0,1.198,2.52e-19,0,1,swarm_regressed_working_set
MOM,MOMENTUM,CHF3,CHF3,,0,1.28,2.386e-19,0,1,swarm_regressed_working_set
MOM,MOMENTUM,CHF3,CHF3,,0,1.368,2.258e-19,0,1,swarm_regressed_working_set
MOM,MOMENTUM,CHF3,CHF3,,0,1.462,2.136e-19,0,1,swarm_regressed_working_set
MOM,MOMENTUM,CHF3,CHF3,,0,1.562,2.093e-19,0,1,swarm_regressed_working_set
MOM,MOMENTUM,CHF3,CHF3,,0,1.67,2.063e-19,0,1,swarm_regressed_working_set
MOM,MOMENTUM,CHF3,CHF3,,0,1.785,2.01e-19,0,1,swarm_regressed_working_set
MOM,MOMENTUM,CHF3,CHF3,,0,1.907,1.977e-19,0,1,swarm_regressed_working_set
MOM,MOMENTUM,CHF3,CHF3,,0,2.038,1.958e-19,0,1,swarm_regressed_working_set
MOM,MOMENTUM,CHF3,CHF3,,0,2.178,1.964e-19,0,1,swarm_regressed_working_set
MOM,MOMENTUM,CHF3,CHF3,,0,2.328,1.971e-19,0,1,swarm_regressed_working_set
MOM,MOMENTUM,CHF3,CHF3,,0,2.488,1.977e-19,0,1,swarm_regressed_working_set
MOM,MOMENTUM,CHF3,CHF3,,0,2.659,1.956e-19,0,1,swarm_regressed_working_set
MOM,MOMENTUM,CHF3,CHF3,,0,2.842,1.945e-19,0,1,swarm_regressed_working_set
MOM,MOMENTUM,CHF3,CHF3,,0,3.037,1.95e-19,0,1,swarm_regressed_working_set
MOM,MOMENTUM,CHF3,CHF3,,0,3.246,1.95e-19,0,1,swarm_regressed_working_set
MOM,MOMENTUM,CHF3,CHF3,,0,3.469,1.95e-19,0,1,swarm_regressed_working_set
MOM,MOMENTUM,CHF3,CHF3,,0,3.707,1.95e-19,0,1,swarm_regressed_working_set
MOM,MOMENTUM,CHF3,CHF3,,0,3.962,1.93e-19,0,1,swarm_regressed_working_set
MOM,MOMENTUM,CHF3,CHF3,,0,4.235,1.905e-19,0,1,swarm_regressed_working_set
MOM,MOMENTUM,CHF3,CHF3,,0,4.526,1.905e-19,0,1,swarm_regressed_working_set
MOM,MOMENTUM,CHF3,CHF3,,0,4.837,1.905e-19,0,1,swarm_regressed_working_set
MOM,MOMENTUM,CHF3,CHF3,,0,5.169,1.905e-19,0,1,swarm_regressed_working_set
MOM,MOMENTUM,CHF3,CHF3,,0,5.524,1.878e-19,0,1,swarm_regressed_working_set
MOM,MOMENTUM,CHF3,CHF3,,0,5.904,1.839e-19,0,1,swarm_regressed_working_set
MOM,MOMENTUM,CHF3,CHF3,,0,6.31,1.785e-19,0,1,swarm_regressed_working_set
MOM,MOMENTUM,CHF3,CHF3,,0,6.743,1.712e-19,0,1,swarm_regressed_working_set
MOM,MOMENTUM,CHF3,CHF3,,0,7.207,1.631e-19,0,1,swarm_regressed_working_set
MOM,MOMENTUM,CHF3,CHF3,,0,7.702,1.538e-19,0,1,swarm_regressed_working_set
MOM,MOMENTUM,CHF3,CHF3,,0,8.231,1.45e-19,0,1,swarm_regressed_working_set
MOM,MOMENTUM,CHF3,CHF3,,0,8.797,1.367e-19,0,1,swarm_regressed_working_set
MOM,MOMENTUM,CHF3,CHF3,,0,9.401,1.289e-19,0,1,swarm_regressed_working_set
MOM,MOMENTUM,CHF3,CHF3,,0,10.05,1.226e-19,0,1,swarm_regressed_working_set
MOM,MOMENTUM,CHF3,CHF3,,0,10.74,1.173e-19,0,1,swarm_regressed_working_set
MOM,MOMENTUM,CHF3,CHF3,,0,11.48,1.122e-19,0,1,swarm_regressed_working_set
MOM,MOMENTUM,CHF3,CHF3,,0,12.26,1.081e-19,0,1,swarm_regressed_working_set
MOM,MOMENTUM,CHF3,CHF3,,0,13.11,1.05e-19,0,1,swarm_regressed_working_set
MOM,MOMENTUM,CHF3,CHF3,,0,14.01,1.006e-19,0,1,swarm_regressed_working_set
MOM,MOMENTUM,CHF3,CHF3,,0,14.97,9.726e-20,0,1,swarm_regressed_working_set
MOM,MOMENTUM,CHF3,CHF3,,0,16,9.584e-20,0,1,swarm_regressed_working_set
MOM,MOMENTUM,CHF3,CHF3,,0,17.1,9.443e-20,0,1,swarm_regressed_working_set
MOM,MOMENTUM,CHF3,CHF3,,0,18.27,9.277e-20,0,1,swarm_regressed_working_set
MOM,MOMENTUM,CHF3,CHF3,,0,19.53,9.007e-20,0,1,swarm_regressed_working_set
MOM,MOMENTUM,CHF3,CHF3,,0,20.87,8.83e-20,0,1,swarm_regressed_working_set
MOM,MOMENTUM,CHF3,CHF3,,0,22.31,8.697e-20,0,1,swarm_regressed_working_set
MOM,MOMENTUM,CHF3,CHF3,,0,23.84,8.444e-20,0,1,swarm_regressed_working_set
MOM,MOMENTUM,CHF3,CHF3,,0,25.48,8.257e-20,0,1,swarm_regressed_working_set
MOM,MOMENTUM,CHF3,CHF3,,0,27.23,8.136e-20,0,1,swarm_regressed_working_set
MOM,MOMENTUM,CHF3,CHF3,,0,29.1,7.907e-20,0,1,swarm_regressed_working_set
MOM,MOMENTUM,CHF3,CHF3,,0,31.1,7.593e-20,0,1,swarm_regressed_working_set
MOM,MOMENTUM,CHF3,CHF3,,0,33.24,7.157e-20,0,1,swarm_regressed_working_set
MOM,MOMENTUM,CHF3,CHF3,,0,35.52,6.675e-20,0,1,swarm_regressed_working_set
MOM,MOMENTUM,CHF3,CHF3,,0,37.96,6.228e-20,0,1,swarm_regressed_working_set
MOM,MOMENTUM,CHF3,CHF3,,0,40.57,5.87e-20,0,1,swarm_regressed_working_set
MOM,MOMENTUM,CHF3,CHF3,,0,43.36,5.48e-20,0,1,swarm_regressed_working_set
MOM,MOMENTUM,CHF3,CHF3,,0,46.34,5.097e-20,0,1,swarm_regressed_working_set
MOM,MOMENTUM,CHF3,CHF3,,0,49.53,4.805e-20,0,1,swarm_regressed_working_set
MOM,MOMENTUM,CHF3,CHF3,,0,52.93,4.497e-20,0,1,swarm_regressed_working_set
MOM,MOMENTUM,CHF3,CHF3,,0,56.57,4.184e-20,0,1,swarm_regressed_working_set
MOM,MOMENTUM,CHF3,CHF3,,0,60.46,3.941e-20,0,1,swarm_regressed_working_set
MOM,MOMENTUM,CHF3,CHF3,,0,64.61,3.693e-20,0,1,swarm_regressed_working_set
MOM,MOMENTUM,CHF3,CHF3,,0,69.05,3.431e-20,0,1,swarm_regressed_working_set
MOM,MOMENTUM,CHF3,CHF3,,0,73.8,3.226e-20,0,1,swarm_regressed_working_set
MOM,MOMENTUM,CHF3,CHF3,,0,78.87,3.028e-20,0,1,swarm_regressed_working_set
MOM,MOMENTUM,CHF3,CHF3,,0,84.29,2.813e-20,0,1,swarm_regressed_working_set
MOM,MOMENTUM,CHF3,CHF3,,0,90.08,2.643e-20,0,1,swarm_regressed_working_set
MOM,MOMENTUM,CHF3,CHF3,,0,96.27,2.489e-20,0,1,swarm_regressed_working_set
MOM,MOMENTUM,CHF3,CHF3,,0,102.9,2.312e-20,0,1,swarm_regressed_working_set
MOM,MOMENTUM,CHF3,CHF3,,0,110,2.166e-20,0,1,swarm_regressed_working_set
MOM,MOMENTUM,CHF3,CHF3,,0,117.5,2.041e-20,0,1,swarm_regressed_working_set
MOM,MOMENTUM,CHF3,CHF3,,0,125.6,1.896e-20,0,1,swarm_regressed_working_set
MOM,MOMENTUM,CHF3,CHF3,,0,134.2,1.774e-20,0,1,swarm_regressed_working_set
MOM,MOMENTUM,CHF3,CHF3,,0,143.4,1.674e-20,0,1,swarm_regressed_working_set
MOM,MOMENTUM,CHF3,CHF3,,0,153.3,1.558e-20,0,1,swarm_regressed_working_set
MOM,MOMENTUM,CHF3,CHF3,,0,163.8,1.454e-20,0,1,swarm_regressed_working_set
MOM,MOMENTUM,CHF3,CHF3,,0,175.1,1.37e-20,0,1,swarm_regressed_working_set
MOM,MOMENTUM,CHF3,CHF3,,0,187.1,1.278e-20,0,1,swarm_regressed_working_set
MOM,MOMENTUM,CHF3,CHF3,,0,200,1.19e-20,0,1,swarm_regressed_working_set
VIB14,EXCITATION,CHF3,"CHF3(v1,v4)",0.37,0,0,0,3,4,swarm_regressed_working_set
VIB14,EXCITATION,CHF3,"CHF3(v1,v4)",0.37,0,0.101,0,3,4,swarm_regressed_working_set
VIB14,EXCITATION,CHF3,"CHF3(v1,v4)",0.37,0,0.202,0,3,4,swarm_regressed_working_set
VIB14,EXCITATION,CHF3,"CHF3(v1,v4)",0.37,0,0.303,0,3,4,swarm_regressed_working_set
VIB14,EXCITATION,CHF3,"CHF3(v1,v4)",0.37,0,0.404,1.833e-21,3,4,swarm_regressed_working_set
VIB14,EXCITATION,CHF3,"CHF3(v1,v4)",0.37,0,0.5051,6.792e-21,3,4,swarm_regressed_working_set
VIB14,EXCITATION,CHF3,"CHF3(v1,v4)",0.37,0,0.6061,1.109e-20,3,4,swarm_regressed_working_set
VIB14,EXCITATION,CHF3,"CHF3(v1,v4)",0.37,0,0.7071,1.479e-20,3,4,swarm_regressed_working_set
VIB14,EXCITATION,CHF3,"CHF3(v1,v4)",0.37,0,0.8081,1.795e-20,3,4,swarm_regressed_working_set
VIB14,EXCITATION,CHF3,"CHF3(v1,v4)",0.37,0,0.9091,2.064e-20,3,4,swarm_regressed_working_set
VIB14,EXCITATION,CHF3,"CHF3(v1,v4)",0.37,0,1.01,2.289e-20,3,4,swarm_regressed_working_set
VIB14,EXCITATION,CHF3,"CHF3(v1,v4)",0.37,0,1.111,2.475e-20,3,4,swarm_regressed_working_set
VIB14,EXCITATION,CHF3,"CHF3(v1,v4)",0.37,0,1.212,2.627e-20,3,4,swarm_regressed_working_set
VIB14,EXCITATION,CHF3,"CHF3(v1,v4)",0.37,0,1.313,2.748e-20,3,4,swarm_regressed_working_set
VIB14,EXCITATION,CHF3,"CHF3(v1,v4)",0.37,0,1.414,2.841e-20,3,4,swarm_regressed_working_set
VIB14,EXCITATION,CHF3,"CHF3(v1,v4)",0.37,0,1.515,2.911e-20,3,4,swarm_regressed_working_set
VIB14,EXCITATION,CHF3,"CHF3(v1,v4)",0.37,0,1.616,2.958e-20,3,4,swarm_regressed_working_set
VIB14,EXCITATION,CHF3,"CHF3(v1,v4)",0.37,0,1.717,2.987e-20,3,4,swarm_regressed_working_set
VIB14,EXCITATION,CHF3,"CHF3(v1,v4)",0.37,0,1.818,2.999e-20,3,4,swarm_regressed_working_set
VIB14,EXCITATION,CHF3,"CHF3(v1,v4)",0.37,0,1.919,2.997e-20,3,4,swarm_regressed_working_set
VIB14,EXCITATION,CHF3,"CHF3(v1,v4)",0.37,0,2.02,2.982e-20,3,4,swarm_regressed_working_set
VIB14,EXCITATION,CHF3,"CHF3(v1,v4)",0.37,0,2.121,2.955e-20,3,4,swarm_regressed_working_set
VIB14,EXCITATION,CHF3,"CHF3(v1,v4)",0.37,0,2.222,2.92e-20,3,4,swarm_regressed_working_set
VIB14,EXCITATION,CHF3,"CHF3(v1,v4)",0.37,0,2.323,2.876e-20,3,4,swarm_regressed_working_set
VIB14,EXCITATION,CHF3,"CHF3(v1,v4)",0.37,0,2.424,2.825e-20,3,4,swarm_regressed_working_set
VIB14,EXCITATION,CHF3,"CHF3(v1,v4)",0.37,0,2.525,2.768e-20,3,4,swarm_regressed_working_set
VIB14,EXCITATION,CHF3,"CHF3(v1,v4)",0.37,0,2.626,2.707e-20,3,4,swarm_regressed_working_set
VIB14,EXCITATION,CHF3,"CHF3(v1,v4)",0.37,0,2.727,2.641e-20,3,4,swarm_regressed_working_set
VIB14,EXCITATION,CHF3,"CHF3(v1,v4)",0.37,0,2.828,2.573e-20,3,4,swarm_regressed_working_set
VIB14,EXCITATION,CHF3,"CHF3(v1,v4)",0.37,0,2.929,2.502e-20,3,4,swarm_regressed_working_set
VIB14,EXCITATION,CHF3,"CHF3(v1,v4)",0.37,0,3.03,2.429e-20,3,4,swarm_regressed_working_set
VIB14,EXCITATION,CHF3,"CHF3(v1,v4)",0.37,0,3.131,2.355e-20,3,4,swarm_regressed_working_set
VIB14,EXCITATION,CHF3,"CHF3(v1,v4)",0.37,0,3.232,2.28e-20,3,4,swarm_regressed_working_set
VIB14,EXCITATION,CHF3,"CHF3(v1,v4)",0.37,0,3.333,2.205e-20,3,4,swarm_regressed_working_set
VIB14,EXCITATION,CHF3,"CHF3(v1,v4)",0.37,0,3.434,2.13e-20,3,4,swarm_regressed_working_set
VIB14,EXCITATION,CHF3,"CHF3(v1,v4)",0.37,0,3.535,2.055e-20,3,4,swarm_regressed_working_set
VIB14,EXCITATION,CHF3,"CHF3(v1,v4)",0.37,0,3.636,1.98e-20,3,4,swarm_regressed_working_set
VIB14,EXCITATION,CHF3,"CHF3(v1,v4)",0.37,0,3.737,1.907e-20,3,4,swarm_regressed_working_set
VIB14,EXCITATION,CHF3,"CHF3(v1,v4)",0.37,0,3.838,1.834e-20,3,4,swarm_regressed_working_set
VIB14,EXCITATION,CHF3,"CHF3(v1,v4)",0.37,0,3.939,1.763e-20,3,4,swarm_regressed_working_set
VIB14,EXCITATION,CHF3,"CHF3(v1,v4)",0.37,0,4.04,1.694e-20,3,4,swarm_regressed_working_set
VIB14,EXCITATION,CHF3,"CHF3(v1,v4)",0.37,0,4.141,1.625e-20,3,4,swarm_regressed_working_set
VIB14,EXCITATION,CHF3,"CHF3(v1,v4)",0.37,0,4.242,1.559e-20,3,4,swarm_regressed_working_set
VIB14,EXCITATION,CHF3,"CHF3(v1,v4)",0.37,0,4.343,1.494e-20,3,4,swarm_regressed_working_set
VIB14,EXCITATION,CHF3,"CHF3(v1,v4)",0.37,0,4.444,1.431e-20,3,4,swarm_regressed_working_set
VIB14,EXCITATION,CHF3,"CHF3(v1,v4)",0.37,0,4.545,1.37e-20,3,4,swarm_regressed_working_set
VIB14,EXCITATION,CHF3,"CHF3(v1,v4)",0.37,0,4.646,1.31e-20,3,4,swarm_regressed_working_set
VIB14,EXCITATION,CHF3,"CHF3(v1,v4)",0.37,0,4.747,1.253e-20,3,4,swarm_regressed_working_set
VIB14,EXCITATION,CHF3,"CHF3(v1,v4)",0.37,0,4.848,1.197e-20,3,4,swarm_regressed_working_set
VIB14,EXCITATION,CHF3,"CHF3(v1,v4)",0.37,0,4.949,1.143e-20,3,4,swarm_regressed_working_set
VIB14,EXCITATION,CHF3,"CHF3(v1,v4)",0.37,0,5.051,1.091e-20,3,4,swarm_regressed_working_set
VIB14,EXCITATION,CHF3,"CHF3(v1,v4)",0.37,0,5.152,1.041e-20,3,4,swarm_regressed_working_set
VIB14,EXCITATION,CHF3,"CHF3(v1,v4)",0.37,0,5.253,9.933e-21,3,4,swarm_regressed_working_set
VIB14,EXCITATION,CHF3,"CHF3(v1,v4)",0.37,0,5.354,9.469e-21,3,4,swarm_regressed_working_set
VIB14,EXCITATION,CHF3,"CHF3(v1,v4)",0.37,0,5.455,9.024e-21,3,4,swarm_regressed_working_set
VIB14,EXCITATION,CHF3,"CHF3(v1,v4)",0.37,0,5.556,8.596e-21,3,4,swarm_regressed_working_set
VIB14,EXCITATION,CHF3,"CHF3(v1,v4)",0.37,0,5.657,8.185e-21,3,4,swarm_regressed_working_set
VIB14,EXCITATION,CHF3,"CHF3(v1,v4)",0.37,0,5.758,7.791e-21,3,4,swarm_regressed_working_set
VIB14,EXCITATION,CHF3,"CHF3(v1,v4)",0.37,0,5.859,7.414e-21,3,4,swarm_regressed_working_set
VIB14,EXCITATION,CHF3,"CHF3(v1,v4)",0.37,0,5.96,7.052e-21,3,4,swarm_regressed_working_set
VIB14,EXCITATION,CHF3,"CHF3(v1,v4)",0.37,0,6.061,6.706e-21,3,4,swarm_regressed_working_set
VIB14,EXCITATION,CHF3,"CHF3(v1,v4)",0.37,0,6.162,6.375e-21,3,4,swarm_regressed_working_set
VIB14,EXCITATION,CHF3,"CHF3(v1,v4)",0.37,0,6.263,6.058e-21,3,4,swarm_regressed_working_set
VIB14,EXCITATION,CHF3,"CHF3(v1,v4)",0.37,0,6.364,5.755e-21,3,4,swarm_regressed_working_set
VIB14,EXCITATION,CHF3,"CHF3(v1,v4)",0.37,0,6.465,5.466e-21,3,4,swarm_regressed_working_set
VIB14,EXCITATION,CHF3,"CHF3(v1,v4)",0.37,0,6.566,5.19e-21,3,4,swarm_regressed_working_set
VIB14,EXCITATION,CHF3,"CHF3(v1,v4)",0.37,0,6.667,4.927e-21,3,4,swarm_regressed_working_set
VIB14,EXCITATION,CHF3,"CHF3(v1,v4)",0.37,0,6.768,4.675e-21,3,4,swarm_regressed_working_set
VIB14,EXCITATION,CHF3,"CHF3(v1,v4)",0.37,0,6.869,4.436e-21,3,4,swarm_regressed_working_set
VIB14,EXCITATION,CHF3,"CHF3(v1,v4)",0.37,0,6.97,4.208e-21,3,4,swarm_regressed_working_set
VIB14,EXCITATION,CHF3,"CHF3(v1,v4)",0.37,0,7.071,3.99e-21,3,4,swarm_regressed_working_set
VIB14,EXCITATION,CHF3,"CHF3(v1,v4)",0.37,0,7.172,3.783e-21,3,4,swarm_regressed_working_set
VIB14,EXCITATION,CHF3,"CHF3(v1,v4)",0.37,0,7.273,3.586e-21,3,4,swarm_regressed_working_set
VIB14,EXCITATION,CHF3,"CHF3(v1,v4)",0.37,0,7.374,3.399e-21,3,4,swarm_regressed_working_set
VIB14,EXCITATION,CHF3,"CHF3(v1,v4)",0.37,0,7.475,3.22e-21,3,4,swarm_regressed_working_set
VIB14,EXCITATION,CHF3,"CHF3(v1,v4)",0.37,0,7.576,3.05e-21,3,4,swarm_regressed_working_set
VIB14,EXCITATION,CHF3,"CHF3(v1,v4)",0.37,0,7.677,2.889e-21,3,4,swarm_regressed_working_set
VIB14,EXCITATION,CHF3,"CHF3(v1,v4)",0.37,0,7.778,2.736e-21,3,4,swarm_regressed_working_set
VIB14,EXCITATION,CHF3,"CHF3(v1,v4)",0.37,0,7.879,2.59e-21,3,4,swarm_regressed_working_set
VIB14,EXCITATION,CHF3,"CHF3(v1,v4)",0.37,0,7.98,2.452e-21,3,4,swarm_regressed_working_set
VIB14,EXCITATION,CHF3,"CHF3(v1,v4)",0.37,0,8.081,2.32e-21,3,4,swarm_regressed_working_set
VIB14,EXCITATION,CHF3,"CHF3(v1,v4)",0.37,0,8.182,2.196e-21,3,4,swarm_regressed_working_set
VIB14,EXCITATION,CHF3,"CHF3(v1,v4)",0.37,0,8.283,2.077e-21,3,4,swarm_regressed_working_set
VIB14,EXCITATION,CHF3,"CHF3(v1,v4)",0.37,0,8.384,1.965e-21,3,4,swarm_regressed_working_set
VIB14,EXCITATION,CHF3,"CHF3(v1,v4)",0.37,0,8.485,1.859e-21,3,4,swarm_regressed_working_set
VIB14,EXCITATION,CHF3,"CHF3(v1,v4)",0.37,0,8.586,1.758e-21,3,4,swarm_regressed_working_set
VIB14,EXCITATION,CHF3,"CHF3(v1,v4)",0.37,0,8.687,1.662e-21,3,4,swarm_regressed_working_set
VIB14,EXCITATION,CHF3,"CHF3(v1,v4)",0.37,0,8.788,1.571e-21,3,4,swarm_regressed_working_set
VIB14,EXCITATION,CHF3,"CHF3(v1,v4)",0.37,0,8.889,1.485e-21,3,4,swarm_regressed_working_set
VIB14,EXCITATION,CHF3,"CHF3(v1,v4)",0.37,0,8.99,1.404e-21,3,4,swarm_regressed_working_set
VIB14,EXCITATION,CHF3,"CHF3(v1,v4)",0.37,0,9.091,1.326e-21,3,4,swarm_regressed_working_set
VIB14,EXCITATION,CHF3,"CHF3(v1,v4)",0.37,0,9.192,1.253e-21,3,4,swarm_regressed_working_set
VIB14,EXCITATION,CHF3,"CHF3(v1,v4)",0.37,0,9.293,1.184e-21,3,4,swarm_regressed_working_set
VIB14,EXCITATION,CHF3,"CHF3(v1,v4)",0.37,0,9.394,1.118e-21,3,4,swarm_regressed_working_set
VIB14,EXCITATION,CHF3,"CHF3(v1,v4)",0.37,0,9.495,1.056e-21,3,4,swarm_regressed_working_set
VIB14,EXCITATION,CHF3,"CHF3(v1,v4)",0.37,0,9.596,9.974e-22,3,4,swarm_regressed_working_set
VIB14,EXCITATION,CHF3,"CHF3(v1,v4)",0.37,0,9.697,9.418e-22,3,4,swarm_regressed_working_set
VIB14,EXCITATION,CHF3,"CHF3(v1,v4)",0.37,0,9.798,8.892e-22,3,4,swarm_regressed_working_set
VIB14,EXCITATION,CHF3,"CHF3(v1,v4)",0.37,0,9.899,8.394e-22,3,4,swarm_regressed_working_set
VIB14,EXCITATION,CHF3,"CHF3(v1,v4)",0.37,0,10,7.924e-22,3,4,swarm_regressed_working_set
VIB25,EXCITATION,CHF3,"CHF3(v2,v5)",0.18,0,0,0,3,5,swarm_regressed_working_set
VIB25,EXCITATION,CHF3,"CHF3(v2,v5)",0.18,0,0.101,0,3,5,swarm_regressed_working_set
VIB25,EXCITATION,CHF3,"CHF3(v2,v5)",0.18,0,0.202,3.225e-21,3,5,swarm_regressed_working_set
VIB25,EXCITATION,CHF3,"CHF3(v2,v5)",0.18,0,0.303,1.566e-20,3,5,swarm_regressed_working_set
VIB25,EXCITATION,CHF3,"CHF3(v2,v5)",0.18,0,0.404,2.479e-20,3,5,swarm_regressed_working_set
VIB25,EXCITATION,CHF3,"CHF3(v2,v5)",0.18,0,0.5051,3.125e-20,3,5,swarm_regressed_working_set
VIB25,EXCITATION,CHF3,"CHF3(v2,v5)",0.18,0,0.6061,3.56e-20,3,5,swarm_regressed_working_set
VIB25,EXCITATION,CHF3,"CHF3(v2,v5)",0.18,0,0.7071,3.828e-20,3,5,swarm_regressed_working_set
VIB25,EXCITATION,CHF3,"CHF3(v2,v5)",0.18,0,0.8081,3.964e-20,3,5,swarm_regressed_working_set
VIB25,EXCITATION,CHF3,"CHF3(v2,v5)",0.18,0,0.9091,4e-20,3,5,swarm_regressed_working_set
VIB25,EXCITATION,CHF3,"CHF3(v2,v5)",0.18,0,1.01,3.958e-20,3,5,swarm_regressed_working_set
VIB25,EXCITATION,CHF3,"CHF3(v2,v5)",0.18,0,1.111,3.858e-20,3,5,swarm_regressed_working_set
VIB25,EXCITATION,CHF3,"CHF3(v2,v5)",0.18,0,1.212,3.717e-20,3,5,swarm_regressed_working_set
VIB25,EXCITATION,CHF3,"CHF3(v2,v5)",0.18,0,1.313,3.547e-20,3,5,swarm_regressed_working_set
VIB25,EXCITATION,CHF3,"CHF3(v2,v5)",0.18,0,1.414,3.357e-20,3,5,swarm_regressed_working_set
VIB25,EXCITATION,CHF3,"CHF3(v2,v5)",0.18,0,1.515,3.157e-20,3,5,swarm_regressed_working_set
VIB25,EXCITATION,CHF3,"CHF3(v2,v5)",0.18,0,1.616,2.951e-20,3,5,swarm_regressed_working_set
VIB25,EXCITATION,CHF3,"CHF3(v2,v5)",0.18,0,1.717,2.745e-20,3,5,swarm_regressed_working_set
VIB25,EXCITATION,CHF3,"CHF3(v2,v5)",0.18,0,1.818,2.542e-20,3,5,swarm_regressed_working_set
VIB25,EXCITATION,CHF3,"CHF3(v2,v5)",0.18,0,1.919,2.346e-20,3,5,swarm_regressed_working_set
VIB25,EXCITATION,CHF3,"CHF3(v2,v5)",0.18,0,2.02,2.157e-20,3,5,swarm_regressed_working_set
VIB25,EXCITATION,CHF3,"CHF3(v2,v5)",0.18,0,2.121,1.978e-20,3,5,swarm_regressed_working_set
VIB25,EXCITATION,CHF3,"CHF3(v2,v5)",0.18,0,2.222,1.808e-20,3,5,swarm_regressed_working_set
VIB25,EXCITATION,CHF3,"CHF3(v2,v5)",0.18,0,2.323,1.649e-20,3,5,swarm_regressed_working_set
VIB25,EXCITATION,CHF3,"CHF3(v2,v5)",0.18,0,2.424,1.501e-20,3,5,swarm_regressed_working_set
VIB25,EXCITATION,CHF3,"CHF3(v2,v5)",0.18,0,2.525,1.363e-20,3,5,swarm_regressed_working_set
VIB25,EXCITATION,CHF3,"CHF3(v2,v5)",0.18,0,2.626,1.236e-20,3,5,swarm_regressed_working_set
VIB25,EXCITATION,CHF3,"CHF3(v2,v5)",0.18,0,2.727,1.118e-20,3,5,swarm_regressed_working_set
VIB25,EXCITATION,CHF3,"CHF3(v2,v5)",0.18,0,2.828,1.011e-20,3,5,swarm_regressed_working_set
VIB25,EXCITATION,CHF3,"CHF3(v2,v5)",0.18,0,2.929,9.118e-21,3,5,swarm_regressed_working_set
VIB25,EXCITATION,CHF3,"CHF3(v2,v5)",0.18,0,3.03,8.216e-21,3,5,swarm_regressed_working_set
VIB25,EXCITATION,CHF3,"CHF3(v2,v5)",0.18,0,3.131,7.393e-21,3,5,swarm_regressed_working_set
VIB25,EXCITATION,CHF3,"CHF3(v2,v5)",0.18,0,3.232,6.646e-21,3,5,swarm_regressed_working_set
VIB25,EXCITATION,CHF3,"CHF3(v2,v5)",0.18,0,3.333,5.967e-21,3,5,swarm_regressed_working_set
VIB25,EXCITATION,CHF3,"CHF3(v2,v5)",0.18,0,3.434,5.352e-21,3,5,swarm_regressed_working_set
VIB25,EXCITATION,CHF3,"CHF3(v2,v5)",0.18,0,3.535,4.796e-21,3,5,swarm_regressed_working_set
VIB25,EXCITATION,CHF3,"CHF3(v2,v5)",0.18,0,3.636,4.293e-21,3,5,swarm_regressed_working_set
VIB25,EXCITATION,CHF3,"CHF3(v2,v5)",0.18,0,3.737,3.841e-21,3,5,swarm_regressed_working_set
VIB25,EXCITATION,CHF3,"CHF3(v2,v5)",0.18,0,3.838,3.433e-21,3,5,swarm_regressed_working_set
VIB25,EXCITATION,CHF3,"CHF3(v2,v5)",0.18,0,3.939,3.066e-21,3,5,swarm_regressed_working_set
VIB25,EXCITATION,CHF3,"CHF3(v2,v5)",0.18,0,4.04,2.736e-21,3,5,swarm_regressed_working_set
VIB25,EXCITATION,CHF3,"CHF3(v2,v5)",0.18,0,4.141,2.44e-21,3,5,swarm_regressed_working_set
VIB25,EXCITATION,CHF3,"CHF3(v2,v5)",0.18,0,4.242,2.175e-21,3,5,swarm_regressed_working_set
VIB25,EXCITATION,CHF3,"CHF3(v2,v5)",0.18,0,4.343,1.937e-21,3,5,swarm_regressed_working_set
VIB25,EXCITATION,CHF3,"CHF3(v2,v5)",0.18,0,4.444,1.724e-21,3,5,swarm_regressed_working_set
VIB25,EXCITATION,CHF3,"CHF3(v2,v5)",0.18,0,4.545,1.534e-21,3,5,swarm_regressed_working_set
VIB25,EXCITATION,CHF3,"CHF3(v2,v5)",0.18,0,4.646,1.364e-21,3,5,swarm_regressed_working_set
VIB25,EXCITATION,CHF3,"CHF3(v2,v5)",0.18,0,4.747,1.212e-21,3,5,swarm_regressed_working_set
VIB25,EXCITATION,CHF3,"CHF3(v2,v5)",0.18,0,4.848,1.077e-21,3,5,swarm_regressed_working_set
VIB25,EXCITATION,CHF3,"CHF3(v2,v5)",0.18,0,4.949,9.563e-22,3,5,swarm_regressed_working_set
VIB25,EXCITATION,CHF3,"CHF3(v2,v5)",0.18,0,5.051,8.487e-22,3,5,swarm_regressed_working_set
VIB25,EXCITATION,CHF3,"CHF3(v2,v5)",0.18,0,5.152,7.529e-22,3,5,swarm_regressed_working_set
VIB25,EXCITATION,CHF3,"CHF3(v2,v5)",0.18,0,5.253,6.677e-22,3,5,swarm_regressed_working_set
VIB25,EXCITATION,CHF3,"CHF3(v2,v5)",0.18,0,5.354,5.918e-22,3,5,swarm_regressed_working_set
VIB25,EXCITATION,CHF3,"CHF3(v2,v5)",0.18,0,5.455,5.244e-22,3,5,swarm_regressed_working_set
VIB25,EXCITATION,CHF3,"CHF3(v2,v5)",0.18,0,5.556,4.645e-22,3,5,swarm_regressed_working_set
VIB25,EXCITATION,CHF3,"CHF3(v2,v5)",0.18,0,5.657,4.113e-22,3,5,swarm_regressed_working_set
VIB25,EXCITATION,CHF3,"CHF3(v2,v5)",0.18,0,5.758,3.64e-22,3,5,swarm_regressed_working_set
VIB25,EXCITATION,CHF3,"CHF3(v2,v5)",0.18,0,5.859,3.221e-22,3,5,swarm_regressed_working_set
VIB25,EXCITATION,CHF3,"CHF3(v2,v5)",0.18,0,5.96,2.849e-22,3,5,swarm_regressed_working_set
VIB25,EXCITATION,CHF3,"CHF3(v2,v5)",0.18,0,6.061,2.52e-22,3,5,swarm_regressed_working_set
VIB25,EXCITATION,CHF3,"CHF3(v2,v5)",0.18,0,6.162,2.227e-22,3,5,swarm_regressed_working_set
VIB25,EXCITATION,CHF3,"CHF3(v2,v5)",0.18,0,6.263,1.969e-22,3,5,swarm_regressed_working_set
VIB25,EXCITATION,CHF3,"CHF3(v2,v5)",0.18,0,6.364,1.739e-22,3,5,swarm_regressed_working_set
VIB25,EXCITATION,CHF3,"CHF3(v2,v5)",0.18,0,6.465,1.536e-22,3,5,swarm_regressed_working_set
VIB25,EXCITATION,CHF3,"CHF3(v2,v5)",0.18,0,6.566,1.357e-22,3,5,swarm_regressed_working_set
VIB25,EXCITATION,CHF3,"CHF3(v2,v5)",0.18,0,6.667,1.198e-22,3,5,swarm_regressed_working_set
VIB25,EXCITATION,CHF3,"CHF3(v2,v5)",0.18,0,6.768,1.057e-22,3,5,swarm_regressed_working_set
VIB25,EXCITATION,CHF3,"CHF3(v2,v5)",0.18,0,6.869,9.329e-23,3,5,swarm_regressed_working_set
VIB25,EXCITATION,CHF3,"CHF3(v2,v5)",0.18,0,6.97,8.23e-23,3,5,swarm_regressed_working_set
VIB25,EXCITATION,CHF3,"CHF3(v2,v5)",0.18,0,7.071,7.259e-23,3,5,swarm_regressed_working_set
VIB25,EXCITATION,CHF3,"CHF3(v2,v5)",0.18,0,7.172,6.402e-23,3,5,swarm_regressed_working_set
VIB25,EXCITATION,CHF3,"CHF3(v2,v5)",0.18,0,7.273,5.644e-23,3,5,swarm_regressed_working_set
VIB25,EXCITATION,CHF3,"CHF3(v2,v5)",0.18,0,7.374,4.975e-23,3,5,swarm_regressed_working_set
VIB25,EXCITATION,CHF3,"CHF3(v2,v5)",0.18,0,7.475,4.385e-23,3,5,swarm_regressed_working_set
VIB25,EXCITATION,CHF3,"CHF3(v2,v5)",0.18,0,7.576,3.864e-23,3,5,swarm_regressed_working_set
VIB25,EXCITATION,CHF3,"CHF3(v2,v5)",0.18,0,7.677,3.404e-23,3,5,swarm_regressed_working_set
VIB25,EXCITATION,CHF3,"CHF3(v2,v5)",0.18,0,7.778,2.998e-23,3,5,swarm_regressed_working_set
VIB25,EXCITATION,CHF3,"CHF3(v2,v5)",0.18,0,7.879,2.64e-23,3,5,swarm_regressed_working_set
VIB25,EXCITATION,CHF3,"CHF3(v2,v5)",0.18,0,7.98,2.325e-23,3,5,swarm_regressed_working_set
VIB25,EXCITATION,CHF3,"CHF3(v2,v5)",0.18,0,8.081,2.047e-23,3,5,swarm_regressed_working_set
VIB25,EXCITATION,CHF3,"CHF3(v2,v5)",0.18,0,8.182,1.801e-23,3,5,swarm_regressed_working_set
VIB25,EXCITATION,CHF3,"CHF3(v2,v5)",0.18,0,8.283,1.585e-23,3,5,swarm_regressed_working_set
VIB25,EXCITATION,CHF3,"CHF3(v2,v5)",0.18,0,8.384,1.395e-23,3,5,swarm_regressed_working_set
VIB25,EXCITATION,CHF3,"CHF3(v2,v5)",0.18,0,8.485,1.227e-23,3,5,swarm_regressed_working_set
VIB25,EXCITATION,CHF3,"CHF3(v2,v5)",0.18,0,8.586,1.08e-23,3,5,swarm_regressed_working_set
VIB25,EXCITATION,CHF3,"CHF3(v2,v5)",0.18,0,8.687,9.496e-24,3,5,swarm_regressed_working_set
VIB25,EXCITATION,CHF3,"CHF3(v2,v5)",0.18,0,8.788,8.351e-24,3,5,swarm_regressed_working_set
VIB25,EXCITATION,CHF3,"CHF3(v2,v5)",0.18,0,8.889,7.343e-24,3,5,swarm_regressed_working_set
VIB25,EXCITATION,CHF3,"CHF3(v2,v5)",0.18,0,8.99,6.456e-24,3,5,swarm_regressed_working_set
VIB25,EXCITATION,CHF3,"CHF3(v2,v5)",0.18,0,9.091,0,3,5,swarm_regressed_working_set
VIB25,EXCITATION,CHF3,"CHF3(v2,v5)",0.18,0,9.192,0,3,5,swarm_regressed_working_set
VIB25,EXCITATION,CHF3,"CHF3(v2,v5)",0.18,0,9.293,0,3,5,swarm_regressed_working_set
VIB25,EXCITATION,CHF3,"CHF3(v2,v5)",0.18,0,9.394,0,3,5,swarm_regressed_working_set
VIB25,EXCITATION,CHF3,"CHF3(v2,v5)",0.18,0,9.495,0,3,5,swarm_regressed_working_set
VIB25,EXCITATION,CHF3,"CHF3(v2,v5)",0.18,0,9.596,0,3,5,swarm_regressed_working_set
VIB25,EXCITATION,CHF3,"CHF3(v2,v5)",0.18,0,9.697,0,3,5,swarm_regressed_working_set
VIB25,EXCITATION,CHF3,"CHF3(v2,v5)",0.18,0,9.798,0,3,5,swarm_regressed_working_set
VIB25,EXCITATION,CHF3,"CHF3(v2,v5)",0.18,0,9.899,0,3,5,swarm_regressed_working_set
VIB25,EXCITATION,CHF3,"CHF3(v2,v5)",0.18,0,10,0,3,5,swarm_regressed_working_set
VIB36,EXCITATION,CHF3,"CHF3(v3,v6)",0.13,0,0,0,3,6,swarm_regressed_working_set
VIB36,EXCITATION,CHF3,"CHF3(v3,v6)",0.13,0,0.101,0,3,6,swarm_regressed_working_set
VIB36,EXCITATION,CHF3,"CHF3(v3,v6)",0.13,0,0.202,2.622e-20,3,6,swarm_regressed_working_set
VIB36,EXCITATION,CHF3,"CHF3(v3,v6)",0.13,0,0.303,5.188e-20,3,6,swarm_regressed_working_set
VIB36,EXCITATION,CHF3,"CHF3(v3,v6)",0.13,0,0.404,6.766e-20,3,6,swarm_regressed_working_set
VIB36,EXCITATION,CHF3,"CHF3(v3,v6)",0.13,0,0.5051,7.625e-20,3,6,swarm_regressed_working_set
VIB36,EXCITATION,CHF3,"CHF3(v3,v6)",0.13,0,0.6061,7.97e-20,3,6,swarm_regressed_working_set
VIB36,EXCITATION,CHF3,"CHF3(v3,v6)",0.13,0,0.7071,7.955e-20,3,6,swarm_regressed_working_set
VIB36,EXCITATION,CHF3,"CHF3(v3,v6)",0.13,0,0.8081,7.697e-20,3,6,swarm_regressed_working_set
VIB36,EXCITATION,CHF3,"CHF3(v3,v6)",0.13,0,0.9091,7.283e-20,3,6,swarm_regressed_working_set
VIB36,EXCITATION,CHF3,"CHF3(v3,v6)",0.13,0,1.01,6.774e-20,3,6,swarm_regressed_working_set
VIB36,EXCITATION,CHF3,"CHF3(v3,v6)",0.13,0,1.111,6.219e-20,3,6,swarm_regressed_working_set
VIB36,EXCITATION,CHF3,"CHF3(v3,v6)",0.13,0,1.212,5.648e-20,3,6,swarm_regressed_working_set
VIB36,EXCITATION,CHF3,"CHF3(v3,v6)",0.13,0,1.313,5.085e-20,3,6,swarm_regressed_working_set
VIB36,EXCITATION,CHF3,"CHF3(v3,v6)",0.13,0,1.414,4.545e-20,3,6,swarm_regressed_working_set
VIB36,EXCITATION,CHF3,"CHF3(v3,v6)",0.13,0,1.515,4.037e-20,3,6,swarm_regressed_working_set
VIB36,EXCITATION,CHF3,"CHF3(v3,v6)",0.13,0,1.616,3.566e-20,3,6,swarm_regressed_working_set
VIB36,EXCITATION,CHF3,"CHF3(v3,v6)",0.13,0,1.717,3.136e-20,3,6,swarm_regressed_working_set
VIB36,EXCITATION,CHF3,"CHF3(v3,v6)",0.13,0,1.818,2.747e-20,3,6,swarm_regressed_working_set
VIB36,EXCITATION,CHF3,"CHF3(v3,v6)",0.13,0,1.919,2.397e-20,3,6,swarm_regressed_working_set
VIB36,EXCITATION,CHF3,"CHF3(v3,v6)",0.13,0,2.02,2.086e-20,3,6,swarm_regressed_working_set
VIB36,EXCITATION,CHF3,"CHF3(v3,v6)",0.13,0,2.121,1.809e-20,3,6,swarm_regressed_working_set
VIB36,EXCITATION,CHF3,"CHF3(v3,v6)",0.13,0,2.222,1.565e-20,3,6,swarm_regressed_working_set
VIB36,EXCITATION,CHF3,"CHF3(v3,v6)",0.13,0,2.323,1.351e-20,3,6,swarm_regressed_working_set
VIB36,EXCITATION,CHF3,"CHF3(v3,v6)",0.13,0,2.424,1.164e-20,3,6,swarm_regressed_working_set
VIB36,EXCITATION,CHF3,"CHF3(v3,v6)",0.13,0,2.525,1.001e-20,3,6,swarm_regressed_working_set
VIB36,EXCITATION,CHF3,"CHF3(v3,v6)",0.13,0,2.626,8.587e-21,3,6,swarm_regressed_working_set
VIB36,EXCITATION,CHF3,"CHF3(v3,v6)",0.13,0,2.727,7.357e-21,3,6,swarm_regressed_working_set
VIB36,EXCITATION,CHF3,"CHF3(v3,v6)",0.13,0,2.828,6.294e-21,3,6,swarm_regressed_working_set
VIB36,EXCITATION,CHF3,"CHF3(v3,v6)",0.13,0,2.929,5.377e-21,3,6,swarm_regressed_working_set
VIB36,EXCITATION,CHF3,"CHF3(v3,v6)",0.13,0,3.03,4.587e-21,3,6,swarm_regressed_working_set
VIB36,EXCITATION,CHF3,"CHF3(v3,v6)",0.13,0,3.131,3.909e-21,3,6,swarm_regressed_working_set
VIB36,EXCITATION,CHF3,"CHF3(v3,v6)",0.13,0,3.232,3.327e-21,3,6,swarm_regressed_working_set
VIB36,EXCITATION,CHF3,"CHF3(v3,v6)",0.13,0,3.333,2.829e-21,3,6,swarm_regressed_working_set
VIB36,EXCITATION,CHF3,"CHF3(v3,v6)",0.13,0,3.434,2.403e-21,3,6,swarm_regressed_working_set
VIB36,EXCITATION,CHF3,"CHF3(v3,v6)",0.13,0,3.535,2.039e-21,3,6,swarm_regressed_working_set
VIB36,EXCITATION,CHF3,"CHF3(v3,v6)",0.13,0,3.636,1.729e-21,3,6,swarm_regressed_working_set
VIB36,EXCITATION,CHF3,"CHF3(v3,v6)",0.13,0,3.737,1.465e-21,3,6,swarm_regressed_working_set
VIB36,EXCITATION,CHF3,"CHF3(v3,v6)",0.13,0,3.838,1.24e-21,3,6,swarm_regressed_working_set
VIB36,EXCITATION,CHF3,"CHF3(v3,v6)",0.13,0,3.939,1.049e-21,3,6,swarm_regressed_working_set
VIB36,EXCITATION,CHF3,"CHF3(v3,v6)",0.13,0,4.04,8.866e-22,3,6,swarm_regressed_working_set
VIB36,EXCITATION,CHF3,"CHF3(v3,v6)",0.13,0,4.141,7.489e-22,3,6,swarm_regressed_working_set
VIB36,EXCITATION,CHF3,"CHF3(v3,v6)",0.13,0,4.242,6.322e-22,3,6,swarm_regressed_working_set
VIB36,EXCITATION,CHF3,"CHF3(v3,v6)",0.13,0,4.343,5.334e-22,3,6,swarm_regressed_working_set
VIB36,EXCITATION,CHF3,"CHF3(v3,v6)",0.13,0,4.444,4.497e-22,3,6,swarm_regressed_working_set
VIB36,EXCITATION,CHF3,"CHF3(v3,v6)",0.13,0,4.545,3.79e-22,3,6,swarm_regressed_working_set
VIB36,EXCITATION,CHF3,"CHF3(v3,v6)",0.13,0,4.646,3.192e-22,3,6,swarm_regressed_working_set
VIB36,EXCITATION,CHF3,"CHF3(v3,v6)",0.13,0,4.747,2.688e-22,3,6,swarm_regressed_working_set
VIB36,EXCITATION,CHF3,"CHF3(v3,v6)",0.13,0,4.848,2.261e-22,3,6,swarm_regressed_working_set
VIB36,EXCITATION,CHF3,"CHF3(v3,v6)",0.13,0,4.949,1.902e-22,3,6,swarm_regressed_working_set
VIB36,EXCITATION,CHF3,"CHF3(v3,v6)",0.13,0,5.051,1.599e-22,3,6,swarm_regressed_working_set
VIB36,EXCITATION,CHF3,"CHF3(v3,v6)",0.13,0,5.152,1.344e-22,3,6,swarm_regressed_working_set
VIB36,EXCITATION,CHF3,"CHF3(v3,v6)",0.13,0,5.253,1.129e-22,3,6,swarm_regressed_working_set
VIB36,EXCITATION,CHF3,"CHF3(v3,v6)",0.13,0,5.354,9.479e-23,3,6,swarm_regressed_working_set
VIB36,EXCITATION,CHF3,"CHF3(v3,v6)",0.13,0,5.455,7.956e-23,3,6,swarm_regressed_working_set
VIB36,EXCITATION,CHF3,"CHF3(v3,v6)",0.13,0,5.556,6.676e-23,3,6,swarm_regressed_working_set
VIB36,EXCITATION,CHF3,"CHF3(v3,v6)",0.13,0,5.657,5.6e-23,3,6,swarm_regressed_working_set
VIB36,EXCITATION,CHF3,"CHF3(v3,v6)",0.13,0,5.758,4.695e-23,3,6,swarm_regressed_working_set
VIB36,EXCITATION,CHF3,"CHF3(v3,v6)",0.13,0,5.859,3.936e-23,3,6,swarm_regressed_working_set
VIB36,EXCITATION,CHF3,"CHF3(v3,v6)",0.13,0,5.96,3.298e-23,3,6,swarm_regressed_working_set
VIB36,EXCITATION,CHF3,"CHF3(v3,v6)",0.13,0,6.061,2.763e-23,3,6,swarm_regressed_working_set
VIB36,EXCITATION,CHF3,"CHF3(v3,v6)",0.13,0,6.162,2.314e-23,3,6,swarm_regressed_working_set
VIB36,EXCITATION,CHF3,"CHF3(v3,v6)",0.13,0,6.263,1.937e-23,3,6,swarm_regressed_working_set
VIB36,EXCITATION,CHF3,"CHF3(v3,v6)",0.13,0,6.364,1.621e-23,3,6,swarm_regressed_working_set
VIB36,EXCITATION,CHF3,"CHF3(v3,v6)",0.13,0,6.465,1.357e-23,3,6,swarm_regressed_working_set
VIB36,EXCITATION,CHF3,"CHF3(v3,v6)",0.13,0,6.566,0,3,6,swarm_regressed_working_set
VIB36,EXCITATION,CHF3,"CHF3(v3,v6)",0.13,0,6.667,0,3,6,swarm_regressed_working_set
VIB36,EXCITATION,CHF3,"CHF3(v3,v6)",0.13,0,6.768,0,3,6,swarm_regressed_working_set
VIB36,EXCITATION,CHF3,"CHF3(v3,v6)",0.13,0,6.869,0,3,6,swarm_regressed_working_set
VIB36,EXCITATION,CHF3,"CHF3(v3,v6)",0.13,0,6.97,0,3,6,swarm_regressed_working_set
VIB36,EXCITATION,CHF3,"CHF3(v3,v6)",0.13,0,7.071,0,3,6,swarm_regressed_working_set
VIB36,EXCITATION,CHF3,"CHF3(v3,v6)",0.13,0,7.172,0,3,6,swarm_regressed_working_set
VIB36,EXCITATION,CHF3,"CHF3(v3,v6)",0.13,0,7.273,0,3,6,swarm_regressed_working_set
VIB36,EXCITATION,CHF3,"CHF3(v3,v6)",0.13,0,7.374,0,3,6,swarm_regressed_working_set
VIB36,EXCITATION,CHF3,"CHF3(v3,v6)",0.13,0,7.475,0,3,6,swarm_regressed_working_set
VIB36,EXCITATION,CHF3,"CHF3(v3,v6)",0.13,0,7.576,0,3,6,swarm_regressed_working_set
VIB36,EXCITATION,CHF3,"CHF3(v3,v6)",0.13,0,7.677,0,3,6,swarm_regressed_working_set
VIB36,EXCITATION,CHF3,"CHF3(v3,v6)",0.13,0,7.778,0,3,6,swarm_regressed_working_set
VIB36,EXCITATION,CHF3,"CHF3(v3,v6)",0.13,0,7.879,0,3,6,swarm_regressed_working_set
VIB36,EXCITATION,CHF3,"CHF3(v3,v6)",0.13,0,7.98,0,3,6,swarm_regressed_working_set
VIB36,EXCITATION,CHF3,"CHF3(v3,v6)",0.13,0,8.081,0,3,6,swarm_regressed_working_set
VIB36,EXCITATION,CHF3,"CHF3(v3,v6)",0.13,0,8.182,0,3,6,swarm_regressed_working_set
VIB36,EXCITATION,CHF3,"CHF3(v3,v6)",0.13,0,8.283,0,3,6,swarm_regressed_working_set
VIB36,EXCITATION,CHF3,"CHF3(v3,v6)",0.13,0,8.384,0,3,6,swarm_regressed_working_set
VIB36,EXCITATION,CHF3,"CHF3(v3,v6)",0.13,0,8.485,0,3,6,swarm_regressed_working_set
VIB36,EXCITATION,CHF3,"CHF3(v3,v6)",0.13,0,8.586,0,3,6,swarm_regressed_working_set
VIB36,EXCITATION,CHF3,"CHF3(v3,v6)",0.13,0,8.687,0,3,6,swarm_regressed_working_set
VIB36,EXCITATION,CHF3,"CHF3(v3,v6)",0.13,0,8.788,0,3,6,swarm_regressed_working_set
VIB36,EXCITATION,CHF3,"CHF3(v3,v6)",0.13,0,8.889,0,3,6,swarm_regressed_working_set
VIB36,EXCITATION,CHF3,"CHF3(v3,v6)",0.13,0,8.99,0,3,6,swarm_regressed_working_set
VIB36,EXCITATION,CHF3,"CHF3(v3,v6)",0.13,0,9.091,0,3,6,swarm_regressed_working_set
VIB36,EXCITATION,CHF3,"CHF3(v3,v6)",0.13,0,9.192,0,3,6,swarm_regressed_working_set
VIB36,EXCITATION,CHF3,"CHF3(v3,v6)",0.13,0,9.293,0,3,6,swarm_regressed_working_set
VIB36,EXCITATION,CHF3,"CHF3(v3,v6)",0.13,0,9.394,0,3,6,swarm_regressed_working_set
VIB36,EXCITATION,CHF3,"CHF3(v3,v6)",0.13,0,9.495,0,3,6,swarm_regressed_working_set
VIB36,EXCITATION,CHF3,"CHF3(v3,v6)",0.13,0,9.596,0,3,6,swarm_regressed_working_set
VIB36,EXCITATION,CHF3,"CHF3(v3,v6)",0.13,0,9.697,0,3,6,swarm_regressed_working_set
VIB36,EXCITATION,CHF3,"CHF3(v3,v6)",0.13,0,9.798,0,3,6,swarm_regressed_working_set
VIB36,EXCITATION,CHF3,"CHF3(v3,v6)",0.13,0,9.899,0,3,6,swarm_regressed_working_set
VIB36,EXCITATION,CHF3,"CHF3(v3,v6)",0.13,0,10,0,3,6,swarm_regressed_working_set
NEU1,EXCITATION,CHF3,CF3 + H,11,0,0,0,8,9,swarm_regressed_working_set
NEU1,EXCITATION,CHF3,CF3 + H,11,0,0.603,0,8,9,swarm_regressed_working_set
NEU1,EXCITATION,CHF3,CF3 + H,11,0,1.206,0,8,9,swarm_regressed_working_set
NEU1,EXCITATION,CHF3,CF3 + H,11,0,1.809,0,8,9,swarm_regressed_working_set
NEU1,EXCITATION,CHF3,CF3 + H,11,0,2.412,0,8,9,swarm_regressed_working_set
NEU1,EXCITATION,CHF3,CF3 + H,11,0,3.015,0,8,9,swarm_regressed_working_set
NEU1,EXCITATION,CHF3,CF3 + H,11,0,3.618,0,8,9,swarm_regressed_working_set
NEU1,EXCITATION,CHF3,CF3 + H,11,0,4.221,0,8,9,swarm_regressed_working_set
NEU1,EXCITATION,CHF3,CF3 + H,11,0,4.824,0,8,9,swarm_regressed_working_set
NEU1,EXCITATION,CHF3,CF3 + H,11,0,5.427,0,8,9,swarm_regressed_working_set
NEU1,EXCITATION,CHF3,CF3 + H,11,0,6.03,0,8,9,swarm_regressed_working_set
NEU1,EXCITATION,CHF3,CF3 + H,11,0,6.633,0,8,9,swarm_regressed_working_set
NEU1,EXCITATION,CHF3,CF3 + H,11,0,7.236,0,8,9,swarm_regressed_working_set
NEU1,EXCITATION,CHF3,CF3 + H,11,0,7.839,0,8,9,swarm_regressed_working_set
NEU1,EXCITATION,CHF3,CF3 + H,11,0,8.442,0,8,9,swarm_regressed_working_set
NEU1,EXCITATION,CHF3,CF3 + H,11,0,9.045,0,8,9,swarm_regressed_working_set
NEU1,EXCITATION,CHF3,CF3 + H,11,0,9.648,0,8,9,swarm_regressed_working_set
NEU1,EXCITATION,CHF3,CF3 + H,11,0,10.25,0,8,9,swarm_regressed_working_set
NEU1,EXCITATION,CHF3,CF3 + H,11,0,10.85,0,8,9,swarm_regressed_working_set
NEU1,EXCITATION,CHF3,CF3 + H,11,0,11.46,5.081e-23,8,9,swarm_regressed_working_set
NEU1,EXCITATION,CHF3,CF3 + H,11,0,12.06,1.178e-22,8,9,swarm_regressed_working_set
NEU1,EXCITATION,CHF3,CF3 + H,11,0,12.66,1.848e-22,8,9,swarm_regressed_working_set
NEU1,EXCITATION,CHF3,CF3 + H,11,0,13.27,2.518e-22,8,9,swarm_regressed_working_set
NEU1,EXCITATION,CHF3,CF3 + H,11,0,13.87,3.188e-22,8,9,swarm_regressed_working_set
NEU1,EXCITATION,CHF3,CF3 + H,11,0,14.47,3.858e-22,8,9,swarm_regressed_working_set
NEU1,EXCITATION,CHF3,CF3 + H,11,0,15.08,4.528e-22,8,9,swarm_regressed_working_set
NEU1,EXCITATION,CHF3,CF3 + H,11,0,15.68,5.198e-22,8,9,swarm_regressed_working_set
NEU1,EXCITATION,CHF3,CF3 + H,11,0,16.28,5.868e-22,8,9,swarm_regressed_working_set
NEU1,EXCITATION,CHF3,CF3 + H,11,0,16.88,6.538e-22,8,9,swarm_regressed_working_set
NEU1,EXCITATION,CHF3,CF3 + H,11,0,17.49,7.208e-22,8,9,swarm_regressed_working_set
NEU1,EXCITATION,CHF3,CF3 + H,11,0,18.09,7.878e-22,8,9,swarm_regressed_working_set
NEU1,EXCITATION,CHF3,CF3 + H,11,0,18.69,8.548e-22,8,9,swarm_regressed_working_set
NEU1,EXCITATION,CHF3,CF3 + H,11,0,19.3,9.218e-22,8,9,swarm_regressed_working_set
NEU1,EXCITATION,CHF3,CF3 + H,11,0,19.9,9.888e-22,8,9,swarm_regressed_working_set
NEU1,EXCITATION,CHF3,CF3 + H,11,0,20.5,1.05e-21,8,9,swarm_regressed_working_set
NEU1,EXCITATION,CHF3,CF3 + H,11,0,21.11,1.111e-21,8,9,swarm_regressed_working_set
NEU1,EXCITATION,CHF3,CF3 + H,11,0,21.71,1.171e-21,8,9,swarm_regressed_working_set
NEU1,EXCITATION,CHF3,CF3 + H,11,0,22.31,1.231e-21,8,9,swarm_regressed_working_set
NEU1,EXCITATION,CHF3,CF3 + H,11,0,22.91,1.291e-21,8,9,swarm_regressed_working_set
NEU1,EXCITATION,CHF3,CF3 + H,11,0,23.52,1.352e-21,8,9,swarm_regressed_working_set
NEU1,EXCITATION,CHF3,CF3 + H,11,0,24.12,1.412e-21,8,9,swarm_regressed_working_set
NEU1,EXCITATION,CHF3,CF3 + H,11,0,24.72,1.472e-21,8,9,swarm_regressed_working_set
NEU1,EXCITATION,CHF3,CF3 + H,11,0,25.33,1.565e-21,8,9,swarm_regressed_working_set
NEU1,EXCITATION,CHF3,CF3 + H,11,0,25.93,1.686e-21,8,9,swarm_regressed_working_set
NEU1,EXCITATION,CHF3,CF3 + H,11,0,26.53,1.807e-21,8,9,swarm_regressed_working_set
NEU1,EXCITATION,CHF3,CF3 + H,11,0,27.14,1.927e-21,8,9,swarm_regressed_working_set
NEU1,EXCITATION,CHF3,CF3 + H,11,0,27.74,2.048e-21,8,9,swarm_regressed_working_set
NEU1,EXCITATION,CHF3,CF3 + H,11,0,28.34,2.168e-21,8,9,swarm_regressed_working_set
NEU1,EXCITATION,CHF3,CF3 + H,11,0,28.94,2.289e-21,8,9,swarm_regressed_working_set
NEU1,EXCITATION,CHF3,CF3 + H,11,0,29.55,2.41e-21,8,9,swarm_regressed_working_set
NEU1,EXCITATION,CHF3,CF3 + H,11,0,30.15,2.545e-21,8,9,swarm_regressed_working_set
NEU1,EXCITATION,CHF3,CF3 + H,11,0,30.75,2.726e-21,8,9,swarm_regressed_working_set
NEU1,EXCITATION,CHF3,CF3 + H,11,0,31.36,2.907e-21,8,9,swarm_regressed_working_set
NEU1,EXCITATION,CHF3,CF3 + H,11,0,31.96,3.088e-21,8,9,swarm_regressed_working_set
NEU1,EXCITATION,CHF3,CF3 + H,11,0,32.56,3.269e-21,8,9,swarm_regressed_working_set
NEU1,EXCITATION,CHF3,CF3 + H,11,0,33.17,3.45e-21,8,9,swarm_regressed_working_set
NEU1,EXCITATION,CHF3,CF3 + H,11,0,33.77,3.631e-21,8,9,swarm_regressed_working_set
NEU1,EXCITATION,CHF3,CF3 + H,11,0,34.37,3.812e-21,8,9,swarm_regressed_working_set
NEU1,EXCITATION,CHF3,CF3 + H,11,0,34.97,3.992e-21,8,9,swarm_regressed_working_set
NEU1,EXCITATION,CHF3,CF3 + H,11,0,35.58,4.116e-21,8,9,swarm_regressed_working_set
NEU1,EXCITATION,CHF3,CF3 + H,11,0,36.18,4.236e-21,8,9,swarm_regressed_working_set
NEU1,EXCITATION,CHF3,CF3 + H,11,0,36.78,4.357e-21,8,9,swarm_regressed_working_set
NEU1,EXCITATION,CHF3,CF3 + H,11,0,37.39,4.477e-21,8,9,swarm_regressed_working_set
NEU1,EXCITATION,CHF3,CF3 + H,11,0,37.99,4.598e-21,8,9,swarm_regressed_working_set
NEU1,EXCITATION,CHF3,CF3 + H,11,0,38.59,4.719e-21,8,9,swarm_regressed_working_set
NEU1,EXCITATION,CHF3,CF3 + H,11,0,39.2,4.839e-21,8,9,swarm_regressed_working_set
NEU1,EXCITATION,CHF3,CF3 + H,11,0,39.8,4.96e-21,8,9,swarm_regressed_working_set
NEU1,EXCITATION,CHF3,CF3 + H,11,0,40.4,5.281e-21,8,9,swarm_regressed_working_set
NEU1,EXCITATION,CHF3,CF3 + H,11,0,41.01,5.704e-21,8,9,swarm_regressed_working_set
NEU1,EXCITATION,CHF3,CF3 + H,11,0,41.61,6.126e-21,8,9,swarm_regressed_working_set
NEU1,EXCITATION,CHF3,CF3 + H,11,0,42.21,6.548e-21,8,9,swarm_regressed_working_set
NEU1,EXCITATION,CHF3,CF3 + H,11,0,42.81,6.97e-21,8,9,swarm_regressed_working_set
NEU1,EXCITATION,CHF3,CF3 + H,11,0,43.42,7.392e-21,8,9,swarm_regressed_working_set
NEU1,EXCITATION,CHF3,CF3 + H,11,0,44.02,7.814e-21,8,9,swarm_regressed_working_set
NEU1,EXCITATION,CHF3,CF3 + H,11,0,44.62,8.236e-21,8,9,swarm_regressed_working_set
NEU1,EXCITATION,CHF3,CF3 + H,11,0,45.23,8.658e-21,8,9,swarm_regressed_working_set
NEU1,EXCITATION,CHF3,CF3 + H,11,0,45.83,9.08e-21,8,9,swarm_regressed_working_set
NEU1,EXCITATION,CHF3,CF3 + H,11,0,46.43,9.503e-21,8,9,swarm_regressed_working_set
NEU1,EXCITATION,CHF3,CF3 + H,11,0,47.04,9.925e-21,8,9,swarm_regressed_working_set
NEU1,EXCITATION,CHF3,CF3 + H,11,0,47.64,1.035e-20,8,9,swarm_regressed_working_set
NEU1,EXCITATION,CHF3,CF3 + H,11,0,48.24,1.077e-20,8,9,swarm_regressed_working_set
NEU1,EXCITATION,CHF3,CF3 + H,11,0,48.84,1.119e-20,8,9,swarm_regressed_working_set
NEU1,EXCITATION,CHF3,CF3 + H,11,0,49.45,1.161e-20,8,9,swarm_regressed_working_set
NEU1,EXCITATION,CHF3,CF3 + H,11,0,50.05,1.202e-20,8,9,swarm_regressed_working_set
NEU1,EXCITATION,CHF3,CF3 + H,11,0,50.65,1.229e-20,8,9,swarm_regressed_working_set
NEU1,EXCITATION,CHF3,CF3 + H,11,0,51.26,1.257e-20,8,9,swarm_regressed_working_set
NEU1,EXCITATION,CHF3,CF3 + H,11,0,51.86,1.284e-20,8,9,swarm_regressed_working_set
NEU1,EXCITATION,CHF3,CF3 + H,11,0,52.46,1.311e-20,8,9,swarm_regressed_working_set
NEU1,EXCITATION,CHF3,CF3 + H,11,0,53.07,1.338e-20,8,9,swarm_regressed_working_set
NEU1,EXCITATION,CHF3,CF3 + H,11,0,53.67,1.365e-20,8,9,swarm_regressed_working_set
NEU1,EXCITATION,CHF3,CF3 + H,11,0,54.27,1.392e-20,8,9,swarm_regressed_working_set
NEU1,EXCITATION,CHF3,CF3 + H,11,0,54.87,1.419e-20,8,9,swarm_regressed_working_set
NEU1,EXCITATION,CHF3,CF3 + H,11,0,55.48,1.446e-20,8,9,swarm_regressed_working_set
NEU1,EXCITATION,CHF3,CF3 + H,11,0,56.08,1.474e-20,8,9,swarm_regressed_working_set
NEU1,EXCITATION,CHF3,CF3 + H,11,0,56.68,1.501e-20,8,9,swarm_regressed_working_set
NEU1,EXCITATION,CHF3,CF3 + H,11,0,57.29,1.528e-20,8,9,swarm_regressed_working_set
NEU1,EXCITATION,CHF3,CF3 + H,11,0,57.89,1.555e-20,8,9,swarm_regressed_working_set
NEU1,EXCITATION,CHF3,CF3 + H,11,0,58.49,1.582e-20,8,9,swarm_regressed_working_set
NEU1,EXCITATION,CHF3,CF3 + H,11,0,59.1,1.609e-20,8,9,swarm_regressed_working_set
NEU1,EXCITATION,CHF3,CF3 + H,11,0,59.7,1.636e-20,8,9,swarm_regressed_working_set
NEU1,EXCITATION,CHF3,CF3 + H,11,0,60.3,1.656e-20,8,9,swarm_regressed_working_set
NEU1,EXCITATION,CHF3,CF3 + H,11,0,60.9,1.668e-20,8,9,swarm_regressed_working_set
NEU1,EXCITATION,CHF3,CF3 + H,11,0,61.51,1.68e-20,8,9,swarm_regressed_working_set
NEU1,EXCITATION,CHF3,CF3 + H,11,0,62.11,1.692e-20,8,9,swarm_regressed_working_set
NEU1,EXCITATION,CHF3,CF3 + H,11,0,62.71,1.704e-20,8,9,swarm_regressed_working_set
NEU1,EXCITATION,CHF3,CF3 + H,11,0,63.32,1.716e-20,8,9,swarm_regressed_working_set
NEU1,EXCITATION,CHF3,CF3 + H,11,0,63.92,1.728e-20,8,9,swarm_regressed_working_set
NEU1,EXCITATION,CHF3,CF3 + H,11,0,64.52,1.74e-20,8,9,swarm_regressed_working_set
NEU1,EXCITATION,CHF3,CF3 + H,11,0,65.13,1.753e-20,8,9,swarm_regressed_working_set
NEU1,EXCITATION,CHF3,CF3 + H,11,0,65.73,1.765e-20,8,9,swarm_regressed_working_set
NEU1,EXCITATION,CHF3,CF3 + H,11,0,66.33,1.777e-20,8,9,swarm_regressed_working_set
NEU1,EXCITATION,CHF3,CF3 + H,11,0,66.93,1.789e-20,8,9,swarm_regressed_working_set
NEU1,EXCITATION,CHF3,CF3 + H,11,0,67.54,1.801e-20,8,9,swarm_regressed_working_set
NEU1,EXCITATION,CHF3,CF3 + H,11,0,68.14,1.813e-20,8,9,swarm_regressed_working_set
NEU1,EXCITATION,CHF3,CF3 + H,11,0,68.74,1.825e-20,8,9,swarm_regressed_working_set
NEU1,EXCITATION,CHF3,CF3 + H,11,0,69.35,1.837e-20,8,9,swarm_regressed_working_set
NEU1,EXCITATION,CHF3,CF3 + H,11,0,69.95,1.849e-20,8,9,swarm_regressed_working_set
NEU1,EXCITATION,CHF3,CF3 + H,11,0,70.55,1.853e-20,8,9,swarm_regressed_working_set
NEU1,EXCITATION,CHF3,CF3 + H,11,0,71.16,1.856e-20,8,9,swarm_regressed_working_set
NEU1,EXCITATION,CHF3,CF3 + H,11,0,71.76,1.859e-20,8,9,swarm_regressed_working_set
NEU1,EXCITATION,CHF3,CF3 + H,11,0,72.36,1.862e-20,8,9,swarm_regressed_working_set
NEU1,EXCITATION,CHF3,CF3 + H,11,0,72.96,1.865e-20,8,9,swarm_regressed_working_set
NEU1,EXCITATION,CHF3,CF3 + H,11,0,73.57,1.868e-20,8,9,swarm_regressed_working_set
NEU1,EXCITATION,CHF3,CF3 + H,11,0,74.17,1.871e-20,8,9,swarm_regressed_working_set
NEU1,EXCITATION,CHF3,CF3 + H,11,0,74.77,1.874e-20,8,9,swarm_regressed_working_set
NEU1,EXCITATION,CHF3,CF3 + H,11,0,75.38,1.877e-20,8,9,swarm_regressed_working_set
NEU1,EXCITATION,CHF3,CF3 + H,11,0,75.98,1.88e-20,8,9,swarm_regressed_working_set
NEU1,EXCITATION,CHF3,CF3 + H,11,0,76.58,1.883e-20,8,9,swarm_regressed_working_set
NEU1,EXCITATION,CHF3,CF3 + H,11,0,77.19,1.886e-20,8,9,swarm_regressed_working_set
NEU1,EXCITATION,CHF3,CF3 + H,11,0,77.79,1.889e-20,8,9,swarm_regressed_working_set
NEU1,EXCITATION,CHF3,CF3 + H,11,0,78.39,1.892e-20,8,9,swarm_regressed_working_set
NEU1,EXCITATION,CHF3,CF3 + H,11,0,78.99,1.895e-20,8,9,swarm_regressed_working_set
NEU1,EXCITATION,CHF3,CF3 + H,11,0,79.6,1.898e-20,8,9,swarm_regressed_working_set
NEU1,EXCITATION,CHF3,CF3 + H,11,0,80.2,1.908e-20,8,9,swarm_regressed_working_set
NEU1,EXCITATION,CHF3,CF3 + H,11,0,80.8,1.932e-20,8,9,swarm_regressed_working_set
NEU1,EXCITATION,CHF3,CF3 + H,11,0,81.41,1.956e-20,8,9,swarm_regressed_working_set
NEU1,EXCITATION,CHF3,CF3 + H,11,0,82.01,1.98e-20,8,9,swarm_regressed_working_set
NEU1,EXCITATION,CHF3,CF3 + H,11,0,82.61,2.005e-20,8,9,swarm_regressed_working_set
NEU1,EXCITATION,CHF3,CF3 + H,11,0,83.22,2.029e-20,8,9,swarm_regressed_working_set
NEU1,EXCITATION,CHF3,CF3 + H,11,0,83.82,2.053e-20,8,9,swarm_regressed_working_set
NEU1,EXCITATION,CHF3,CF3 + H,11,0,84.42,2.077e-20,8,9,swarm_regressed_working_set
NEU1,EXCITATION,CHF3,CF3 + H,11,0,85.03,2.101e-20,8,9,swarm_regressed_working_set
NEU1,EXCITATION,CHF3,CF3 + H,11,0,85.63,2.125e-20,8,9,swarm_regressed_working_set
NEU1,EXCITATION,CHF3,CF3 + H,11,0,86.23,2.149e-20,8,9,swarm_regressed_working_set
NEU1,EXCITATION,CHF3,CF3 + H,11,0,86.83,2.173e-20,8,9,swarm_regressed_working_set
NEU1,EXCITATION,CHF3,CF3 + H,11,0,87.44,2.197e-20,8,9,swarm_regressed_working_set
NEU1,EXCITATION,CHF3,CF3 + H,11,0,88.04,2.222e-20,8,9,swarm_regressed_working_set
NEU1,EXCITATION,CHF3,CF3 + H,11,0,88.64,2.246e-20,8,9,swarm_regressed_working_set
NEU1,EXCITATION,CHF3,CF3 + H,11,0,89.25,2.27e-20,8,9,swarm_regressed_working_set
NEU1,EXCITATION,CHF3,CF3 + H,11,0,89.85,2.294e-20,8,9,swarm_regressed_working_set
NEU1,EXCITATION,CHF3,CF3 + H,11,0,90.45,2.307e-20,8,9,swarm_regressed_working_set
NEU1,EXCITATION,CHF3,CF3 + H,11,0,91.06,2.316e-20,8,9,swarm_regressed_working_set
NEU1,EXCITATION,CHF3,CF3 + H,11,0,91.66,2.325e-20,8,9,swarm_regressed_working_set
NEU1,EXCITATION,CHF3,CF3 + H,11,0,92.26,2.334e-20,8,9,swarm_regressed_working_set
NEU1,EXCITATION,CHF3,CF3 + H,11,0,92.86,2.343e-20,8,9,swarm_regressed_working_set
NEU1,EXCITATION,CHF3,CF3 + H,11,0,93.47,2.352e-20,8,9,swarm_regressed_working_set
NEU1,EXCITATION,CHF3,CF3 + H,11,0,94.07,2.361e-20,8,9,swarm_regressed_working_set
NEU1,EXCITATION,CHF3,CF3 + H,11,0,94.67,2.37e-20,8,9,swarm_regressed_working_set
NEU1,EXCITATION,CHF3,CF3 + H,11,0,95.28,2.379e-20,8,9,swarm_regressed_working_set
NEU1,EXCITATION,CHF3,CF3 + H,11,0,95.88,2.388e-20,8,9,swarm_regressed_working_set
NEU1,EXCITATION,CHF3,CF3 + H,11,0,96.48,2.397e-20,8,9,swarm_regressed_working_set
NEU1,EXCITATION,CHF3,CF3 + H,11,0,97.09,2.406e-20,8,9,swarm_regressed_working_set
NEU1,EXCITATION,CHF3,CF3 + H,11,0,97.69,2.415e-20,8,9,swarm_regressed_working_set
NEU1,EXCITATION,CHF3,CF3 + H,11,0,98.29,2.424e-20,8,9,swarm_regressed_working_set
NEU1,EXCITATION,CHF3,CF3 + H,11,0,98.89,2.433e-20,8,9,swarm_regressed_working_set
NEU1,EXCITATION,CHF3,CF3 + H,11,0,99.5,2.442e-20,8,9,swarm_regressed_working_set
NEU1,EXCITATION,CHF3,CF3 + H,11,0,100.1,2.451e-20,8,9,swarm_regressed_working_set
NEU1,EXCITATION,CHF3,CF3 + H,11,0,100.7,2.454e-20,8,9,swarm_regressed_working_set
NEU1,EXCITATION,CHF3,CF3 + H,11,0,101.3,2.457e-20,8,9,swarm_regressed_working_set
NEU1,EXCITATION,CHF3,CF3 + H,11,0,101.9,2.46e-20,8,9,swarm_regressed_working_set
NEU1,EXCITATION,CHF3,CF3 + H,11,0,102.5,2.463e-20,8,9,swarm_regressed_working_set
NEU1,EXCITATION,CHF3,CF3 + H,11,0,103.1,2.466e-20,8,9,swarm_regressed_working_set
NEU1,EXCITATION,CHF3,CF3 + H,11,0,103.7,2.469e-20,8,9,swarm_regressed_working_set
NEU1,EXCITATION,CHF3,CF3 + H,11,0,104.3,2.472e-20,8,9,swarm_regressed_working_set
NEU1,EXCITATION,CHF3,CF3 + H,11,0,104.9,2.475e-20,8,9,swarm_regressed_working_set
NEU1,EXCITATION,CHF3,CF3 + H,11,0,105.5,2.478e-20,8,9,swarm_regressed_working_set
NEU1,EXCITATION,CHF3,CF3 + H,11,0,106.1,2.481e-20,8,9,swarm_regressed_working_set
NEU1,EXCITATION,CHF3,CF3 + H,11,0,106.7,2.484e-20,8,9,swarm_regressed_working_set
NEU1,EXCITATION,CHF3,CF3 + H,11,0,107.3,2.487e-20,8,9,swarm_regressed_working_set
NEU1,EXCITATION,CHF3,CF3 + H,11,0,107.9,2.49e-20,8,9,swarm_regressed_working_set
NEU1,EXCITATION,CHF3,CF3 + H,11,0,108.5,2.493e-20,8,9,swarm_regressed_working_set
NEU1,EXCITATION,CHF3,CF3 + H,11,0,109.1,2.496e-20,8,9,swarm_regressed_working_set
NEU1,EXCITATION,CHF3,CF3 + H,11,0,109.7,2.499e-20,8,9,swarm_regressed_working_set
NEU1,EXCITATION,CHF3,CF3 + H,11,0,110.4,2.496e-20,8,9,swarm_regressed_working_set
NEU1,EXCITATION,CHF3,CF3 + H,11,0,111,2.49e-20,8,9,swarm_regressed_working_set
NEU1,EXCITATION,CHF3,CF3 + H,11,0,111.6,2.484e-20,8,9,swarm_regressed_working_set
NEU1,EXCITATION,CHF3,CF3 + H,11,0,112.2,2.478e-20,8,9,swarm_regressed_working_set
NEU1,EXCITATION,CHF3,CF3 + H,11,0,112.8,2.472e-20,8,9,swarm_regressed_working_set
NEU1,EXCITATION,CHF3,CF3 + H,11,0,113.4,2.466e-20,8,9,swarm_regressed_working_set
NEU1,EXCITATION,CHF3,CF3 + H,11,0,114,2.46e-20,8,9,swarm_regressed_working_set
NEU1,EXCITATION,CHF3,CF3 + H,11,0,114.6,2.454e-20,8,9,swarm_regressed_working_set
NEU1,EXCITATION,CHF3,CF3 + H,11,0,115.2,2.448e-20,8,9,swarm_regressed_working_set
NEU1,EXCITATION,CHF3,CF3 + H,11,0,115.8,2.442e-20,8,9,swarm_regressed_working_set
NEU1,EXCITATION,CHF3,CF3 + H,11,0,116.4,2.436e-20,8,9,swarm_regressed_working_set
NEU1,EXCITATION,CHF3,CF3 + H,11,0,117,2.43e-20,8,9,swarm_regressed_working_set
NEU1,EXCITATION,CHF3,CF3 + H,11,0,117.6,2.424e-20,8,9,swarm_regressed_working_set
NEU1,EXCITATION,CHF3,CF3 + H,11,0,118.2,2.418e-20,8,9,swarm_regressed_working_set
NEU1,EXCITATION,CHF3,CF3 + H,11,0,118.8,2.412e-20,8,9,swarm_regressed_working_set
NEU1,EXCITATION,CHF3,CF3 + H,11,0,119.4,2.406e-20,8,9,swarm_regressed_working_set
NEU1,EXCITATION,CHF3,CF3 + H,11,0,120,2.4e-20,8,9,swarm_regressed_working_set
NEU2,EXCITATION,CHF3,CHF2 + F,13,0,0,0,8,10,swarm_regressed_working_set
NEU2,EXCITATION,CHF3,CHF2 + F,13,0,0.603,0,8,10,swarm_regressed_working_set
NEU2,EXCITATION,CHF3,CHF2 + F,13,0,1.206,0,8,10,swarm_regressed_working_set
NEU2,EXCITATION,CHF3,CHF2 + F,13,0,1.809,0,8,10,swarm_regressed_working_set
NEU2,EXCITATION,CHF3,CHF2 + F,13,0,2.412,0,8,10,swarm_regressed_working_set
NEU2,EXCITATION,CHF3,CHF2 + F,13,0,3.015,0,8,10,swarm_regressed_working_set
NEU2,EXCITATION,CHF3,CHF2 + F,13,0,3.618,0,8,10,swarm_regressed_working_set
NEU2,EXCITATION,CHF3,CHF2 + F,13,0,4.221,0,8,10,swarm_regressed_working_set
NEU2,EXCITATION,CHF3,CHF2 + F,13,0,4.824,0,8,10,swarm_regressed_working_set
NEU2,EXCITATION,CHF3,CHF2 + F,13,0,5.427,0,8,10,swarm_regressed_working_set
NEU2,EXCITATION,CHF3,CHF2 + F,13,0,6.03,0,8,10,swarm_regressed_working_set
NEU2,EXCITATION,CHF3,CHF2 + F,13,0,6.633,0,8,10,swarm_regressed_working_set
NEU2,EXCITATION,CHF3,CHF2 + F,13,0,7.236,0,8,10,swarm_regressed_working_set
NEU2,EXCITATION,CHF3,CHF2 + F,13,0,7.839,0,8,10,swarm_regressed_working_set
NEU2,EXCITATION,CHF3,CHF2 + F,13,0,8.442,0,8,10,swarm_regressed_working_set
NEU2,EXCITATION,CHF3,CHF2 + F,13,0,9.045,0,8,10,swarm_regressed_working_set
NEU2,EXCITATION,CHF3,CHF2 + F,13,0,9.648,0,8,10,swarm_regressed_working_set
NEU2,EXCITATION,CHF3,CHF2 + F,13,0,10.25,0,8,10,swarm_regressed_working_set
NEU2,EXCITATION,CHF3,CHF2 + F,13,0,10.85,0,8,10,swarm_regressed_working_set
NEU2,EXCITATION,CHF3,CHF2 + F,13,0,11.46,0,8,10,swarm_regressed_working_set
NEU2,EXCITATION,CHF3,CHF2 + F,13,0,12.06,0,8,10,swarm_regressed_working_set
NEU2,EXCITATION,CHF3,CHF2 + F,13,0,12.66,0,8,10,swarm_regressed_working_set
NEU2,EXCITATION,CHF3,CHF2 + F,13,0,13.27,1.902e-24,8,10,swarm_regressed_working_set
NEU2,EXCITATION,CHF3,CHF2 + F,13,0,13.87,6.21e-24,8,10,swarm_regressed_working_set
NEU2,EXCITATION,CHF3,CHF2 + F,13,0,14.47,1.052e-23,8,10,swarm_regressed_working_set
NEU2,EXCITATION,CHF3,CHF2 + F,13,0,15.08,1.482e-23,8,10,swarm_regressed_working_set
NEU2,EXCITATION,CHF3,CHF2 + F,13,0,15.68,1.913e-23,8,10,swarm_regressed_working_set
NEU2,EXCITATION,CHF3,CHF2 + F,13,0,16.28,2.344e-23,8,10,swarm_regressed_working_set
NEU2,EXCITATION,CHF3,CHF2 + F,13,0,16.88,2.775e-23,8,10,swarm_regressed_working_set
NEU2,EXCITATION,CHF3,CHF2 + F,13,0,17.49,3.205e-23,8,10,swarm_regressed_working_set
NEU2,EXCITATION,CHF3,CHF2 + F,13,0,18.09,3.636e-23,8,10,swarm_regressed_working_set
NEU2,EXCITATION,CHF3,CHF2 + F,13,0,18.69,4.067e-23,8,10,swarm_regressed_working_set
NEU2,EXCITATION,CHF3,CHF2 + F,13,0,19.3,4.497e-23,8,10,swarm_regressed_working_set
NEU2,EXCITATION,CHF3,CHF2 + F,13,0,19.9,4.928e-23,8,10,swarm_regressed_working_set
NEU2,EXCITATION,CHF3,CHF2 + F,13,0,20.5,5.503e-23,8,10,swarm_regressed_working_set
NEU2,EXCITATION,CHF3,CHF2 + F,13,0,21.11,6.106e-23,8,10,swarm_regressed_working_set
NEU2,EXCITATION,CHF3,CHF2 + F,13,0,21.71,6.709e-23,8,10,swarm_regressed_working_set
NEU2,EXCITATION,CHF3,CHF2 + F,13,0,22.31,7.312e-23,8,10,swarm_regressed_working_set
NEU2,EXCITATION,CHF3,CHF2 + F,13,0,22.91,7.915e-23,8,10,swarm_regressed_working_set
NEU2,EXCITATION,CHF3,CHF2 + F,13,0,23.52,8.518e-23,8,10,swarm_regressed_working_set
NEU2,EXCITATION,CHF3,CHF2 + F,13,0,24.12,9.121e-23,8,10,swarm_regressed_working_set
NEU2,EXCITATION,CHF3,CHF2 + F,13,0,24.72,9.724e-23,8,10,swarm_regressed_working_set
NEU2,EXCITATION,CHF3,CHF2 + F,13,0,25.33,1.033e-22,8,10,swarm_regressed_working_set
NEU2,EXCITATION,CHF3,CHF2 + F,13,0,25.93,1.093e-22,8,10,swarm_regressed_working_set
NEU2,EXCITATION,CHF3,CHF2 + F,13,0,26.53,1.153e-22,8,10,swarm_regressed_working_set
NEU2,EXCITATION,CHF3,CHF2 + F,13,0,27.14,1.214e-22,8,10,swarm_regressed_working_set
NEU2,EXCITATION,CHF3,CHF2 + F,13,0,27.74,1.274e-22,8,10,swarm_regressed_working_set
NEU2,EXCITATION,CHF3,CHF2 + F,13,0,28.34,1.334e-22,8,10,swarm_regressed_working_set
NEU2,EXCITATION,CHF3,CHF2 + F,13,0,28.94,1.394e-22,8,10,swarm_regressed_working_set
NEU2,EXCITATION,CHF3,CHF2 + F,13,0,29.55,1.455e-22,8,10,swarm_regressed_working_set
NEU2,EXCITATION,CHF3,CHF2 + F,13,0,30.15,1.515e-22,8,10,swarm_regressed_working_set
NEU2,EXCITATION,CHF3,CHF2 + F,13,0,30.75,1.575e-22,8,10,swarm_regressed_working_set
NEU2,EXCITATION,CHF3,CHF2 + F,13,0,31.36,1.636e-22,8,10,swarm_regressed_working_set
NEU2,EXCITATION,CHF3,CHF2 + F,13,0,31.96,1.696e-22,8,10,swarm_regressed_working_set
NEU2,EXCITATION,CHF3,CHF2 + F,13,0,32.56,1.756e-22,8,10,swarm_regressed_working_set
NEU2,EXCITATION,CHF3,CHF2 + F,13,0,33.17,1.817e-22,8,10,swarm_regressed_working_set
NEU2,EXCITATION,CHF3,CHF2 + F,13,0,33.77,1.877e-22,8,10,swarm_regressed_working_set
NEU2,EXCITATION,CHF3,CHF2 + F,13,0,34.37,1.937e-22,8,10,swarm_regressed_working_set
NEU2,EXCITATION,CHF3,CHF2 + F,13,0,34.97,1.997e-22,8,10,swarm_regressed_working_set
NEU2,EXCITATION,CHF3,CHF2 + F,13,0,35.58,2.058e-22,8,10,swarm_regressed_working_set
NEU2,EXCITATION,CHF3,CHF2 + F,13,0,36.18,2.118e-22,8,10,swarm_regressed_working_set
NEU2,EXCITATION,CHF3,CHF2 + F,13,0,36.78,2.178e-22,8,10,swarm_regressed_working_set
NEU2,EXCITATION,CHF3,CHF2 + F,13,0,37.39,2.239e-22,8,10,swarm_regressed_working_set
NEU2,EXCITATION,CHF3,CHF2 + F,13,0,37.99,2.299e-22,8,10,swarm_regressed_working_set
NEU2,EXCITATION,CHF3,CHF2 + F,13,0,38.59,2.359e-22,8,10,swarm_regressed_working_set
NEU2,EXCITATION,CHF3,CHF2 + F,13,0,39.2,2.42e-22,8,10,swarm_regressed_working_set
NEU2,EXCITATION,CHF3,CHF2 + F,13,0,39.8,2.48e-22,8,10,swarm_regressed_working_set
NEU2,EXCITATION,CHF3,CHF2 + F,13,0,40.4,2.56e-22,8,10,swarm_regressed_working_set
NEU2,EXCITATION,CHF3,CHF2 + F,13,0,41.01,2.651e-22,8,10,swarm_regressed_working_set
NEU2,EXCITATION,CHF3,CHF2 + F,13,0,41.61,2.741e-22,8,10,swarm_regressed_working_set
NEU2,EXCITATION,CHF3,CHF2 + F,13,0,42.21,2.832e-22,8,10,swarm_regressed_working_set
NEU2,EXCITATION,CHF3,CHF2 + F,13,0,42.81,2.922e-22,8,10,swarm_regressed_working_set
NEU2,EXCITATION,CHF3,CHF2 + F,13,0,43.42,3.013e-22,8,10,swarm_regressed_working_set
NEU2,EXCITATION,CHF3,CHF2 + F,13,0,44.02,3.103e-22,8,10,swarm_regressed_working_set
NEU2,EXCITATION,CHF3,CHF2 + F,13,0,44.62,3.193e-22,8,10,swarm_regressed_working_set
NEU2,EXCITATION,CHF3,CHF2 + F,13,0,45.23,3.284e-22,8,10,swarm_regressed_working_set
NEU2,EXCITATION,CHF3,CHF2 + F,13,0,45.83,3.374e-22,8,10,swarm_regressed_working_set
NEU2,EXCITATION,CHF3,CHF2 + F,13,0,46.43,3.465e-22,8,10,swarm_regressed_working_set
NEU2,EXCITATION,CHF3,CHF2 + F,13,0,47.04,3.555e-22,8,10,swarm_regressed_working_set
NEU2,EXCITATION,CHF3,CHF2 + F,13,0,47.64,3.646e-22,8,10,swarm_regressed_working_set
NEU2,EXCITATION,CHF3,CHF2 + F,13,0,48.24,3.736e-22,8,10,swarm_regressed_working_set
NEU2,EXCITATION,CHF3,CHF2 + F,13,0,48.84,3.827e-22,8,10,swarm_regressed_working_set
NEU2,EXCITATION,CHF3,CHF2 + F,13,0,49.45,3.917e-22,8,10,swarm_regressed_working_set
NEU2,EXCITATION,CHF3,CHF2 + F,13,0,50.05,4.005e-22,8,10,swarm_regressed_working_set
NEU2,EXCITATION,CHF3,CHF2 + F,13,0,50.65,4.065e-22,8,10,swarm_regressed_working_set
NEU2,EXCITATION,CHF3,CHF2 + F,13,0,51.26,4.126e-22,8,10,swarm_regressed_working_set
NEU2,EXCITATION,CHF3,CHF2 + F,13,0,51.86,4.186e-22,8,10,swarm_regressed_working_set
NEU2,EXCITATION,CHF3,CHF2 + F,13,0,52.46,4.246e-22,8,10,swarm_regressed_working_set
NEU2,EXCITATION,CHF3,CHF2 + F,13,0,53.07,4.307e-22,8,10,swarm_regressed_working_set
NEU2,EXCITATION,CHF3,CHF2 + F,13,0,53.67,4.367e-22,8,10,swarm_regressed_working_set
NEU2,EXCITATION,CHF3,CHF2 + F,13,0,54.27,4.427e-22,8,10,swarm_regressed_working_set
NEU2,EXCITATION,CHF3,CHF2 + F,13,0,54.87,4.487e-22,8,10,swarm_regressed_working_set
NEU2,EXCITATION,CHF3,CHF2 + F,13,0,55.48,4.548e-22,8,10,swarm_regressed_working_set
NEU2,EXCITATION,CHF3,CHF2 + F,13,0,56.08,4.608e-22,8,10,swarm_regressed_working_set
NEU2,EXCITATION,CHF3,CHF2 + F,13,0,56.68,4.668e-22,8,10,swarm_regressed_working_set
NEU2,EXCITATION,CHF3,CHF2 + F,13,0,57.29,4.729e-22,8,10,swarm_regressed_working_set
NEU2,EXCITATION,CHF3,CHF2 + F,13,0,57.89,4.789e-22,8,10,swarm_regressed_working_set
NEU2,EXCITATION,CHF3,CHF2 + F,13,0,58.49,4.849e-22,8,10,swarm_regressed_working_set
NEU2,EXCITATION,CHF3,CHF2 + F,13,0,59.1,4.91e-22,8,10,swarm_regressed_working_set
NEU2,EXCITATION,CHF3,CHF2 + F,13,0,59.7,4.97e-22,8,10,swarm_regressed_working_set
NEU2,EXCITATION,CHF3,CHF2 + F,13,0,60.3,5.106e-22,8,10,swarm_regressed_working_set
NEU2,EXCITATION,CHF3,CHF2 + F,13,0,60.9,5.317e-22,8,10,swarm_regressed_working_set
NEU2,EXCITATION,CHF3,CHF2 + F,13,0,61.51,5.528e-22,8,10,swarm_regressed_working_set
NEU2,EXCITATION,CHF3,CHF2 + F,13,0,62.11,5.739e-22,8,10,swarm_regressed_working_set
NEU2,EXCITATION,CHF3,CHF2 + F,13,0,62.71,5.95e-22,8,10,swarm_regressed_working_set
NEU2,EXCITATION,CHF3,CHF2 + F,13,0,63.32,6.161e-22,8,10,swarm_regressed_working_set
NEU2,EXCITATION,CHF3,CHF2 + F,13,0,63.92,6.372e-22,8,10,swarm_regressed_working_set
NEU2,EXCITATION,CHF3,CHF2 + F,13,0,64.52,6.583e-22,8,10,swarm_regressed_working_set
NEU2,EXCITATION,CHF3,CHF2 + F,13,0,65.13,6.794e-22,8,10,swarm_regressed_working_set
NEU2,EXCITATION,CHF3,CHF2 + F,13,0,65.73,7.005e-22,8,10,swarm_regressed_working_set
NEU2,EXCITATION,CHF3,CHF2 + F,13,0,66.33,7.216e-22,8,10,swarm_regressed_working_set
NEU2,EXCITATION,CHF3,CHF2 + F,13,0,66.93,7.427e-22,8,10,swarm_regressed_working_set
NEU2,EXCITATION,CHF3,CHF2 + F,13,0,67.54,7.638e-22,8,10,swarm_regressed_working_set
NEU2,EXCITATION,CHF3,CHF2 + F,13,0,68.14,7.849e-22,8,10,swarm_regressed_working_set
NEU2,EXCITATION,CHF3,CHF2 + F,13,0,68.74,8.06e-22,8,10,swarm_regressed_working_set
NEU2,EXCITATION,CHF3,CHF2 + F,13,0,69.35,8.271e-22,8,10,swarm_regressed_working_set
NEU2,EXCITATION,CHF3,CHF2 + F,13,0,69.95,8.482e-22,8,10,swarm_regressed_working_set
NEU2,EXCITATION,CHF3,CHF2 + F,13,0,70.55,8.693e-22,8,10,swarm_regressed_working_set
NEU2,EXCITATION,CHF3,CHF2 + F,13,0,71.16,8.905e-22,8,10,swarm_regressed_working_set
NEU2,EXCITATION,CHF3,CHF2 + F,13,0,71.76,9.116e-22,8,10,swarm_regressed_working_set
NEU2,EXCITATION,CHF3,CHF2 + F,13,0,72.36,9.327e-22,8,10,swarm_regressed_working_set
NEU2,EXCITATION,CHF3,CHF2 + F,13,0,72.96,9.538e-22,8,10,swarm_regressed_working_set
NEU2,EXCITATION,CHF3,CHF2 + F,13,0,73.57,9.749e-22,8,10,swarm_regressed_working_set
NEU2,EXCITATION,CHF3,CHF2 + F,13,0,74.17,9.96e-22,8,10,swarm_regressed_working_set
NEU2,EXCITATION,CHF3,CHF2 + F,13,0,74.77,1.017e-21,8,10,swarm_regressed_working_set
NEU2,EXCITATION,CHF3,CHF2 + F,13,0,75.38,1.038e-21,8,10,swarm_regressed_working_set
NEU2,EXCITATION,CHF3,CHF2 + F,13,0,75.98,1.059e-21,8,10,swarm_regressed_working_set
NEU2,EXCITATION,CHF3,CHF2 + F,13,0,76.58,1.08e-21,8,10,swarm_regressed_working_set
NEU2,EXCITATION,CHF3,CHF2 + F,13,0,77.19,1.102e-21,8,10,swarm_regressed_working_set
NEU2,EXCITATION,CHF3,CHF2 + F,13,0,77.79,1.123e-21,8,10,swarm_regressed_working_set
NEU2,EXCITATION,CHF3,CHF2 + F,13,0,78.39,1.144e-21,8,10,swarm_regressed_working_set
NEU2,EXCITATION,CHF3,CHF2 + F,13,0,78.99,1.165e-21,8,10,swarm_regressed_working_set
NEU2,EXCITATION,CHF3,CHF2 + F,13,0,79.6,1.186e-21,8,10,swarm_regressed_working_set
NEU2,EXCITATION,CHF3,CHF2 + F,13,0,80.2,1.203e-21,8,10,swarm_regressed_working_set
NEU2,EXCITATION,CHF3,CHF2 + F,13,0,80.8,1.212e-21,8,10,swarm_regressed_working_set
NEU2,EXCITATION,CHF3,CHF2 + F,13,0,81.41,1.221e-21,8,10,swarm_regressed_working_set
NEU2,EXCITATION,CHF3,CHF2 + F,13,0,82.01,1.23e-21,8,10,swarm_regressed_working_set
NEU2,EXCITATION,CHF3,CHF2 + F,13,0,82.61,1.239e-21,8,10,swarm_regressed_working_set
NEU2,EXCITATION,CHF3,CHF2 + F,13,0,83.22,1.248e-21,8,10,swarm_regressed_working_set
NEU2,EXCITATION,CHF3,CHF2 + F,13,0,83.82,1.257e-21,8,10,swarm_regressed_working_set
NEU2,EXCITATION,CHF3,CHF2 + F,13,0,84.42,1.266e-21,8,10,swarm_regressed_working_set
NEU2,EXCITATION,CHF3,CHF2 + F,13,0,85.03,1.275e-21,8,10,swarm_regressed_working_set
NEU2,EXCITATION,CHF3,CHF2 + F,13,0,85.63,1.284e-21,8,10,swarm_regressed_working_set
NEU2,EXCITATION,CHF3,CHF2 + F,13,0,86.23,1.293e-21,8,10,swarm_regressed_working_set
NEU2,EXCITATION,CHF3,CHF2 + F,13,0,86.83,1.303e-21,8,10,swarm_regressed_working_set
NEU2,EXCITATION,CHF3,CHF2 + F,13,0,87.44,1.312e-21,8,10,swarm_regressed_working_set
NEU2,EXCITATION,CHF3,CHF2 + F,13,0,88.04,1.321e-21,8,10,swarm_regressed_working_set
NEU2,EXCITATION,CHF3,CHF2 + F,13,0,88.64,1.33e-21,8,10,swarm_regressed_working_set
NEU2,EXCITATION,CHF3,CHF2 + F,13,0,89.25,1.339e-21,8,10,swarm_regressed_working_set
NEU2,EXCITATION,CHF3,CHF2 + F,13,0,89.85,1.348e-21,8,10,swarm_regressed_working_set
NEU2,EXCITATION,CHF3,CHF2 + F,13,0,90.45,1.361e-21,8,10,swarm_regressed_working_set
NEU2,EXCITATION,CHF3,CHF2 + F,13,0,91.06,1.376e-21,8,10,swarm_regressed_working_set
NEU2,EXCITATION,CHF3,CHF2 + F,13,0,91.66,1.391e-21,8,10,swarm_regressed_working_set
NEU2,EXCITATION,CHF3,CHF2 + F,13,0,92.26,1.407e-21,8,10,swarm_regressed_working_set
NEU2,EXCITATION,CHF3,CHF2 + F,13,0,92.86,1.422e-21,8,10,swarm_regressed_working_set
NEU2,EXCITATION,CHF3,CHF2 + F,13,0,93.47,1.437e-21,8,10,swarm_regressed_working_set
NEU2,EXCITATION,CHF3,CHF2 + F,13,0,94.07,1.452e-21,8,10,swarm_regressed_working_set
NEU2,EXCITATION,CHF3,CHF2 + F,13,0,94.67,1.467e-21,8,10,swarm_regressed_working_set
NEU2,EXCITATION,CHF3,CHF2 + F,13,0,95.28,1.482e-21,8,10,swarm_regressed_working_set
NEU2,EXCITATION,CHF3,CHF2 + F,13,0,95.88,1.497e-21,8,10,swarm_regressed_working_set
NEU2,EXCITATION,CHF3,CHF2 + F,13,0,96.48,1.512e-21,8,10,swarm_regressed_working_set
NEU2,EXCITATION,CHF3,CHF2 + F,13,0,97.09,1.527e-21,8,10,swarm_regressed_working_set
NEU2,EXCITATION,CHF3,CHF2 + F,13,0,97.69,1.542e-21,8,10,swarm_regressed_working_set
NEU2,EXCITATION,CHF3,CHF2 + F,13,0,98.29,1.557e-21,8,10,swarm_regressed_working_set
NEU2,EXCITATION,CHF3,CHF2 + F,13,0,98.89,1.572e-21,8,10,swarm_regressed_working_set
NEU2,EXCITATION,CHF3,CHF2 + F,13,0,99.5,1.587e-21,8,10,swarm_regressed_working_set
NEU2,EXCITATION,CHF3,CHF2 + F,13,0,100.1,1.601e-21,8,10,swarm_regressed_working_set
NEU2,EXCITATION,CHF3,CHF2 + F,13,0,100.7,1.607e-21,8,10,swarm_regressed_working_set
NEU2,EXCITATION,CHF3,CHF2 + F,13,0,101.3,1.613e-21,8,10,swarm_regressed_working_set
NEU2,EXCITATION,CHF3,CHF2 + F,13,0,101.9,1.619e-21,8,10,swarm_regressed_working_set
NEU2,EXCITATION,CHF3,CHF2 + F,13,0,102.5,1.625e-21,8,10,swarm_regressed_working_set
NEU2,EXCITATION,CHF3,CHF2 + F,13,0,103.1,1.631e-21,8,10,swarm_regressed_working_set
NEU2,EXCITATION,CHF3,CHF2 + F,13,0,103.7,1.637e-21,8,10,swarm_regressed_working_set
NEU2,EXCITATION,CHF3,CHF2 + F,13,0,104.3,1.643e-21,8,10,swarm_regressed_working_set
NEU2,EXCITATION,CHF3,CHF2 + F,13,0,104.9,1.649e-21,8,10,swarm_regressed_working_set
NEU2,EXCITATION,CHF3,CHF2 + F,13,0,105.5,1.655e-21,8,10,swarm_regressed_working_set
NEU2,EXCITATION,CHF3,CHF2 + F,13,0,106.1,1.661e-21,8,10,swarm_regressed_working_set
NEU2,EXCITATION,CHF3,CHF2 + F,13,0,106.7,1.667e-21,8,10,swarm_regressed_working_set
NEU2,EXCITATION,CHF3,CHF2 + F,13,0,107.3,1.673e-21,8,10,swarm_regressed_working_set
NEU2,EXCITATION,CHF3,CHF2 + F,13,0,107.9,1.679e-21,8,10,swarm_regressed_working_set
NEU2,EXCITATION,CHF3,CHF2 + F,13,0,108.5,1.685e-21,8,10,swarm_regressed_working_set
NEU2,EXCITATION,CHF3,CHF2 + F,13,0,109.1,1.691e-21,8,10,swarm_regressed_working_set
NEU2,EXCITATION,CHF3,CHF2 + F,13,0,109.7,1.697e-21,8,10,swarm_regressed_working_set
NEU2,EXCITATION,CHF3,CHF2 + F,13,0,110.4,1.707e-21,8,10,swarm_regressed_working_set
NEU2,EXCITATION,CHF3,CHF2 + F,13,0,111,1.719e-21,8,10,swarm_regressed_working_set
NEU2,EXCITATION,CHF3,CHF2 + F,13,0,111.6,1.731e-21,8,10,swarm_regressed_working_set
NEU2,EXCITATION,CHF3,CHF2 + F,13,0,112.2,1.743e-21,8,10,swarm_regressed_working_set
NEU2,EXCITATION,CHF3,CHF2 + F,13,0,112.8,1.755e-21,8,10,swarm_regressed_working_set
NEU2,EXCITATION,CHF3,CHF2 + F,13,0,113.4,1.767e-21,8,10,swarm_regressed_working_set
NEU2,EXCITATION,CHF3,CHF2 + F,13,0,114,1.779e-21,8,10,swarm_regressed_working_set
NEU2,EXCITATION,CHF3,CHF2 + F,13,0,114.6,1.791e-21,8,10,swarm_regressed_working_set
NEU2,EXCITATION,CHF3,CHF2 + F,13,0,115.2,1.804e-21,8,10,swarm_regressed_working_set
NEU2,EXCITATION,CHF3,CHF2 + F,13,0,115.8,1.816e-21,8,10,swarm_regressed_working_set
NEU2,EXCITATION,CHF3,CHF2 + F,13,0,116.4,1.828e-21,8,10,swarm_regressed_working_set
NEU2,EXCITATION,CHF3,CHF2 + F,13,0,117,1.84e-21,8,10,swarm_regressed_working_set
NEU2,EXCITATION,CHF3,CHF2 + F,13,0,117.6,1.852e-21,8,10,swarm_regressed_working_set
NEU2,EXCITATION,CHF3,CHF2 + F,13,0,118.2,1.864e-21,8,10,swarm_regressed_working_set
NEU2,EXCITATION,CHF3,CHF2 + F,13,0,118.8,1.876e-21,8,10,swarm_regressed_working_set
NEU2,EXCITATION,CHF3,CHF2 + F,13,0,119.4,1.888e-21,8,10,swarm_regressed_working_set
NEU2,EXCITATION,CHF3,CHF2 + F,13,0,120,1.9e-21,8,10,swarm_regressed_working_set
NEU3,EXCITATION,CHF3,CF2 + H + F,23.6,0,0,0,8,11,swarm_regressed_working_set
NEU3,EXCITATION,CHF3,CF2 + H + F,23.6,0,0.603,0,8,11,swarm_regressed_working_set
NEU3,EXCITATION,CHF3,CF2 + H + F,23.6,0,1.206,0,8,11,swarm_regressed_working_set
NEU3,EXCITATION,CHF3,CF2 + H + F,23.6,0,1.809,0,8,11,swarm_regressed_working_set
NEU3,EXCITATION,CHF3,CF2 + H + F,23.6,0,2.412,0,8,11,swarm_regressed_working_set
NEU3,EXCITATION,CHF3,CF2 + H + F,23.6,0,3.015,0,8,11,swarm_regressed_working_set
NEU3,EXCITATION,CHF3,CF2 + H + F,23.6,0,3.618,0,8,11,swarm_regressed_working_set
NEU3,EXCITATION,CHF3,CF2 + H + F,23.6,0,4.221,0,8,11,swarm_regressed_working_set
NEU3,EXCITATION,CHF3,CF2 + H + F,23.6,0,4.824,0,8,11,swarm_regressed_working_set
NEU3,EXCITATION,CHF3,CF2 + H + F,23.6,0,5.427,0,8,11,swarm_regressed_working_set
NEU3,EXCITATION,CHF3,CF2 + H + F,23.6,0,6.03,0,8,11,swarm_regressed_working_set
NEU3,EXCITATION,CHF3,CF2 + H + F,23.6,0,6.633,0,8,11,swarm_regressed_working_set
NEU3,EXCITATION,CHF3,CF2 + H + F,23.6,0,7.236,0,8,11,swarm_regressed_working_set
NEU3,EXCITATION,CHF3,CF2 + H + F,23.6,0,7.839,0,8,11,swarm_regressed_working_set
NEU3,EXCITATION,CHF3,CF2 + H + F,23.6,0,8.442,0,8,11,swarm_regressed_working_set
NEU3,EXCITATION,CHF3,CF2 + H + F,23.6,0,9.045,0,8,11,swarm_regressed_working_set
NEU3,EXCITATION,CHF3,CF2 + H + F,23.6,0,9.648,0,8,11,swarm_regressed_working_set
NEU3,EXCITATION,CHF3,CF2 + H + F,23.6,0,10.25,0,8,11,swarm_regressed_working_set
NEU3,EXCITATION,CHF3,CF2 + H + F,23.6,0,10.85,0,8,11,swarm_regressed_working_set
NEU3,EXCITATION,CHF3,CF2 + H + F,23.6,0,11.46,0,8,11,swarm_regressed_working_set
NEU3,EXCITATION,CHF3,CF2 + H + F,23.6,0,12.06,0,8,11,swarm_regressed_working_set
NEU3,EXCITATION,CHF3,CF2 + H + F,23.6,0,12.66,0,8,11,swarm_regressed_working_set
NEU3,EXCITATION,CHF3,CF2 + H + F,23.6,0,13.27,0,8,11,swarm_regressed_working_set
NEU3,EXCITATION,CHF3,CF2 + H + F,23.6,0,13.87,0,8,11,swarm_regressed_working_set
NEU3,EXCITATION,CHF3,CF2 + H + F,23.6,0,14.47,0,8,11,swarm_regressed_working_set
NEU3,EXCITATION,CHF3,CF2 + H + F,23.6,0,15.08,0,8,11,swarm_regressed_working_set
NEU3,EXCITATION,CHF3,CF2 + H + F,23.6,0,15.68,0,8,11,swarm_regressed_working_set
NEU3,EXCITATION,CHF3,CF2 + H + F,23.6,0,16.28,0,8,11,swarm_regressed_working_set
NEU3,EXCITATION,CHF3,CF2 + H + F,23.6,0,16.88,0,8,11,swarm_regressed_working_set
NEU3,EXCITATION,CHF3,CF2 + H + F,23.6,0,17.49,0,8,11,swarm_regressed_working_set
NEU3,EXCITATION,CHF3,CF2 + H + F,23.6,0,18.09,0,8,11,swarm_regressed_working_set
NEU3,EXCITATION,CHF3,CF2 + H + F,23.6,0,18.69,0,8,11,swarm_regressed_working_set
NEU3,EXCITATION,CHF3,CF2 + H + F,23.6,0,19.3,0,8,11,swarm_regressed_working_set
NEU3,EXCITATION,CHF3,CF2 + H + F,23.6,0,19.9,0,8,11,swarm_regressed_working_set
NEU3,EXCITATION,CHF3,CF2 + H + F,23.6,0,20.5,0,8,11,swarm_regressed_working_set
NEU3,EXCITATION,CHF3,CF2 + H + F,23.6,0,21.11,0,8,11,swarm_regressed_working_set
NEU3,EXCITATION,CHF3,CF2 + H + F,23.6,0,21.71,0,8,11,swarm_regressed_working_set
NEU3,EXCITATION,CHF3,CF2 + H + F,23.6,0,22.31,0,8,11,swarm_regressed_working_set
NEU3,EXCITATION,CHF3,CF2 + H + F,23.6,0,22.91,0,8,11,swarm_regressed_working_set
NEU3,EXCITATION,CHF3,CF2 + H + F,23.6,0,23.52,0,8,11,swarm_regressed_working_set
NEU3,EXCITATION,CHF3,CF2 + H + F,23.6,0,24.12,5.694e-23,8,11,swarm_regressed_working_set
NEU3,EXCITATION,CHF3,CF2 + H + F,23.6,0,24.72,1.229e-22,8,11,swarm_regressed_working_set
NEU3,EXCITATION,CHF3,CF2 + H + F,23.6,0,25.33,1.889e-22,8,11,swarm_regressed_working_set
NEU3,EXCITATION,CHF3,CF2 + H + F,23.6,0,25.93,2.548e-22,8,11,swarm_regressed_working_set
NEU3,EXCITATION,CHF3,CF2 + H + F,23.6,0,26.53,3.208e-22,8,11,swarm_regressed_working_set
NEU3,EXCITATION,CHF3,CF2 + H + F,23.6,0,27.14,3.867e-22,8,11,swarm_regressed_working_set
NEU3,EXCITATION,CHF3,CF2 + H + F,23.6,0,27.74,4.527e-22,8,11,swarm_regressed_working_set
NEU3,EXCITATION,CHF3,CF2 + H + F,23.6,0,28.34,5.186e-22,8,11,swarm_regressed_working_set
NEU3,EXCITATION,CHF3,CF2 + H + F,23.6,0,28.94,5.846e-22,8,11,swarm_regressed_working_set
NEU3,EXCITATION,CHF3,CF2 + H + F,23.6,0,29.55,6.505e-22,8,11,swarm_regressed_working_set
NEU3,EXCITATION,CHF3,CF2 + H + F,23.6,0,30.15,7.166e-22,8,11,swarm_regressed_working_set
NEU3,EXCITATION,CHF3,CF2 + H + F,23.6,0,30.75,7.829e-22,8,11,swarm_regressed_working_set
NEU3,EXCITATION,CHF3,CF2 + H + F,23.6,0,31.36,8.492e-22,8,11,swarm_regressed_working_set
NEU3,EXCITATION,CHF3,CF2 + H + F,23.6,0,31.96,9.156e-22,8,11,swarm_regressed_working_set
NEU3,EXCITATION,CHF3,CF2 + H + F,23.6,0,32.56,9.819e-22,8,11,swarm_regressed_working_set
NEU3,EXCITATION,CHF3,CF2 + H + F,23.6,0,33.17,1.048e-21,8,11,swarm_regressed_working_set
NEU3,EXCITATION,CHF3,CF2 + H + F,23.6,0,33.77,1.115e-21,8,11,swarm_regressed_working_set
NEU3,EXCITATION,CHF3,CF2 + H + F,23.6,0,34.37,1.181e-21,8,11,swarm_regressed_working_set
NEU3,EXCITATION,CHF3,CF2 + H + F,23.6,0,34.97,1.247e-21,8,11,swarm_regressed_working_set
NEU3,EXCITATION,CHF3,CF2 + H + F,23.6,0,35.58,1.337e-21,8,11,swarm_regressed_working_set
NEU3,EXCITATION,CHF3,CF2 + H + F,23.6,0,36.18,1.427e-21,8,11,swarm_regressed_working_set
NEU3,EXCITATION,CHF3,CF2 + H + F,23.6,0,36.78,1.518e-21,8,11,swarm_regressed_working_set
NEU3,EXCITATION,CHF3,CF2 + H + F,23.6,0,37.39,1.608e-21,8,11,swarm_regressed_working_set
NEU3,EXCITATION,CHF3,CF2 + H + F,23.6,0,37.99,1.698e-21,8,11,swarm_regressed_working_set
NEU3,EXCITATION,CHF3,CF2 + H + F,23.6,0,38.59,1.789e-21,8,11,swarm_regressed_working_set
NEU3,EXCITATION,CHF3,CF2 + H + F,23.6,0,39.2,1.879e-21,8,11,swarm_regressed_working_set
NEU3,EXCITATION,CHF3,CF2 + H + F,23.6,0,39.8,1.97e-21,8,11,swarm_regressed_working_set
NEU3,EXCITATION,CHF3,CF2 + H + F,23.6,0,40.4,2.07e-21,8,11,swarm_regressed_working_set
NEU3,EXCITATION,CHF3,CF2 + H + F,23.6,0,41.01,2.176e-21,8,11,swarm_regressed_working_set
NEU3,EXCITATION,CHF3,CF2 + H + F,23.6,0,41.61,2.281e-21,8,11,swarm_regressed_working_set
NEU3,EXCITATION,CHF3,CF2 + H + F,23.6,0,42.21,2.387e-21,8,11,swarm_regressed_working_set
NEU3,EXCITATION,CHF3,CF2 + H + F,23.6,0,42.81,2.492e-21,8,11,swarm_regressed_working_set
NEU3,EXCITATION,CHF3,CF2 + H + F,23.6,0,43.42,2.598e-21,8,11,swarm_regressed_working_set
NEU3,EXCITATION,CHF3,CF2 + H + F,23.6,0,44.02,2.704e-21,8,11,swarm_regressed_working_set
NEU3,EXCITATION,CHF3,CF2 + H + F,23.6,0,44.62,2.809e-21,8,11,swarm_regressed_working_set
NEU3,EXCITATION,CHF3,CF2 + H + F,23.6,0,45.23,2.915e-21,8,11,swarm_regressed_working_set
NEU3,EXCITATION,CHF3,CF2 + H + F,23.6,0,45.83,3.02e-21,8,11,swarm_regressed_working_set
NEU3,EXCITATION,CHF3,CF2 + H + F,23.6,0,46.43,3.126e-21,8,11,swarm_regressed_working_set
NEU3,EXCITATION,CHF3,CF2 + H + F,23.6,0,47.04,3.231e-21,8,11,swarm_regressed_working_set
NEU3,EXCITATION,CHF3,CF2 + H + F,23.6,0,47.64,3.337e-21,8,11,swarm_regressed_working_set
NEU3,EXCITATION,CHF3,CF2 + H + F,23.6,0,48.24,3.442e-21,8,11,swarm_regressed_working_set
NEU3,EXCITATION,CHF3,CF2 + H + F,23.6,0,48.84,3.548e-21,8,11,swarm_regressed_working_set
NEU3,EXCITATION,CHF3,CF2 + H + F,23.6,0,49.45,3.653e-21,8,11,swarm_regressed_working_set
NEU3,EXCITATION,CHF3,CF2 + H + F,23.6,0,50.05,3.756e-21,8,11,swarm_regressed_working_set
NEU3,EXCITATION,CHF3,CF2 + H + F,23.6,0,50.65,3.825e-21,8,11,swarm_regressed_working_set
NEU3,EXCITATION,CHF3,CF2 + H + F,23.6,0,51.26,3.894e-21,8,11,swarm_regressed_working_set
NEU3,EXCITATION,CHF3,CF2 + H + F,23.6,0,51.86,3.964e-21,8,11,swarm_regressed_working_set
NEU3,EXCITATION,CHF3,CF2 + H + F,23.6,0,52.46,4.033e-21,8,11,swarm_regressed_working_set
NEU3,EXCITATION,CHF3,CF2 + H + F,23.6,0,53.07,4.103e-21,8,11,swarm_regressed_working_set
NEU3,EXCITATION,CHF3,CF2 + H + F,23.6,0,53.67,4.172e-21,8,11,swarm_regressed_working_set
NEU3,EXCITATION,CHF3,CF2 + H + F,23.6,0,54.27,4.241e-21,8,11,swarm_regressed_working_set
NEU3,EXCITATION,CHF3,CF2 + H + F,23.6,0,54.87,4.311e-21,8,11,swarm_regressed_working_set
NEU3,EXCITATION,CHF3,CF2 + H + F,23.6,0,55.48,4.38e-21,8,11,swarm_regressed_working_set
NEU3,EXCITATION,CHF3,CF2 + H + F,23.6,0,56.08,4.449e-21,8,11,swarm_regressed_working_set
NEU3,EXCITATION,CHF3,CF2 + H + F,23.6,0,56.68,4.519e-21,8,11,swarm_regressed_working_set
NEU3,EXCITATION,CHF3,CF2 + H + F,23.6,0,57.29,4.588e-21,8,11,swarm_regressed_working_set
NEU3,EXCITATION,CHF3,CF2 + H + F,23.6,0,57.89,4.657e-21,8,11,swarm_regressed_working_set
NEU3,EXCITATION,CHF3,CF2 + H + F,23.6,0,58.49,4.727e-21,8,11,swarm_regressed_working_set
NEU3,EXCITATION,CHF3,CF2 + H + F,23.6,0,59.1,4.796e-21,8,11,swarm_regressed_working_set
NEU3,EXCITATION,CHF3,CF2 + H + F,23.6,0,59.7,4.865e-21,8,11,swarm_regressed_working_set
NEU3,EXCITATION,CHF3,CF2 + H + F,23.6,0,60.3,4.909e-21,8,11,swarm_regressed_working_set
NEU3,EXCITATION,CHF3,CF2 + H + F,23.6,0,60.9,4.927e-21,8,11,swarm_regressed_working_set
NEU3,EXCITATION,CHF3,CF2 + H + F,23.6,0,61.51,4.945e-21,8,11,swarm_regressed_working_set
NEU3,EXCITATION,CHF3,CF2 + H + F,23.6,0,62.11,4.963e-21,8,11,swarm_regressed_working_set
NEU3,EXCITATION,CHF3,CF2 + H + F,23.6,0,62.71,4.981e-21,8,11,swarm_regressed_working_set
NEU3,EXCITATION,CHF3,CF2 + H + F,23.6,0,63.32,4.999e-21,8,11,swarm_regressed_working_set
NEU3,EXCITATION,CHF3,CF2 + H + F,23.6,0,63.92,5.018e-21,8,11,swarm_regressed_working_set
NEU3,EXCITATION,CHF3,CF2 + H + F,23.6,0,64.52,5.036e-21,8,11,swarm_regressed_working_set
NEU3,EXCITATION,CHF3,CF2 + H + F,23.6,0,65.13,5.054e-21,8,11,swarm_regressed_working_set
NEU3,EXCITATION,CHF3,CF2 + H + F,23.6,0,65.73,5.072e-21,8,11,swarm_regressed_working_set
NEU3,EXCITATION,CHF3,CF2 + H + F,23.6,0,66.33,5.09e-21,8,11,swarm_regressed_working_set
NEU3,EXCITATION,CHF3,CF2 + H + F,23.6,0,66.93,5.108e-21,8,11,swarm_regressed_working_set
NEU3,EXCITATION,CHF3,CF2 + H + F,23.6,0,67.54,5.126e-21,8,11,swarm_regressed_working_set
NEU3,EXCITATION,CHF3,CF2 + H + F,23.6,0,68.14,5.144e-21,8,11,swarm_regressed_working_set
NEU3,EXCITATION,CHF3,CF2 + H + F,23.6,0,68.74,5.162e-21,8,11,swarm_regressed_working_set
NEU3,EXCITATION,CHF3,CF2 + H + F,23.6,0,69.35,5.18e-21,8,11,swarm_regressed_working_set
NEU3,EXCITATION,CHF3,CF2 + H + F,23.6,0,69.95,5.198e-21,8,11,swarm_regressed_working_set
NEU3,EXCITATION,CHF3,CF2 + H + F,23.6,0,70.55,5.186e-21,8,11,swarm_regressed_working_set
NEU3,EXCITATION,CHF3,CF2 + H + F,23.6,0,71.16,5.171e-21,8,11,swarm_regressed_working_set
NEU3,EXCITATION,CHF3,CF2 + H + F,23.6,0,71.76,5.156e-21,8,11,swarm_regressed_working_set
NEU3,EXCITATION,CHF3,CF2 + H + F,23.6,0,72.36,5.141e-21,8,11,swarm_regressed_working_set
NEU3,EXCITATION,CHF3,CF2 + H + F,23.6,0,72.96,5.126e-21,8,11,swarm_regressed_working_set
NEU3,EXCITATION,CHF3,CF2 + H + F,23.6,0,73.57,5.111e-21,8,11,swarm_regressed_working_set
NEU3,EXCITATION,CHF3,CF2 + H + F,23.6,0,74.17,5.096e-21,8,11,swarm_regressed_working_set
NEU3,EXCITATION,CHF3,CF2 + H + F,23.6,0,74.77,5.081e-21,8,11,swarm_regressed_working_set
NEU3,EXCITATION,CHF3,CF2 + H + F,23.6,0,75.38,5.066e-21,8,11,swarm_regressed_working_set
NEU3,EXCITATION,CHF3,CF2 + H + F,23.6,0,75.98,5.051e-21,8,11,swarm_regressed_working_set
NEU3,EXCITATION,CHF3,CF2 + H + F,23.6,0,76.58,5.035e-21,8,11,swarm_regressed_working_set
NEU3,EXCITATION,CHF3,CF2 + H + F,23.6,0,77.19,5.02e-21,8,11,swarm_regressed_working_set
NEU3,EXCITATION,CHF3,CF2 + H + F,23.6,0,77.79,5.005e-21,8,11,swarm_regressed_working_set
NEU3,EXCITATION,CHF3,CF2 + H + F,23.6,0,78.39,4.99e-21,8,11,swarm_regressed_working_set
NEU3,EXCITATION,CHF3,CF2 + H + F,23.6,0,78.99,4.975e-21,8,11,swarm_regressed_working_set
NEU3,EXCITATION,CHF3,CF2 + H + F,23.6,0,79.6,4.96e-21,8,11,swarm_regressed_working_set
NEU3,EXCITATION,CHF3,CF2 + H + F,23.6,0,80.2,4.943e-21,8,11,swarm_regressed_working_set
NEU3,EXCITATION,CHF3,CF2 + H + F,23.6,0,80.8,4.922e-21,8,11,swarm_regressed_working_set
NEU3,EXCITATION,CHF3,CF2 + H + F,23.6,0,81.41,4.901e-21,8,11,swarm_regressed_working_set
NEU3,EXCITATION,CHF3,CF2 + H + F,23.6,0,82.01,4.88e-21,8,11,swarm_regressed_working_set
NEU3,EXCITATION,CHF3,CF2 + H + F,23.6,0,82.61,4.859e-21,8,11,swarm_regressed_working_set
NEU3,EXCITATION,CHF3,CF2 + H + F,23.6,0,83.22,4.837e-21,8,11,swarm_regressed_working_set
NEU3,EXCITATION,CHF3,CF2 + H + F,23.6,0,83.82,4.816e-21,8,11,swarm_regressed_working_set
NEU3,EXCITATION,CHF3,CF2 + H + F,23.6,0,84.42,4.795e-21,8,11,swarm_regressed_working_set
NEU3,EXCITATION,CHF3,CF2 + H + F,23.6,0,85.03,4.774e-21,8,11,swarm_regressed_working_set
NEU3,EXCITATION,CHF3,CF2 + H + F,23.6,0,85.63,4.753e-21,8,11,swarm_regressed_working_set
NEU3,EXCITATION,CHF3,CF2 + H + F,23.6,0,86.23,4.732e-21,8,11,swarm_regressed_working_set
NEU3,EXCITATION,CHF3,CF2 + H + F,23.6,0,86.83,4.711e-21,8,11,swarm_regressed_working_set
NEU3,EXCITATION,CHF3,CF2 + H + F,23.6,0,87.44,4.69e-21,8,11,swarm_regressed_working_set
NEU3,EXCITATION,CHF3,CF2 + H + F,23.6,0,88.04,4.669e-21,8,11,swarm_regressed_working_set
NEU3,EXCITATION,CHF3,CF2 + H + F,23.6,0,88.64,4.647e-21,8,11,swarm_regressed_working_set
NEU3,EXCITATION,CHF3,CF2 + H + F,23.6,0,89.25,4.626e-21,8,11,swarm_regressed_working_set
NEU3,EXCITATION,CHF3,CF2 + H + F,23.6,0,89.85,4.605e-21,8,11,swarm_regressed_working_set
NEU3,EXCITATION,CHF3,CF2 + H + F,23.6,0,90.45,4.6e-21,8,11,swarm_regressed_working_set
NEU3,EXCITATION,CHF3,CF2 + H + F,23.6,0,91.06,4.6e-21,8,11,swarm_regressed_working_set
NEU3,EXCITATION,CHF3,CF2 + H + F,23.6,0,91.66,4.6e-21,8,11,swarm_regressed_working_set
NEU3,EXCITATION,CHF3,CF2 + H + F,23.6,0,92.26,4.6e-21,8,11,swarm_regressed_working_set
NEU3,EXCITATION,CHF3,CF2 + H + F,23.6,0,92.86,4.6e-21,8,11,swarm_regressed_working_set
NEU3,EXCITATION,CHF3,CF2 + H + F,23.6,0,93.47,4.6e-21,8,11,swarm_regressed_working_set
NEU3,EXCITATION,CHF3,CF2 + H + F,23.6,0,94.07,4.6e-21,8,11,swarm_regressed_working_set
NEU3,EXCITATION,CHF3,CF2 + H + F,23.6,0,94.67,4.6e-21,8,11,swarm_regressed_working_set
NEU3,EXCITATION,CHF3,CF2 + H + F,23.6,0,95.28,4.6e-21,8,11,swarm_regressed_working_set
NEU3,EXCITATION,CHF3,CF2 + H + F,23.6,0,95.88,4.6e-21,8,11,swarm_regressed_working_set
NEU3,EXCITATION,CHF3,CF2 + H + F,23.6,0,96.48,4.6e-21,8,11,swarm_regressed_working_set
NEU3,EXCITATION,CHF3,CF2 + H + F,23.6,0,97.09,4.6e-21,8,11,swarm_regressed_working_set
NEU3,EXCITATION,CHF3,CF2 + H + F,23.6,0,97.69,4.6e-21,8,11,swarm_regressed_working_set
NEU3,EXCITATION,CHF3,CF2 + H + F,23.6,0,98.29,4.6e-21,8,11,swarm_regressed_working_set
NEU3,EXCITATION,CHF3,CF2 + H + F,23.6,0,98.89,4.6e-21,8,11,swarm_regressed_working_set
NEU3,EXCITATION,CHF3,CF2 + H + F,23.6,0,99.5,4.6e-21,8,11,swarm_regressed_working_set
NEU3,EXCITATION,CHF3,CF2 + H + F,23.6,0,100.1,4.601e-21,8,11,swarm_regressed_working_set
NEU3,EXCITATION,CHF3,CF2 + H + F,23.6,0,100.7,4.607e-21,8,11,swarm_regressed_working_set
NEU3,EXCITATION,CHF3,CF2 + H + F,23.6,0,101.3,4.613e-21,8,11,swarm_regressed_working_set
NEU3,EXCITATION,CHF3,CF2 + H + F,23.6,0,101.9,4.619e-21,8,11,swarm_regressed_working_set
NEU3,EXCITATION,CHF3,CF2 + H + F,23.6,0,102.5,4.625e-21,8,11,swarm_regressed_working_set
NEU3,EXCITATION,CHF3,CF2 + H + F,23.6,0,103.1,4.631e-21,8,11,swarm_regressed_working_set
NEU3,EXCITATION,CHF3,CF2 + H + F,23.6,0,103.7,4.637e-21,8,11,swarm_regressed_working_set
NEU3,EXCITATION,CHF3,CF2 + H + F,23.6,0,104.3,4.643e-21,8,11,swarm_regressed_working_set
NEU3,EXCITATION,CHF3,CF2 + H + F,23.6,0,104.9,4.649e-21,8,11,swarm_regressed_working_set
NEU3,EXCITATION,CHF3,CF2 + H + F,23.6,0,105.5,4.655e-21,8,11,swarm_regressed_working_set
NEU3,EXCITATION,CHF3,CF2 + H + F,23.6,0,106.1,4.661e-21,8,11,swarm_regressed_working_set
NEU3,EXCITATION,CHF3,CF2 + H + F,23.6,0,106.7,4.667e-21,8,11,swarm_regressed_working_set
NEU3,EXCITATION,CHF3,CF2 + H + F,23.6,0,107.3,4.673e-21,8,11,swarm_regressed_working_set
NEU3,EXCITATION,CHF3,CF2 + H + F,23.6,0,107.9,4.679e-21,8,11,swarm_regressed_working_set
NEU3,EXCITATION,CHF3,CF2 + H + F,23.6,0,108.5,4.685e-21,8,11,swarm_regressed_working_set
NEU3,EXCITATION,CHF3,CF2 + H + F,23.6,0,109.1,4.691e-21,8,11,swarm_regressed_working_set
NEU3,EXCITATION,CHF3,CF2 + H + F,23.6,0,109.7,4.697e-21,8,11,swarm_regressed_working_set
NEU3,EXCITATION,CHF3,CF2 + H + F,23.6,0,110.4,4.693e-21,8,11,swarm_regressed_working_set
NEU3,EXCITATION,CHF3,CF2 + H + F,23.6,0,111,4.681e-21,8,11,swarm_regressed_working_set
NEU3,EXCITATION,CHF3,CF2 + H + F,23.6,0,111.6,4.669e-21,8,11,swarm_regressed_working_set
NEU3,EXCITATION,CHF3,CF2 + H + F,23.6,0,112.2,4.657e-21,8,11,swarm_regressed_working_set
NEU3,EXCITATION,CHF3,CF2 + H + F,23.6,0,112.8,4.645e-21,8,11,swarm_regressed_working_set
NEU3,EXCITATION,CHF3,CF2 + H + F,23.6,0,113.4,4.633e-21,8,11,swarm_regressed_working_set
NEU3,EXCITATION,CHF3,CF2 + H + F,23.6,0,114,4.621e-21,8,11,swarm_regressed_working_set
NEU3,EXCITATION,CHF3,CF2 + H + F,23.6,0,114.6,4.609e-21,8,11,swarm_regressed_working_set
NEU3,EXCITATION,CHF3,CF2 + H + F,23.6,0,115.2,4.596e-21,8,11,swarm_regressed_working_set
NEU3,EXCITATION,CHF3,CF2 + H + F,23.6,0,115.8,4.584e-21,8,11,swarm_regressed_working_set
NEU3,EXCITATION,CHF3,CF2 + H + F,23.6,0,116.4,4.572e-21,8,11,swarm_regressed_working_set
NEU3,EXCITATION,CHF3,CF2 + H + F,23.6,0,117,4.56e-21,8,11,swarm_regressed_working_set
NEU3,EXCITATION,CHF3,CF2 + H + F,23.6,0,117.6,4.548e-21,8,11,swarm_regressed_working_set
NEU3,EXCITATION,CHF3,CF2 + H + F,23.6,0,118.2,4.536e-21,8,11,swarm_regressed_working_set
NEU3,EXCITATION,CHF3,CF2 + H + F,23.6,0,118.8,4.524e-21,8,11,swarm_regressed_working_set
NEU3,EXCITATION,CHF3,CF2 + H + F,23.6,0,119.4,4.512e-21,8,11,swarm_regressed_working_set
NEU3,EXCITATION,CHF3,CF2 + H + F,23.6,0,120,4.5e-21,8,11,swarm_regressed_working_set
NEU4,EXCITATION,CHF3,CHF + F + F,35,0,0,0,8,12,swarm_regressed_working_set
NEU4,EXCITATION,CHF3,CHF + F + F,35,0,0.603,0,8,12,swarm_regressed_working_set
NEU4,EXCITATION,CHF3,CHF + F + F,35,0,1.206,0,8,12,swarm_regressed_working_set
NEU4,EXCITATION,CHF3,CHF + F + F,35,0,1.809,0,8,12,swarm_regressed_working_set
NEU4,EXCITATION,CHF3,CHF + F + F,35,0,2.412,0,8,12,swarm_regressed_working_set
NEU4,EXCITATION,CHF3,CHF + F + F,35,0,3.015,0,8,12,swarm_regressed_working_set
NEU4,EXCITATION,CHF3,CHF + F + F,35,0,3.618,0,8,12,swarm_regressed_working_set
NEU4,EXCITATION,CHF3,CHF + F + F,35,0,4.221,0,8,12,swarm_regressed_working_set
NEU4,EXCITATION,CHF3,CHF + F + F,35,0,4.824,0,8,12,swarm_regressed_working_set
NEU4,EXCITATION,CHF3,CHF + F + F,35,0,5.427,0,8,12,swarm_regressed_working_set
NEU4,EXCITATION,CHF3,CHF + F + F,35,0,6.03,0,8,12,swarm_regressed_working_set
NEU4,EXCITATION,CHF3,CHF + F + F,35,0,6.633,0,8,12,swarm_regressed_working_set
NEU4,EXCITATION,CHF3,CHF + F + F,35,0,7.236,0,8,12,swarm_regressed_working_set
NEU4,EXCITATION,CHF3,CHF + F + F,35,0,7.839,0,8,12,swarm_regressed_working_set
NEU4,EXCITATION,CHF3,CHF + F + F,35,0,8.442,0,8,12,swarm_regressed_working_set
NEU4,EXCITATION,CHF3,CHF + F + F,35,0,9.045,0,8,12,swarm_regressed_working_set
NEU4,EXCITATION,CHF3,CHF + F + F,35,0,9.648,0,8,12,swarm_regressed_working_set
NEU4,EXCITATION,CHF3,CHF + F + F,35,0,10.25,0,8,12,swarm_regressed_working_set
NEU4,EXCITATION,CHF3,CHF + F + F,35,0,10.85,0,8,12,swarm_regressed_working_set
NEU4,EXCITATION,CHF3,CHF + F + F,35,0,11.46,0,8,12,swarm_regressed_working_set
NEU4,EXCITATION,CHF3,CHF + F + F,35,0,12.06,0,8,12,swarm_regressed_working_set
NEU4,EXCITATION,CHF3,CHF + F + F,35,0,12.66,0,8,12,swarm_regressed_working_set
NEU4,EXCITATION,CHF3,CHF + F + F,35,0,13.27,0,8,12,swarm_regressed_working_set
NEU4,EXCITATION,CHF3,CHF + F + F,35,0,13.87,0,8,12,swarm_regressed_working_set
NEU4,EXCITATION,CHF3,CHF + F + F,35,0,14.47,0,8,12,swarm_regressed_working_set
NEU4,EXCITATION,CHF3,CHF + F + F,35,0,15.08,0,8,12,swarm_regressed_working_set
NEU4,EXCITATION,CHF3,CHF + F + F,35,0,15.68,0,8,12,swarm_regressed_working_set
NEU4,EXCITATION,CHF3,CHF + F + F,35,0,16.28,0,8,12,swarm_regressed_working_set
NEU4,EXCITATION,CHF3,CHF + F + F,35,0,16.88,0,8,12,swarm_regressed_working_set
NEU4,EXCITATION,CHF3,CHF + F + F,35,0,17.49,0,8,12,swarm_regressed_working_set
NEU4,EXCITATION,CHF3,CHF + F + F,35,0,18.09,0,8,12,swarm_regressed_working_set
NEU4,EXCITATION,CHF3,CHF + F + F,35,0,18.69,0,8,12,swarm_regressed_working_set
NEU4,EXCITATION,CHF3,CHF + F + F,35,0,19.3,0,8,12,swarm_regressed_working_set
NEU4,EXCITATION,CHF3,CHF + F + F,35,0,19.9,0,8,12,swarm_regressed_working_set
NEU4,EXCITATION,CHF3,CHF + F + F,35,0,20.5,0,8,12,swarm_regressed_working_set
NEU4,EXCITATION,CHF3,CHF + F + F,35,0,21.11,0,8,12,swarm_regressed_working_set
NEU4,EXCITATION,CHF3,CHF + F + F,35,0,21.71,0,8,12,swarm_regressed_working_set
NEU4,EXCITATION,CHF3,CHF + F + F,35,0,22.31,0,8,12,swarm_regressed_working_set
NEU4,EXCITATION,CHF3,CHF + F + F,35,0,22.91,0,8,12,swarm_regressed_working_set
NEU4,EXCITATION,CHF3,CHF + F + F,35,0,23.52,0,8,12,swarm_regressed_working_set
NEU4,EXCITATION,CHF3,CHF + F + F,35,0,24.12,0,8,12,swarm_regressed_working_set
NEU4,EXCITATION,CHF3,CHF + F + F,35,0,24.72,0,8,12,swarm_regressed_working_set
NEU4,EXCITATION,CHF3,CHF + F + F,35,0,25.33,0,8,12,swarm_regressed_working_set
NEU4,EXCITATION,CHF3,CHF + F + F,35,0,25.93,0,8,12,swarm_regressed_working_set
NEU4,EXCITATION,CHF3,CHF + F + F,35,0,26.53,0,8,12,swarm_regressed_working_set
NEU4,EXCITATION,CHF3,CHF + F + F,35,0,27.14,0,8,12,swarm_regressed_working_set
NEU4,EXCITATION,CHF3,CHF + F + F,35,0,27.74,0,8,12,swarm_regressed_working_set
NEU4,EXCITATION,CHF3,CHF + F + F,35,0,28.34,0,8,12,swarm_regressed_working_set
NEU4,EXCITATION,CHF3,CHF + F + F,35,0,28.94,0,8,12,swarm_regressed_working_set
NEU4,EXCITATION,CHF3,CHF + F + F,35,0,29.55,0,8,12,swarm_regressed_working_set
NEU4,EXCITATION,CHF3,CHF + F + F,35,0,30.15,0,8,12,swarm_regressed_working_set
NEU4,EXCITATION,CHF3,CHF + F + F,35,0,30.75,0,8,12,swarm_regressed_working_set
NEU4,EXCITATION,CHF3,CHF + F + F,35,0,31.36,0,8,12,swarm_regressed_working_set
NEU4,EXCITATION,CHF3,CHF + F + F,35,0,31.96,0,8,12,swarm_regressed_working_set
NEU4,EXCITATION,CHF3,CHF + F + F,35,0,32.56,0,8,12,swarm_regressed_working_set
NEU4,EXCITATION,CHF3,CHF + F + F,35,0,33.17,0,8,12,swarm_regressed_working_set
NEU4,EXCITATION,CHF3,CHF + F + F,35,0,33.77,0,8,12,swarm_regressed_working_set
NEU4,EXCITATION,CHF3,CHF + F + F,35,0,34.37,0,8,12,swarm_regressed_working_set
NEU4,EXCITATION,CHF3,CHF + F + F,35,0,34.97,0,8,12,swarm_regressed_working_set
NEU4,EXCITATION,CHF3,CHF + F + F,35,0,35.58,3.853e-24,8,12,swarm_regressed_working_set
NEU4,EXCITATION,CHF3,CHF + F + F,35,0,36.18,7.873e-24,8,12,swarm_regressed_working_set
NEU4,EXCITATION,CHF3,CHF + F + F,35,0,36.78,1.189e-23,8,12,swarm_regressed_working_set
NEU4,EXCITATION,CHF3,CHF + F + F,35,0,37.39,1.591e-23,8,12,swarm_regressed_working_set
NEU4,EXCITATION,CHF3,CHF + F + F,35,0,37.99,1.993e-23,8,12,swarm_regressed_working_set
NEU4,EXCITATION,CHF3,CHF + F + F,35,0,38.59,2.395e-23,8,12,swarm_regressed_working_set
NEU4,EXCITATION,CHF3,CHF + F + F,35,0,39.2,2.797e-23,8,12,swarm_regressed_working_set
NEU4,EXCITATION,CHF3,CHF + F + F,35,0,39.8,3.199e-23,8,12,swarm_regressed_working_set
NEU4,EXCITATION,CHF3,CHF + F + F,35,0,40.4,3.601e-23,8,12,swarm_regressed_working_set
NEU4,EXCITATION,CHF3,CHF + F + F,35,0,41.01,4.003e-23,8,12,swarm_regressed_working_set
NEU4,EXCITATION,CHF3,CHF + F + F,35,0,41.61,4.405e-23,8,12,swarm_regressed_working_set
NEU4,EXCITATION,CHF3,CHF + F + F,35,0,42.21,4.807e-23,8,12,swarm_regressed_working_set
NEU4,EXCITATION,CHF3,CHF + F + F,35,0,42.81,5.209e-23,8,12,swarm_regressed_working_set
NEU4,EXCITATION,CHF3,CHF + F + F,35,0,43.42,5.611e-23,8,12,swarm_regressed_working_set
NEU4,EXCITATION,CHF3,CHF + F + F,35,0,44.02,6.013e-23,8,12,swarm_regressed_working_set
NEU4,EXCITATION,CHF3,CHF + F + F,35,0,44.62,6.415e-23,8,12,swarm_regressed_working_set
NEU4,EXCITATION,CHF3,CHF + F + F,35,0,45.23,6.817e-23,8,12,swarm_regressed_working_set
NEU4,EXCITATION,CHF3,CHF + F + F,35,0,45.83,7.219e-23,8,12,swarm_regressed_working_set
NEU4,EXCITATION,CHF3,CHF + F + F,35,0,46.43,7.621e-23,8,12,swarm_regressed_working_set
NEU4,EXCITATION,CHF3,CHF + F + F,35,0,47.04,8.023e-23,8,12,swarm_regressed_working_set
NEU4,EXCITATION,CHF3,CHF + F + F,35,0,47.64,8.425e-23,8,12,swarm_regressed_working_set
NEU4,EXCITATION,CHF3,CHF + F + F,35,0,48.24,8.827e-23,8,12,swarm_regressed_working_set
NEU4,EXCITATION,CHF3,CHF + F + F,35,0,48.84,9.229e-23,8,12,swarm_regressed_working_set
NEU4,EXCITATION,CHF3,CHF + F + F,35,0,49.45,9.631e-23,8,12,swarm_regressed_working_set
NEU4,EXCITATION,CHF3,CHF + F + F,35,0,50.05,1e-22,8,12,swarm_regressed_working_set
NEU4,EXCITATION,CHF3,CHF + F + F,35,0,50.65,1e-22,8,12,swarm_regressed_working_set
NEU4,EXCITATION,CHF3,CHF + F + F,35,0,51.26,1e-22,8,12,swarm_regressed_working_set
NEU4,EXCITATION,CHF3,CHF + F + F,35,0,51.86,1e-22,8,12,swarm_regressed_working_set
NEU4,EXCITATION,CHF3,CHF + F + F,35,0,52.46,1e-22,8,12,swarm_regressed_working_set
NEU4,EXCITATION,CHF3,CHF + F + F,35,0,53.07,1e-22,8,12,swarm_regressed_working_set
NEU4,EXCITATION,CHF3,CHF + F + F,35,0,53.67,1e-22,8,12,swarm_regressed_working_set
NEU4,EXCITATION,CHF3,CHF + F + F,35,0,54.27,1e-22,8,12,swarm_regressed_working_set
NEU4,EXCITATION,CHF3,CHF + F + F,35,0,54.87,1e-22,8,12,swarm_regressed_working_set
NEU4,EXCITATION,CHF3,CHF + F + F,35,0,55.48,1e-22,8,12,swarm_regressed_working_set
NEU4,EXCITATION,CHF3,CHF + F + F,35,0,56.08,1e-22,8,12,swarm_regressed_working_set
NEU4,EXCITATION,CHF3,CHF + F + F,35,0,56.68,1e-22,8,12,swarm_regressed_working_set
NEU4,EXCITATION,CHF3,CHF + F + F,35,0,57.29,1e-22,8,12,swarm_regressed_working_set
NEU4,EXCITATION,CHF3,CHF + F + F,35,0,57.89,1e-22,8,12,swarm_regressed_working_set
NEU4,EXCITATION,CHF3,CHF + F + F,35,0,58.49,1e-22,8,12,swarm_regressed_working_set
NEU4,EXCITATION,CHF3,CHF + F + F,35,0,59.1,1e-22,8,12,swarm_regressed_working_set
NEU4,EXCITATION,CHF3,CHF + F + F,35,0,59.7,1e-22,8,12,swarm_regressed_working_set
NEU4,EXCITATION,CHF3,CHF + F + F,35,0,60.3,1.03e-22,8,12,swarm_regressed_working_set
NEU4,EXCITATION,CHF3,CHF + F + F,35,0,60.9,1.09e-22,8,12,swarm_regressed_working_set
NEU4,EXCITATION,CHF3,CHF + F + F,35,0,61.51,1.151e-22,8,12,swarm_regressed_working_set
NEU4,EXCITATION,CHF3,CHF + F + F,35,0,62.11,1.211e-22,8,12,swarm_regressed_working_set
NEU4,EXCITATION,CHF3,CHF + F + F,35,0,62.71,1.271e-22,8,12,swarm_regressed_working_set
NEU4,EXCITATION,CHF3,CHF + F + F,35,0,63.32,1.332e-22,8,12,swarm_regressed_working_set
NEU4,EXCITATION,CHF3,CHF + F + F,35,0,63.92,1.392e-22,8,12,swarm_regressed_working_set
NEU4,EXCITATION,CHF3,CHF + F + F,35,0,64.52,1.452e-22,8,12,swarm_regressed_working_set
NEU4,EXCITATION,CHF3,CHF + F + F,35,0,65.13,1.513e-22,8,12,swarm_regressed_working_set
NEU4,EXCITATION,CHF3,CHF + F + F,35,0,65.73,1.573e-22,8,12,swarm_regressed_working_set
NEU4,EXCITATION,CHF3,CHF + F + F,35,0,66.33,1.633e-22,8,12,swarm_regressed_working_set
NEU4,EXCITATION,CHF3,CHF + F + F,35,0,66.93,1.693e-22,8,12,swarm_regressed_working_set
NEU4,EXCITATION,CHF3,CHF + F + F,35,0,67.54,1.754e-22,8,12,swarm_regressed_working_set
NEU4,EXCITATION,CHF3,CHF + F + F,35,0,68.14,1.814e-22,8,12,swarm_regressed_working_set
NEU4,EXCITATION,CHF3,CHF + F + F,35,0,68.74,1.874e-22,8,12,swarm_regressed_working_set
NEU4,EXCITATION,CHF3,CHF + F + F,35,0,69.35,1.935e-22,8,12,swarm_regressed_working_set
NEU4,EXCITATION,CHF3,CHF + F + F,35,0,69.95,1.995e-22,8,12,swarm_regressed_working_set
NEU4,EXCITATION,CHF3,CHF + F + F,35,0,70.55,2e-22,8,12,swarm_regressed_working_set
NEU4,EXCITATION,CHF3,CHF + F + F,35,0,71.16,2e-22,8,12,swarm_regressed_working_set
NEU4,EXCITATION,CHF3,CHF + F + F,35,0,71.76,2e-22,8,12,swarm_regressed_working_set
NEU4,EXCITATION,CHF3,CHF + F + F,35,0,72.36,2e-22,8,12,swarm_regressed_working_set
NEU4,EXCITATION,CHF3,CHF + F + F,35,0,72.96,2e-22,8,12,swarm_regressed_working_set
NEU4,EXCITATION,CHF3,CHF + F + F,35,0,73.57,2e-22,8,12,swarm_regressed_working_set
NEU4,EXCITATION,CHF3,CHF + F + F,35,0,74.17,2e-22,8,12,swarm_regressed_working_set
NEU4,EXCITATION,CHF3,CHF + F + F,35,0,74.77,2e-22,8,12,swarm_regressed_working_set
NEU4,EXCITATION,CHF3,CHF + F + F,35,0,75.38,2e-22,8,12,swarm_regressed_working_set
NEU4,EXCITATION,CHF3,CHF + F + F,35,0,75.98,2e-22,8,12,swarm_regressed_working_set
NEU4,EXCITATION,CHF3,CHF + F + F,35,0,76.58,2e-22,8,12,swarm_regressed_working_set
NEU4,EXCITATION,CHF3,CHF + F + F,35,0,77.19,2e-22,8,12,swarm_regressed_working_set
NEU4,EXCITATION,CHF3,CHF + F + F,35,0,77.79,2e-22,8,12,swarm_regressed_working_set
NEU4,EXCITATION,CHF3,CHF + F + F,35,0,78.39,2e-22,8,12,swarm_regressed_working_set
NEU4,EXCITATION,CHF3,CHF + F + F,35,0,78.99,2e-22,8,12,swarm_regressed_working_set
NEU4,EXCITATION,CHF3,CHF + F + F,35,0,79.6,2e-22,8,12,swarm_regressed_working_set
NEU4,EXCITATION,CHF3,CHF + F + F,35,0,80.2,2.01e-22,8,12,swarm_regressed_working_set
NEU4,EXCITATION,CHF3,CHF + F + F,35,0,80.8,2.04e-22,8,12,swarm_regressed_working_set
NEU4,EXCITATION,CHF3,CHF + F + F,35,0,81.41,2.07e-22,8,12,swarm_regressed_working_set
NEU4,EXCITATION,CHF3,CHF + F + F,35,0,82.01,2.101e-22,8,12,swarm_regressed_working_set
NEU4,EXCITATION,CHF3,CHF + F + F,35,0,82.61,2.131e-22,8,12,swarm_regressed_working_set
NEU4,EXCITATION,CHF3,CHF + F + F,35,0,83.22,2.161e-22,8,12,swarm_regressed_working_set
NEU4,EXCITATION,CHF3,CHF + F + F,35,0,83.82,2.191e-22,8,12,swarm_regressed_working_set
NEU4,EXCITATION,CHF3,CHF + F + F,35,0,84.42,2.221e-22,8,12,swarm_regressed_working_set
NEU4,EXCITATION,CHF3,CHF + F + F,35,0,85.03,2.251e-22,8,12,swarm_regressed_working_set
NEU4,EXCITATION,CHF3,CHF + F + F,35,0,85.63,2.281e-22,8,12,swarm_regressed_working_set
NEU4,EXCITATION,CHF3,CHF + F + F,35,0,86.23,2.312e-22,8,12,swarm_regressed_working_set
NEU4,EXCITATION,CHF3,CHF + F + F,35,0,86.83,2.342e-22,8,12,swarm_regressed_working_set
NEU4,EXCITATION,CHF3,CHF + F + F,35,0,87.44,2.372e-22,8,12,swarm_regressed_working_set
NEU4,EXCITATION,CHF3,CHF + F + F,35,0,88.04,2.402e-22,8,12,swarm_regressed_working_set
NEU4,EXCITATION,CHF3,CHF + F + F,35,0,88.64,2.432e-22,8,12,swarm_regressed_working_set
NEU4,EXCITATION,CHF3,CHF + F + F,35,0,89.25,2.462e-22,8,12,swarm_regressed_working_set
NEU4,EXCITATION,CHF3,CHF + F + F,35,0,89.85,2.492e-22,8,12,swarm_regressed_working_set
NEU4,EXCITATION,CHF3,CHF + F + F,35,0,90.45,2.523e-22,8,12,swarm_regressed_working_set
NEU4,EXCITATION,CHF3,CHF + F + F,35,0,91.06,2.553e-22,8,12,swarm_regressed_working_set
NEU4,EXCITATION,CHF3,CHF + F + F,35,0,91.66,2.583e-22,8,12,swarm_regressed_working_set
NEU4,EXCITATION,CHF3,CHF + F + F,35,0,92.26,2.613e-22,8,12,swarm_regressed_working_set
NEU4,EXCITATION,CHF3,CHF + F + F,35,0,92.86,2.643e-22,8,12,swarm_regressed_working_set
NEU4,EXCITATION,CHF3,CHF + F + F,35,0,93.47,2.673e-22,8,12,swarm_regressed_working_set
NEU4,EXCITATION,CHF3,CHF + F + F,35,0,94.07,2.704e-22,8,12,swarm_regressed_working_set
NEU4,EXCITATION,CHF3,CHF + F + F,35,0,94.67,2.734e-22,8,12,swarm_regressed_working_set
NEU4,EXCITATION,CHF3,CHF + F + F,35,0,95.28,2.764e-22,8,12,swarm_regressed_working_set
NEU4,EXCITATION,CHF3,CHF + F + F,35,0,95.88,2.794e-22,8,12,swarm_regressed_working_set
NEU4,EXCITATION,CHF3,CHF + F + F,35,0,96.48,2.824e-22,8,12,swarm_regressed_working_set
NEU4,EXCITATION,CHF3,CHF + F + F,35,0,97.09,2.854e-22,8,12,swarm_regressed_working_set
NEU4,EXCITATION,CHF3,CHF + F + F,35,0,97.69,2.884e-22,8,12,swarm_regressed_working_set
NEU4,EXCITATION,CHF3,CHF + F + F,35,0,98.29,2.915e-22,8,12,swarm_regressed_working_set
NEU4,EXCITATION,CHF3,CHF + F + F,35,0,98.89,2.945e-22,8,12,swarm_regressed_working_set
NEU4,EXCITATION,CHF3,CHF + F + F,35,0,99.5,2.975e-22,8,12,swarm_regressed_working_set
NEU4,EXCITATION,CHF3,CHF + F + F,35,0,100.1,3.01e-22,8,12,swarm_regressed_working_set
NEU4,EXCITATION,CHF3,CHF + F + F,35,0,100.7,3.07e-22,8,12,swarm_regressed_working_set
NEU4,EXCITATION,CHF3,CHF + F + F,35,0,101.3,3.131e-22,8,12,swarm_regressed_working_set
NEU4,EXCITATION,CHF3,CHF + F + F,35,0,101.9,3.191e-22,8,12,swarm_regressed_working_set
NEU4,EXCITATION,CHF3,CHF + F + F,35,0,102.5,3.251e-22,8,12,swarm_regressed_working_set
NEU4,EXCITATION,CHF3,CHF + F + F,35,0,103.1,3.312e-22,8,12,swarm_regressed_working_set
NEU4,EXCITATION,CHF3,CHF + F + F,35,0,103.7,3.372e-22,8,12,swarm_regressed_working_set
NEU4,EXCITATION,CHF3,CHF + F + F,35,0,104.3,3.432e-22,8,12,swarm_regressed_working_set
NEU4,EXCITATION,CHF3,CHF + F + F,35,0,104.9,3.492e-22,8,12,swarm_regressed_working_set
NEU4,EXCITATION,CHF3,CHF + F + F,35,0,105.5,3.553e-22,8,12,swarm_regressed_working_set
NEU4,EXCITATION,CHF3,CHF + F + F,35,0,106.1,3.613e-22,8,12,swarm_regressed_working_set
NEU4,EXCITATION,CHF3,CHF + F + F,35,0,106.7,3.673e-22,8,12,swarm_regressed_working_set
NEU4,EXCITATION,CHF3,CHF + F + F,35,0,107.3,3.734e-22,8,12,swarm_regressed_working_set
NEU4,EXCITATION,CHF3,CHF + F + F,35,0,107.9,3.794e-22,8,12,swarm_regressed_working_set
NEU4,EXCITATION,CHF3,CHF + F + F,35,0,108.5,3.854e-22,8,12,swarm_regressed_working_set
NEU4,EXCITATION,CHF3,CHF + F + F,35,0,109.1,3.915e-22,8,12,swarm_regressed_working_set
NEU4,EXCITATION,CHF3,CHF + F + F,35,0,109.7,3.975e-22,8,12,swarm_regressed_working_set
NEU4,EXCITATION,CHF3,CHF + F + F,35,0,110.4,4.053e-22,8,12,swarm_regressed_working_set
NEU4,EXCITATION,CHF3,CHF + F + F,35,0,111,4.143e-22,8,12,swarm_regressed_working_set
NEU4,EXCITATION,CHF3,CHF + F + F,35,0,111.6,4.234e-22,8,12,swarm_regressed_working_set
NEU4,EXCITATION,CHF3,CHF + F + F,35,0,112.2,4.324e-22,8,12,swarm_regressed_working_set
NEU4,EXCITATION,CHF3,CHF + F + F,35,0,112.8,4.415e-22,8,12,swarm_regressed_working_set
NEU4,EXCITATION,CHF3,CHF + F + F,35,0,113.4,4.505e-22,8,12,swarm_regressed_working_set
NEU4,EXCITATION,CHF3,CHF + F + F,35,0,114,4.595e-22,8,12,swarm_regressed_working_set
NEU4,EXCITATION,CHF3,CHF + F + F,35,0,114.6,4.686e-22,8,12,swarm_regressed_working_set
NEU4,EXCITATION,CHF3,CHF + F + F,35,0,115.2,4.776e-22,8,12,swarm_regressed_working_set
NEU4,EXCITATION,CHF3,CHF + F + F,35,0,115.8,4.867e-22,8,12,swarm_regressed_working_set
NEU4,EXCITATION,CHF3,CHF + F + F,35,0,116.4,4.957e-22,8,12,swarm_regressed_working_set
NEU4,EXCITATION,CHF3,CHF + F + F,35,0,117,5.048e-22,8,12,swarm_regressed_working_set
NEU4,EXCITATION,CHF3,CHF + F + F,35,0,117.6,5.138e-22,8,12,swarm_regressed_working_set
NEU4,EXCITATION,CHF3,CHF + F + F,35,0,118.2,5.229e-22,8,12,swarm_regressed_working_set
NEU4,EXCITATION,CHF3,CHF + F + F,35,0,118.8,5.319e-22,8,12,swarm_regressed_working_set
NEU4,EXCITATION,CHF3,CHF + F + F,35,0,119.4,5.41e-22,8,12,swarm_regressed_working_set
NEU4,EXCITATION,CHF3,CHF + F + F,35,0,120,5.5e-22,8,12,swarm_regressed_working_set
NEU5,EXCITATION,CHF3,CF + H + F + F,19.5,0,0,0,8,13,swarm_regressed_working_set
NEU5,EXCITATION,CHF3,CF + H + F + F,19.5,0,0.603,0,8,13,swarm_regressed_working_set
NEU5,EXCITATION,CHF3,CF + H + F + F,19.5,0,1.206,0,8,13,swarm_regressed_working_set
NEU5,EXCITATION,CHF3,CF + H + F + F,19.5,0,1.809,0,8,13,swarm_regressed_working_set
NEU5,EXCITATION,CHF3,CF + H + F + F,19.5,0,2.412,0,8,13,swarm_regressed_working_set
NEU5,EXCITATION,CHF3,CF + H + F + F,19.5,0,3.015,0,8,13,swarm_regressed_working_set
NEU5,EXCITATION,CHF3,CF + H + F + F,19.5,0,3.618,0,8,13,swarm_regressed_working_set
NEU5,EXCITATION,CHF3,CF + H + F + F,19.5,0,4.221,0,8,13,swarm_regressed_working_set
NEU5,EXCITATION,CHF3,CF + H + F + F,19.5,0,4.824,0,8,13,swarm_regressed_working_set
NEU5,EXCITATION,CHF3,CF + H + F + F,19.5,0,5.427,0,8,13,swarm_regressed_working_set
NEU5,EXCITATION,CHF3,CF + H + F + F,19.5,0,6.03,0,8,13,swarm_regressed_working_set
NEU5,EXCITATION,CHF3,CF + H + F + F,19.5,0,6.633,0,8,13,swarm_regressed_working_set
NEU5,EXCITATION,CHF3,CF + H + F + F,19.5,0,7.236,0,8,13,swarm_regressed_working_set
NEU5,EXCITATION,CHF3,CF + H + F + F,19.5,0,7.839,0,8,13,swarm_regressed_working_set
NEU5,EXCITATION,CHF3,CF + H + F + F,19.5,0,8.442,0,8,13,swarm_regressed_working_set
NEU5,EXCITATION,CHF3,CF + H + F + F,19.5,0,9.045,0,8,13,swarm_regressed_working_set
NEU5,EXCITATION,CHF3,CF + H + F + F,19.5,0,9.648,0,8,13,swarm_regressed_working_set
NEU5,EXCITATION,CHF3,CF + H + F + F,19.5,0,10.25,0,8,13,swarm_regressed_working_set
NEU5,EXCITATION,CHF3,CF + H + F + F,19.5,0,10.85,0,8,13,swarm_regressed_working_set
NEU5,EXCITATION,CHF3,CF + H + F + F,19.5,0,11.46,0,8,13,swarm_regressed_working_set
NEU5,EXCITATION,CHF3,CF + H + F + F,19.5,0,12.06,0,8,13,swarm_regressed_working_set
NEU5,EXCITATION,CHF3,CF + H + F + F,19.5,0,12.66,0,8,13,swarm_regressed_working_set
NEU5,EXCITATION,CHF3,CF + H + F + F,19.5,0,13.27,0,8,13,swarm_regressed_working_set
NEU5,EXCITATION,CHF3,CF + H + F + F,19.5,0,13.87,0,8,13,swarm_regressed_working_set
NEU5,EXCITATION,CHF3,CF + H + F + F,19.5,0,14.47,0,8,13,swarm_regressed_working_set
NEU5,EXCITATION,CHF3,CF + H + F + F,19.5,0,15.08,0,8,13,swarm_regressed_working_set
NEU5,EXCITATION,CHF3,CF + H + F + F,19.5,0,15.68,0,8,13,swarm_regressed_working_set
NEU5,EXCITATION,CHF3,CF + H + F + F,19.5,0,16.28,0,8,13,swarm_regressed_working_set
NEU5,EXCITATION,CHF3,CF + H + F + F,19.5,0,16.88,0,8,13,swarm_regressed_working_set
NEU5,EXCITATION,CHF3,CF + H + F + F,19.5,0,17.49,0,8,13,swarm_regressed_working_set
NEU5,EXCITATION,CHF3,CF + H + F + F,19.5,0,18.09,0,8,13,swarm_regressed_working_set
NEU5,EXCITATION,CHF3,CF + H + F + F,19.5,0,18.69,0,8,13,swarm_regressed_working_set
NEU5,EXCITATION,CHF3,CF + H + F + F,19.5,0,19.3,0,8,13,swarm_regressed_working_set
NEU5,EXCITATION,CHF3,CF + H + F + F,19.5,0,19.9,1.997e-22,8,13,swarm_regressed_working_set
NEU5,EXCITATION,CHF3,CF + H + F + F,19.5,0,20.5,6.269e-22,8,13,swarm_regressed_working_set
NEU5,EXCITATION,CHF3,CF + H + F + F,19.5,0,21.11,1.079e-21,8,13,swarm_regressed_working_set
NEU5,EXCITATION,CHF3,CF + H + F + F,19.5,0,21.71,1.531e-21,8,13,swarm_regressed_working_set
NEU5,EXCITATION,CHF3,CF + H + F + F,19.5,0,22.31,1.984e-21,8,13,swarm_regressed_working_set
NEU5,EXCITATION,CHF3,CF + H + F + F,19.5,0,22.91,2.436e-21,8,13,swarm_regressed_working_set
NEU5,EXCITATION,CHF3,CF + H + F + F,19.5,0,23.52,2.888e-21,8,13,swarm_regressed_working_set
NEU5,EXCITATION,CHF3,CF + H + F + F,19.5,0,24.12,3.34e-21,8,13,swarm_regressed_working_set
NEU5,EXCITATION,CHF3,CF + H + F + F,19.5,0,24.72,3.793e-21,8,13,swarm_regressed_working_set
NEU5,EXCITATION,CHF3,CF + H + F + F,19.5,0,25.33,4.098e-21,8,13,swarm_regressed_working_set
NEU5,EXCITATION,CHF3,CF + H + F + F,19.5,0,25.93,4.279e-21,8,13,swarm_regressed_working_set
NEU5,EXCITATION,CHF3,CF + H + F + F,19.5,0,26.53,4.46e-21,8,13,swarm_regressed_working_set
NEU5,EXCITATION,CHF3,CF + H + F + F,19.5,0,27.14,4.641e-21,8,13,swarm_regressed_working_set
NEU5,EXCITATION,CHF3,CF + H + F + F,19.5,0,27.74,4.822e-21,8,13,swarm_regressed_working_set
NEU5,EXCITATION,CHF3,CF + H + F + F,19.5,0,28.34,5.003e-21,8,13,swarm_regressed_working_set
NEU5,EXCITATION,CHF3,CF + H + F + F,19.5,0,28.94,5.183e-21,8,13,swarm_regressed_working_set
NEU5,EXCITATION,CHF3,CF + H + F + F,19.5,0,29.55,5.364e-21,8,13,swarm_regressed_working_set
NEU5,EXCITATION,CHF3,CF + H + F + F,19.5,0,30.15,5.508e-21,8,13,swarm_regressed_working_set
NEU5,EXCITATION,CHF3,CF + H + F + F,19.5,0,30.75,5.538e-21,8,13,swarm_regressed_working_set
NEU5,EXCITATION,CHF3,CF + H + F + F,19.5,0,31.36,5.568e-21,8,13,swarm_regressed_working_set
NEU5,EXCITATION,CHF3,CF + H + F + F,19.5,0,31.96,5.598e-21,8,13,swarm_regressed_working_set
NEU5,EXCITATION,CHF3,CF + H + F + F,19.5,0,32.56,5.628e-21,8,13,swarm_regressed_working_set
NEU5,EXCITATION,CHF3,CF + H + F + F,19.5,0,33.17,5.658e-21,8,13,swarm_regressed_working_set
NEU5,EXCITATION,CHF3,CF + H + F + F,19.5,0,33.77,5.688e-21,8,13,swarm_regressed_working_set
NEU5,EXCITATION,CHF3,CF + H + F + F,19.5,0,34.37,5.719e-21,8,13,swarm_regressed_working_set
NEU5,EXCITATION,CHF3,CF + H + F + F,19.5,0,34.97,5.749e-21,8,13,swarm_regressed_working_set
NEU5,EXCITATION,CHF3,CF + H + F + F,19.5,0,35.58,5.779e-21,8,13,swarm_regressed_working_set
NEU5,EXCITATION,CHF3,CF + H + F + F,19.5,0,36.18,5.809e-21,8,13,swarm_regressed_working_set
NEU5,EXCITATION,CHF3,CF + H + F + F,19.5,0,36.78,5.839e-21,8,13,swarm_regressed_working_set
NEU5,EXCITATION,CHF3,CF + H + F + F,19.5,0,37.39,5.869e-21,8,13,swarm_regressed_working_set
NEU5,EXCITATION,CHF3,CF + H + F + F,19.5,0,37.99,5.899e-21,8,13,swarm_regressed_working_set
NEU5,EXCITATION,CHF3,CF + H + F + F,19.5,0,38.59,5.93e-21,8,13,swarm_regressed_working_set
NEU5,EXCITATION,CHF3,CF + H + F + F,19.5,0,39.2,5.96e-21,8,13,swarm_regressed_working_set
NEU5,EXCITATION,CHF3,CF + H + F + F,19.5,0,39.8,5.99e-21,8,13,swarm_regressed_working_set
NEU5,EXCITATION,CHF3,CF + H + F + F,19.5,0,40.4,5.99e-21,8,13,swarm_regressed_working_set
NEU5,EXCITATION,CHF3,CF + H + F + F,19.5,0,41.01,5.975e-21,8,13,swarm_regressed_working_set
NEU5,EXCITATION,CHF3,CF + H + F + F,19.5,0,41.61,5.96e-21,8,13,swarm_regressed_working_set
NEU5,EXCITATION,CHF3,CF + H + F + F,19.5,0,42.21,5.945e-21,8,13,swarm_regressed_working_set
NEU5,EXCITATION,CHF3,CF + H + F + F,19.5,0,42.81,5.93e-21,8,13,swarm_regressed_working_set
NEU5,EXCITATION,CHF3,CF + H + F + F,19.5,0,43.42,5.915e-21,8,13,swarm_regressed_working_set
NEU5,EXCITATION,CHF3,CF + H + F + F,19.5,0,44.02,5.899e-21,8,13,swarm_regressed_working_set
NEU5,EXCITATION,CHF3,CF + H + F + F,19.5,0,44.62,5.884e-21,8,13,swarm_regressed_working_set
NEU5,EXCITATION,CHF3,CF + H + F + F,19.5,0,45.23,5.869e-21,8,13,swarm_regressed_working_set
NEU5,EXCITATION,CHF3,CF + H + F + F,19.5,0,45.83,5.854e-21,8,13,swarm_regressed_working_set
NEU5,EXCITATION,CHF3,CF + H + F + F,19.5,0,46.43,5.839e-21,8,13,swarm_regressed_working_set
NEU5,EXCITATION,CHF3,CF + H + F + F,19.5,0,47.04,5.824e-21,8,13,swarm_regressed_working_set
NEU5,EXCITATION,CHF3,CF + H + F + F,19.5,0,47.64,5.809e-21,8,13,swarm_regressed_working_set
NEU5,EXCITATION,CHF3,CF + H + F + F,19.5,0,48.24,5.794e-21,8,13,swarm_regressed_working_set
NEU5,EXCITATION,CHF3,CF + H + F + F,19.5,0,48.84,5.779e-21,8,13,swarm_regressed_working_set
NEU5,EXCITATION,CHF3,CF + H + F + F,19.5,0,49.45,5.764e-21,8,13,swarm_regressed_working_set
NEU5,EXCITATION,CHF3,CF + H + F + F,19.5,0,50.05,5.749e-21,8,13,swarm_regressed_working_set
NEU5,EXCITATION,CHF3,CF + H + F + F,19.5,0,50.65,5.734e-21,8,13,swarm_regressed_working_set
NEU5,EXCITATION,CHF3,CF + H + F + F,19.5,0,51.26,5.719e-21,8,13,swarm_regressed_working_set
NEU5,EXCITATION,CHF3,CF + H + F + F,19.5,0,51.86,5.704e-21,8,13,swarm_regressed_working_set
NEU5,EXCITATION,CHF3,CF + H + F + F,19.5,0,52.46,5.688e-21,8,13,swarm_regressed_working_set
NEU5,EXCITATION,CHF3,CF + H + F + F,19.5,0,53.07,5.673e-21,8,13,swarm_regressed_working_set
NEU5,EXCITATION,CHF3,CF + H + F + F,19.5,0,53.67,5.658e-21,8,13,swarm_regressed_working_set
NEU5,EXCITATION,CHF3,CF + H + F + F,19.5,0,54.27,5.643e-21,8,13,swarm_regressed_working_set
NEU5,EXCITATION,CHF3,CF + H + F + F,19.5,0,54.87,5.628e-21,8,13,swarm_regressed_working_set
NEU5,EXCITATION,CHF3,CF + H + F + F,19.5,0,55.48,5.613e-21,8,13,swarm_regressed_working_set
NEU5,EXCITATION,CHF3,CF + H + F + F,19.5,0,56.08,5.598e-21,8,13,swarm_regressed_working_set
NEU5,EXCITATION,CHF3,CF + H + F + F,19.5,0,56.68,5.583e-21,8,13,swarm_regressed_working_set
NEU5,EXCITATION,CHF3,CF + H + F + F,19.5,0,57.29,5.568e-21,8,13,swarm_regressed_working_set
NEU5,EXCITATION,CHF3,CF + H + F + F,19.5,0,57.89,5.553e-21,8,13,swarm_regressed_working_set
NEU5,EXCITATION,CHF3,CF + H + F + F,19.5,0,58.49,5.538e-21,8,13,swarm_regressed_working_set
NEU5,EXCITATION,CHF3,CF + H + F + F,19.5,0,59.1,5.523e-21,8,13,swarm_regressed_working_set
NEU5,EXCITATION,CHF3,CF + H + F + F,19.5,0,59.7,5.508e-21,8,13,swarm_regressed_working_set
NEU5,EXCITATION,CHF3,CF + H + F + F,19.5,0,60.3,5.492e-21,8,13,swarm_regressed_working_set
NEU5,EXCITATION,CHF3,CF + H + F + F,19.5,0,60.9,5.477e-21,8,13,swarm_regressed_working_set
NEU5,EXCITATION,CHF3,CF + H + F + F,19.5,0,61.51,5.462e-21,8,13,swarm_regressed_working_set
NEU5,EXCITATION,CHF3,CF + H + F + F,19.5,0,62.11,5.447e-21,8,13,swarm_regressed_working_set
NEU5,EXCITATION,CHF3,CF + H + F + F,19.5,0,62.71,5.432e-21,8,13,swarm_regressed_working_set
NEU5,EXCITATION,CHF3,CF + H + F + F,19.5,0,63.32,5.417e-21,8,13,swarm_regressed_working_set
NEU5,EXCITATION,CHF3,CF + H + F + F,19.5,0,63.92,5.402e-21,8,13,swarm_regressed_working_set
NEU5,EXCITATION,CHF3,CF + H + F + F,19.5,0,64.52,5.387e-21,8,13,swarm_regressed_working_set
NEU5,EXCITATION,CHF3,CF + H + F + F,19.5,0,65.13,5.372e-21,8,13,swarm_regressed_working_set
NEU5,EXCITATION,CHF3,CF + H + F + F,19.5,0,65.73,5.357e-21,8,13,swarm_regressed_working_set
NEU5,EXCITATION,CHF3,CF + H + F + F,19.5,0,66.33,5.342e-21,8,13,swarm_regressed_working_set
NEU5,EXCITATION,CHF3,CF + H + F + F,19.5,0,66.93,5.327e-21,8,13,swarm_regressed_working_set
NEU5,EXCITATION,CHF3,CF + H + F + F,19.5,0,67.54,5.312e-21,8,13,swarm_regressed_working_set
NEU5,EXCITATION,CHF3,CF + H + F + F,19.5,0,68.14,5.296e-21,8,13,swarm_regressed_working_set
NEU5,EXCITATION,CHF3,CF + H + F + F,19.5,0,68.74,5.281e-21,8,13,swarm_regressed_working_set
NEU5,EXCITATION,CHF3,CF + H + F + F,19.5,0,69.35,5.266e-21,8,13,swarm_regressed_working_set
NEU5,EXCITATION,CHF3,CF + H + F + F,19.5,0,69.95,5.251e-21,8,13,swarm_regressed_working_set
NEU5,EXCITATION,CHF3,CF + H + F + F,19.5,0,70.55,5.222e-21,8,13,swarm_regressed_working_set
NEU5,EXCITATION,CHF3,CF + H + F + F,19.5,0,71.16,5.192e-21,8,13,swarm_regressed_working_set
NEU5,EXCITATION,CHF3,CF + H + F + F,19.5,0,71.76,5.162e-21,8,13,swarm_regressed_working_set
NEU5,EXCITATION,CHF3,CF + H + F + F,19.5,0,72.36,5.132e-21,8,13,swarm_regressed_working_set
NEU5,EXCITATION,CHF3,CF + H + F + F,19.5,0,72.96,5.102e-21,8,13,swarm_regressed_working_set
NEU5,EXCITATION,CHF3,CF + H + F + F,19.5,0,73.57,5.072e-21,8,13,swarm_regressed_working_set
NEU5,EXCITATION,CHF3,CF + H + F + F,19.5,0,74.17,5.041e-21,8,13,swarm_regressed_working_set
NEU5,EXCITATION,CHF3,CF + H + F + F,19.5,0,74.77,5.011e-21,8,13,swarm_regressed_working_set
NEU5,EXCITATION,CHF3,CF + H + F + F,19.5,0,75.38,4.981e-21,8,13,swarm_regressed_working_set
NEU5,EXCITATION,CHF3,CF + H + F + F,19.5,0,75.98,4.951e-21,8,13,swarm_regressed_working_set
NEU5,EXCITATION,CHF3,CF + H + F + F,19.5,0,76.58,4.921e-21,8,13,swarm_regressed_working_set
NEU5,EXCITATION,CHF3,CF + H + F + F,19.5,0,77.19,4.891e-21,8,13,swarm_regressed_working_set
NEU5,EXCITATION,CHF3,CF + H + F + F,19.5,0,77.79,4.861e-21,8,13,swarm_regressed_working_set
NEU5,EXCITATION,CHF3,CF + H + F + F,19.5,0,78.39,4.83e-21,8,13,swarm_regressed_working_set
NEU5,EXCITATION,CHF3,CF + H + F + F,19.5,0,78.99,4.8e-21,8,13,swarm_regressed_working_set
NEU5,EXCITATION,CHF3,CF + H + F + F,19.5,0,79.6,4.77e-21,8,13,swarm_regressed_working_set
NEU5,EXCITATION,CHF3,CF + H + F + F,19.5,0,80.2,4.755e-21,8,13,swarm_regressed_working_set
NEU5,EXCITATION,CHF3,CF + H + F + F,19.5,0,80.8,4.77e-21,8,13,swarm_regressed_working_set
NEU5,EXCITATION,CHF3,CF + H + F + F,19.5,0,81.41,4.785e-21,8,13,swarm_regressed_working_set
NEU5,EXCITATION,CHF3,CF + H + F + F,19.5,0,82.01,4.8e-21,8,13,swarm_regressed_working_set
NEU5,EXCITATION,CHF3,CF + H + F + F,19.5,0,82.61,4.815e-21,8,13,swarm_regressed_working_set
NEU5,EXCITATION,CHF3,CF + H + F + F,19.5,0,83.22,4.83e-21,8,13,swarm_regressed_working_set
NEU5,EXCITATION,CHF3,CF + H + F + F,19.5,0,83.82,4.845e-21,8,13,swarm_regressed_working_set
NEU5,EXCITATION,CHF3,CF + H + F + F,19.5,0,84.42,4.861e-21,8,13,swarm_regressed_working_set
NEU5,EXCITATION,CHF3,CF + H + F + F,19.5,0,85.03,4.876e-21,8,13,swarm_regressed_working_set
NEU5,EXCITATION,CHF3,CF + H + F + F,19.5,0,85.63,4.891e-21,8,13,swarm_regressed_working_set
NEU5,EXCITATION,CHF3,CF + H + F + F,19.5,0,86.23,4.906e-21,8,13,swarm_regressed_working_set
NEU5,EXCITATION,CHF3,CF + H + F + F,19.5,0,86.83,4.921e-21,8,13,swarm_regressed_working_set
NEU5,EXCITATION,CHF3,CF + H + F + F,19.5,0,87.44,4.936e-21,8,13,swarm_regressed_working_set
NEU5,EXCITATION,CHF3,CF + H + F + F,19.5,0,88.04,4.951e-21,8,13,swarm_regressed_working_set
NEU5,EXCITATION,CHF3,CF + H + F + F,19.5,0,88.64,4.966e-21,8,13,swarm_regressed_working_set
NEU5,EXCITATION,CHF3,CF + H + F + F,19.5,0,89.25,4.981e-21,8,13,swarm_regressed_working_set
NEU5,EXCITATION,CHF3,CF + H + F + F,19.5,0,89.85,4.996e-21,8,13,swarm_regressed_working_set
NEU5,EXCITATION,CHF3,CF + H + F + F,19.5,0,90.45,4.977e-21,8,13,swarm_regressed_working_set
NEU5,EXCITATION,CHF3,CF + H + F + F,19.5,0,91.06,4.947e-21,8,13,swarm_regressed_working_set
NEU5,EXCITATION,CHF3,CF + H + F + F,19.5,0,91.66,4.917e-21,8,13,swarm_regressed_working_set
NEU5,EXCITATION,CHF3,CF + H + F + F,19.5,0,92.26,4.887e-21,8,13,swarm_regressed_working_set
NEU5,EXCITATION,CHF3,CF + H + F + F,19.5,0,92.86,4.857e-21,8,13,swarm_regressed_working_set
NEU5,EXCITATION,CHF3,CF + H + F + F,19.5,0,93.47,4.827e-21,8,13,swarm_regressed_working_set
NEU5,EXCITATION,CHF3,CF + H + F + F,19.5,0,94.07,4.796e-21,8,13,swarm_regressed_working_set
NEU5,EXCITATION,CHF3,CF + H + F + F,19.5,0,94.67,4.766e-21,8,13,swarm_regressed_working_set
NEU5,EXCITATION,CHF3,CF + H + F + F,19.5,0,95.28,4.736e-21,8,13,swarm_regressed_working_set
NEU5,EXCITATION,CHF3,CF + H + F + F,19.5,0,95.88,4.706e-21,8,13,swarm_regressed_working_set
NEU5,EXCITATION,CHF3,CF + H + F + F,19.5,0,96.48,4.676e-21,8,13,swarm_regressed_working_set
NEU5,EXCITATION,CHF3,CF + H + F + F,19.5,0,97.09,4.646e-21,8,13,swarm_regressed_working_set
NEU5,EXCITATION,CHF3,CF + H + F + F,19.5,0,97.69,4.616e-21,8,13,swarm_regressed_working_set
NEU5,EXCITATION,CHF3,CF + H + F + F,19.5,0,98.29,4.585e-21,8,13,swarm_regressed_working_set
NEU5,EXCITATION,CHF3,CF + H + F + F,19.5,0,98.89,4.555e-21,8,13,swarm_regressed_working_set
NEU5,EXCITATION,CHF3,CF + H + F + F,19.5,0,99.5,4.525e-21,8,13,swarm_regressed_working_set
NEU5,EXCITATION,CHF3,CF + H + F + F,19.5,0,100.1,4.508e-21,8,13,swarm_regressed_working_set
NEU5,EXCITATION,CHF3,CF + H + F + F,19.5,0,100.7,4.553e-21,8,13,swarm_regressed_working_set
NEU5,EXCITATION,CHF3,CF + H + F + F,19.5,0,101.3,4.598e-21,8,13,swarm_regressed_working_set
NEU5,EXCITATION,CHF3,CF + H + F + F,19.5,0,101.9,4.643e-21,8,13,swarm_regressed_working_set
NEU5,EXCITATION,CHF3,CF + H + F + F,19.5,0,102.5,4.688e-21,8,13,swarm_regressed_working_set
NEU5,EXCITATION,CHF3,CF + H + F + F,19.5,0,103.1,4.734e-21,8,13,swarm_regressed_working_set
NEU5,EXCITATION,CHF3,CF + H + F + F,19.5,0,103.7,4.779e-21,8,13,swarm_regressed_working_set
NEU5,EXCITATION,CHF3,CF + H + F + F,19.5,0,104.3,4.824e-21,8,13,swarm_regressed_working_set
NEU5,EXCITATION,CHF3,CF + H + F + F,19.5,0,104.9,4.869e-21,8,13,swarm_regressed_working_set
NEU5,EXCITATION,CHF3,CF + H + F + F,19.5,0,105.5,4.915e-21,8,13,swarm_regressed_working_set
NEU5,EXCITATION,CHF3,CF + H + F + F,19.5,0,106.1,4.96e-21,8,13,swarm_regressed_working_set
NEU5,EXCITATION,CHF3,CF + H + F + F,19.5,0,106.7,5.005e-21,8,13,swarm_regressed_working_set
NEU5,EXCITATION,CHF3,CF + H + F + F,19.5,0,107.3,5.05e-21,8,13,swarm_regressed_working_set
NEU5,EXCITATION,CHF3,CF + H + F + F,19.5,0,107.9,5.095e-21,8,13,swarm_regressed_working_set
NEU5,EXCITATION,CHF3,CF + H + F + F,19.5,0,108.5,5.141e-21,8,13,swarm_regressed_working_set
NEU5,EXCITATION,CHF3,CF + H + F + F,19.5,0,109.1,5.186e-21,8,13,swarm_regressed_working_set
NEU5,EXCITATION,CHF3,CF + H + F + F,19.5,0,109.7,5.231e-21,8,13,swarm_regressed_working_set
NEU5,EXCITATION,CHF3,CF + H + F + F,19.5,0,110.4,5.224e-21,8,13,swarm_regressed_working_set
NEU5,EXCITATION,CHF3,CF + H + F + F,19.5,0,111,5.178e-21,8,13,swarm_regressed_working_set
NEU5,EXCITATION,CHF3,CF + H + F + F,19.5,0,111.6,5.133e-21,8,13,swarm_regressed_working_set
NEU5,EXCITATION,CHF3,CF + H + F + F,19.5,0,112.2,5.088e-21,8,13,swarm_regressed_working_set
NEU5,EXCITATION,CHF3,CF + H + F + F,19.5,0,112.8,5.043e-21,8,13,swarm_regressed_working_set
NEU5,EXCITATION,CHF3,CF + H + F + F,19.5,0,113.4,4.997e-21,8,13,swarm_regressed_working_set
NEU5,EXCITATION,CHF3,CF + H + F + F,19.5,0,114,4.952e-21,8,13,swarm_regressed_working_set
NEU5,EXCITATION,CHF3,CF + H + F + F,19.5,0,114.6,4.907e-21,8,13,swarm_regressed_working_set
NEU5,EXCITATION,CHF3,CF + H + F + F,19.5,0,115.2,4.862e-21,8,13,swarm_regressed_working_set
NEU5,EXCITATION,CHF3,CF + H + F + F,19.5,0,115.8,4.817e-21,8,13,swarm_regressed_working_set
NEU5,EXCITATION,CHF3,CF + H + F + F,19.5,0,116.4,4.771e-21,8,13,swarm_regressed_working_set
NEU5,EXCITATION,CHF3,CF + H + F + F,19.5,0,117,4.726e-21,8,13,swarm_regressed_working_set
NEU5,EXCITATION,CHF3,CF + H + F + F,19.5,0,117.6,4.681e-21,8,13,swarm_regressed_working_set
NEU5,EXCITATION,CHF3,CF + H + F + F,19.5,0,118.2,4.636e-21,8,13,swarm_regressed_working_set
NEU5,EXCITATION,CHF3,CF + H + F + F,19.5,0,118.8,4.59e-21,8,13,swarm_regressed_working_set
NEU5,EXCITATION,CHF3,CF + H + F + F,19.5,0,119.4,4.545e-21,8,13,swarm_regressed_working_set
NEU5,EXCITATION,CHF3,CF + H + F + F,19.5,0,120,4.5e-21,8,13,swarm_regressed_working_set
NEU6,EXCITATION,CHF3,CF + H + F2,19.5,0,0,0,8,14,swarm_regressed_working_set
NEU6,EXCITATION,CHF3,CF + H + F2,19.5,0,0.603,0,8,14,swarm_regressed_working_set
NEU6,EXCITATION,CHF3,CF + H + F2,19.5,0,1.206,0,8,14,swarm_regressed_working_set
NEU6,EXCITATION,CHF3,CF + H + F2,19.5,0,1.809,0,8,14,swarm_regressed_working_set
NEU6,EXCITATION,CHF3,CF + H + F2,19.5,0,2.412,0,8,14,swarm_regressed_working_set
NEU6,EXCITATION,CHF3,CF + H + F2,19.5,0,3.015,0,8,14,swarm_regressed_working_set
NEU6,EXCITATION,CHF3,CF + H + F2,19.5,0,3.618,0,8,14,swarm_regressed_working_set
NEU6,EXCITATION,CHF3,CF + H + F2,19.5,0,4.221,0,8,14,swarm_regressed_working_set
NEU6,EXCITATION,CHF3,CF + H + F2,19.5,0,4.824,0,8,14,swarm_regressed_working_set
NEU6,EXCITATION,CHF3,CF + H + F2,19.5,0,5.427,0,8,14,swarm_regressed_working_set
NEU6,EXCITATION,CHF3,CF + H + F2,19.5,0,6.03,0,8,14,swarm_regressed_working_set
NEU6,EXCITATION,CHF3,CF + H + F2,19.5,0,6.633,0,8,14,swarm_regressed_working_set
NEU6,EXCITATION,CHF3,CF + H + F2,19.5,0,7.236,0,8,14,swarm_regressed_working_set
NEU6,EXCITATION,CHF3,CF + H + F2,19.5,0,7.839,0,8,14,swarm_regressed_working_set
NEU6,EXCITATION,CHF3,CF + H + F2,19.5,0,8.442,0,8,14,swarm_regressed_working_set
NEU6,EXCITATION,CHF3,CF + H + F2,19.5,0,9.045,0,8,14,swarm_regressed_working_set
NEU6,EXCITATION,CHF3,CF + H + F2,19.5,0,9.648,0,8,14,swarm_regressed_working_set
NEU6,EXCITATION,CHF3,CF + H + F2,19.5,0,10.25,0,8,14,swarm_regressed_working_set
NEU6,EXCITATION,CHF3,CF + H + F2,19.5,0,10.85,0,8,14,swarm_regressed_working_set
NEU6,EXCITATION,CHF3,CF + H + F2,19.5,0,11.46,0,8,14,swarm_regressed_working_set
NEU6,EXCITATION,CHF3,CF + H + F2,19.5,0,12.06,0,8,14,swarm_regressed_working_set
NEU6,EXCITATION,CHF3,CF + H + F2,19.5,0,12.66,0,8,14,swarm_regressed_working_set
NEU6,EXCITATION,CHF3,CF + H + F2,19.5,0,13.27,0,8,14,swarm_regressed_working_set
NEU6,EXCITATION,CHF3,CF + H + F2,19.5,0,13.87,0,8,14,swarm_regressed_working_set
NEU6,EXCITATION,CHF3,CF + H + F2,19.5,0,14.47,0,8,14,swarm_regressed_working_set
NEU6,EXCITATION,CHF3,CF + H + F2,19.5,0,15.08,0,8,14,swarm_regressed_working_set
NEU6,EXCITATION,CHF3,CF + H + F2,19.5,0,15.68,0,8,14,swarm_regressed_working_set
NEU6,EXCITATION,CHF3,CF + H + F2,19.5,0,16.28,0,8,14,swarm_regressed_working_set
NEU6,EXCITATION,CHF3,CF + H + F2,19.5,0,16.88,0,8,14,swarm_regressed_working_set
NEU6,EXCITATION,CHF3,CF + H + F2,19.5,0,17.49,0,8,14,swarm_regressed_working_set
NEU6,EXCITATION,CHF3,CF + H + F2,19.5,0,18.09,0,8,14,swarm_regressed_working_set
NEU6,EXCITATION,CHF3,CF + H + F2,19.5,0,18.69,0,8,14,swarm_regressed_working_set
NEU6,EXCITATION,CHF3,CF + H + F2,19.5,0,19.3,0,8,14,swarm_regressed_working_set
NEU6,EXCITATION,CHF3,CF + H + F2,19.5,0,19.9,1.997e-22,8,14,swarm_regressed_working_set
NEU6,EXCITATION,CHF3,CF + H + F2,19.5,0,20.5,6.269e-22,8,14,swarm_regressed_working_set
NEU6,EXCITATION,CHF3,CF + H + F2,19.5,0,21.11,1.079e-21,8,14,swarm_regressed_working_set
NEU6,EXCITATION,CHF3,CF + H + F2,19.5,0,21.71,1.531e-21,8,14,swarm_regressed_working_set
NEU6,EXCITATION,CHF3,CF + H + F2,19.5,0,22.31,1.984e-21,8,14,swarm_regressed_working_set
NEU6,EXCITATION,CHF3,CF + H + F2,19.5,0,22.91,2.436e-21,8,14,swarm_regressed_working_set
NEU6,EXCITATION,CHF3,CF + H + F2,19.5,0,23.52,2.888e-21,8,14,swarm_regressed_working_set
NEU6,EXCITATION,CHF3,CF + H + F2,19.5,0,24.12,3.34e-21,8,14,swarm_regressed_working_set
NEU6,EXCITATION,CHF3,CF + H + F2,19.5,0,24.72,3.793e-21,8,14,swarm_regressed_working_set
NEU6,EXCITATION,CHF3,CF + H + F2,19.5,0,25.33,4.098e-21,8,14,swarm_regressed_working_set
NEU6,EXCITATION,CHF3,CF + H + F2,19.5,0,25.93,4.279e-21,8,14,swarm_regressed_working_set
NEU6,EXCITATION,CHF3,CF + H + F2,19.5,0,26.53,4.46e-21,8,14,swarm_regressed_working_set
NEU6,EXCITATION,CHF3,CF + H + F2,19.5,0,27.14,4.641e-21,8,14,swarm_regressed_working_set
NEU6,EXCITATION,CHF3,CF + H + F2,19.5,0,27.74,4.822e-21,8,14,swarm_regressed_working_set
NEU6,EXCITATION,CHF3,CF + H + F2,19.5,0,28.34,5.003e-21,8,14,swarm_regressed_working_set
NEU6,EXCITATION,CHF3,CF + H + F2,19.5,0,28.94,5.183e-21,8,14,swarm_regressed_working_set
NEU6,EXCITATION,CHF3,CF + H + F2,19.5,0,29.55,5.364e-21,8,14,swarm_regressed_working_set
NEU6,EXCITATION,CHF3,CF + H + F2,19.5,0,30.15,5.508e-21,8,14,swarm_regressed_working_set
NEU6,EXCITATION,CHF3,CF + H + F2,19.5,0,30.75,5.538e-21,8,14,swarm_regressed_working_set
NEU6,EXCITATION,CHF3,CF + H + F2,19.5,0,31.36,5.568e-21,8,14,swarm_regressed_working_set
NEU6,EXCITATION,CHF3,CF + H + F2,19.5,0,31.96,5.598e-21,8,14,swarm_regressed_working_set
NEU6,EXCITATION,CHF3,CF + H + F2,19.5,0,32.56,5.628e-21,8,14,swarm_regressed_working_set
NEU6,EXCITATION,CHF3,CF + H + F2,19.5,0,33.17,5.658e-21,8,14,swarm_regressed_working_set
NEU6,EXCITATION,CHF3,CF + H + F2,19.5,0,33.77,5.688e-21,8,14,swarm_regressed_working_set
NEU6,EXCITATION,CHF3,CF + H + F2,19.5,0,34.37,5.719e-21,8,14,swarm_regressed_working_set
NEU6,EXCITATION,CHF3,CF + H + F2,19.5,0,34.97,5.749e-21,8,14,swarm_regressed_working_set
NEU6,EXCITATION,CHF3,CF + H + F2,19.5,0,35.58,5.779e-21,8,14,swarm_regressed_working_set
NEU6,EXCITATION,CHF3,CF + H + F2,19.5,0,36.18,5.809e-21,8,14,swarm_regressed_working_set
NEU6,EXCITATION,CHF3,CF + H + F2,19.5,0,36.78,5.839e-21,8,14,swarm_regressed_working_set
NEU6,EXCITATION,CHF3,CF + H + F2,19.5,0,37.39,5.869e-21,8,14,swarm_regressed_working_set
NEU6,EXCITATION,CHF3,CF + H + F2,19.5,0,37.99,5.899e-21,8,14,swarm_regressed_working_set
NEU6,EXCITATION,CHF3,CF + H + F2,19.5,0,38.59,5.93e-21,8,14,swarm_regressed_working_set
NEU6,EXCITATION,CHF3,CF + H + F2,19.5,0,39.2,5.96e-21,8,14,swarm_regressed_working_set
NEU6,EXCITATION,CHF3,CF + H + F2,19.5,0,39.8,5.99e-21,8,14,swarm_regressed_working_set
NEU6,EXCITATION,CHF3,CF + H + F2,19.5,0,40.4,5.99e-21,8,14,swarm_regressed_working_set
NEU6,EXCITATION,CHF3,CF + H + F2,19.5,0,41.01,5.975e-21,8,14,swarm_regressed_working_set
NEU6,EXCITATION,CHF3,CF + H + F2,19.5,0,41.61,5.96e-21,8,14,swarm_regressed_working_set
NEU6,EXCITATION,CHF3,CF + H + F2,19.5,0,42.21,5.945e-21,8,14,swarm_regressed_working_set
NEU6,EXCITATION,CHF3,CF + H + F2,19.5,0,42.81,5.93e-21,8,14,swarm_regressed_working_set
NEU6,EXCITATION,CHF3,CF + H + F2,19.5,0,43.42,5.915e-21,8,14,swarm_regressed_working_set
NEU6,EXCITATION,CHF3,CF + H + F2,19.5,0,44.02,5.899e-21,8,14,swarm_regressed_working_set
NEU6,EXCITATION,CHF3,CF + H + F2,19.5,0,44.62,5.884e-21,8,14,swarm_regressed_working_set
NEU6,EXCITATION,CHF3,CF + H + F2,19.5,0,45.23,5.869e-21,8,14,swarm_regressed_working_set
NEU6,EXCITATION,CHF3,CF + H + F2,19.5,0,45.83,5.854e-21,8,14,swarm_regressed_working_set
NEU6,EXCITATION,CHF3,CF + H + F2,19.5,0,46.43,5.839e-21,8,14,swarm_regressed_working_set
NEU6,EXCITATION,CHF3,CF + H + F2,19.5,0,47.04,5.824e-21,8,14,swarm_regressed_working_set
NEU6,EXCITATION,CHF3,CF + H + F2,19.5,0,47.64,5.809e-21,8,14,swarm_regressed_working_set
NEU6,EXCITATION,CHF3,CF + H + F2,19.5,0,48.24,5.794e-21,8,14,swarm_regressed_working_set
NEU6,EXCITATION,CHF3,CF + H + F2,19.5,0,48.84,5.779e-21,8,14,swarm_regressed_working_set
NEU6,EXCITATION,CHF3,CF + H + F2,19.5,0,49.45,5.764e-21,8,14,swarm_regressed_working_set
NEU6,EXCITATION,CHF3,CF + H + F2,19.5,0,50.05,5.749e-21,8,14,swarm_regressed_working_set
NEU6,EXCITATION,CHF3,CF + H + F2,19.5,0,50.65,5.734e-21,8,14,swarm_regressed_working_set
NEU6,EXCITATION,CHF3,CF + H + F2,19.5,0,51.26,5.719e-21,8,14,swarm_regressed_working_set
NEU6,EXCITATION,CHF3,CF + H + F2,19.5,0,51.86,5.704e-21,8,14,swarm_regressed_working_set
NEU6,EXCITATION,CHF3,CF + H + F2,19.5,0,52.46,5.688e-21,8,14,swarm_regressed_working_set
NEU6,EXCITATION,CHF3,CF + H + F2,19.5,0,53.07,5.673e-21,8,14,swarm_regressed_working_set
NEU6,EXCITATION,CHF3,CF + H + F2,19.5,0,53.67,5.658e-21,8,14,swarm_regressed_working_set
NEU6,EXCITATION,CHF3,CF + H + F2,19.5,0,54.27,5.643e-21,8,14,swarm_regressed_working_set
NEU6,EXCITATION,CHF3,CF + H + F2,19.5,0,54.87,5.628e-21,8,14,swarm_regressed_working_set
NEU6,EXCITATION,CHF3,CF + H + F2,19.5,0,55.48,5.613e-21,8,14,swarm_regressed_working_set
NEU6,EXCITATION,CHF3,CF + H + F2,19.5,0,56.08,5.598e-21,8,14,swarm_regressed_working_set
NEU6,EXCITATION,CHF3,CF + H + F2,19.5,0,56.68,5.583e-21,8,14,swarm_regressed_working_set
NEU6,EXCITATION,CHF3,CF + H + F2,19.5,0,57.29,5.568e-21,8,14,swarm_regressed_working_set
NEU6,EXCITATION,CHF3,CF + H + F2,19.5,0,57.89,5.553e-21,8,14,swarm_regressed_working_set
NEU6,EXCITATION,CHF3,CF + H + F2,19.5,0,58.49,5.538e-21,8,14,swarm_regressed_working_set
NEU6,EXCITATION,CHF3,CF + H + F2,19.5,0,59.1,5.523e-21,8,14,swarm_regressed_working_set
NEU6,EXCITATION,CHF3,CF + H + F2,19.5,0,59.7,5.508e-21,8,14,swarm_regressed_working_set
NEU6,EXCITATION,CHF3,CF + H + F2,19.5,0,60.3,5.492e-21,8,14,swarm_regressed_working_set
NEU6,EXCITATION,CHF3,CF + H + F2,19.5,0,60.9,5.477e-21,8,14,swarm_regressed_working_set
NEU6,EXCITATION,CHF3,CF + H + F2,19.5,0,61.51,5.462e-21,8,14,swarm_regressed_working_set
NEU6,EXCITATION,CHF3,CF + H + F2,19.5,0,62.11,5.447e-21,8,14,swarm_regressed_working_set
NEU6,EXCITATION,CHF3,CF + H + F2,19.5,0,62.71,5.432e-21,8,14,swarm_regressed_working_set
NEU6,EXCITATION,CHF3,CF + H + F2,19.5,0,63.32,5.417e-21,8,14,swarm_regressed_working_set
NEU6,EXCITATION,CHF3,CF + H + F2,19.5,0,63.92,5.402e-21,8,14,swarm_regressed_working_set
NEU6,EXCITATION,CHF3,CF + H + F2,19.5,0,64.52,5.387e-21,8,14,swarm_regressed_working_set
NEU6,EXCITATION,CHF3,CF + H + F2,19.5,0,65.13,5.372e-21,8,14,swarm_regressed_working_set
NEU6,EXCITATION,CHF3,CF + H + F2,19.5,0,65.73,5.357e-21,8,14,swarm_regressed_working_set
NEU6,EXCITATION,CHF3,CF + H + F2,19.5,0,66.33,5.342e-21,8,14,swarm_regressed_working_set
NEU6,EXCITATION,CHF3,CF + H + F2,19.5,0,66.93,5.327e-21,8,14,swarm_regressed_working_set
NEU6,EXCITATION,CHF3,CF + H + F2,19.5,0,67.54,5.312e-21,8,14,swarm_regressed_working_set
NEU6,EXCITATION,CHF3,CF + H + F2,19.5,0,68.14,5.296e-21,8,14,swarm_regressed_working_set
NEU6,EXCITATION,CHF3,CF + H + F2,19.5,0,68.74,5.281e-21,8,14,swarm_regressed_working_set
NEU6,EXCITATION,CHF3,CF + H + F2,19.5,0,69.35,5.266e-21,8,14,swarm_regressed_working_set
NEU6,EXCITATION,CHF3,CF + H + F2,19.5,0,69.95,5.251e-21,8,14,swarm_regressed_working_set
NEU6,EXCITATION,CHF3,CF + H + F2,19.5,0,70.55,5.222e-21,8,14,swarm_regressed_working_set
NEU6,EXCITATION,CHF3,CF + H + F2,19.5,0,71.16,5.192e-21,8,14,swarm_regressed_working_set
NEU6,EXCITATION,CHF3,CF + H + F2,19.5,0,71.76,5.162e-21,8,14,swarm_regressed_working_set
NEU6,EXCITATION,CHF3,CF + H + F2,19.5,0,72.36,5.132e-21,8,14,swarm_regressed_working_set
NEU6,EXCITATION,CHF3,CF + H + F2,19.5,0,72.96,5.102e-21,8,14,swarm_regressed_working_set
NEU6,EXCITATION,CHF3,CF + H + F2,19.5,0,73.57,5.072e-21,8,14,swarm_regressed_working_set
NEU6,EXCITATION,CHF3,CF + H + F2,19.5,0,74.17,5.041e-21,8,14,swarm_regressed_working_set
NEU6,EXCITATION,CHF3,CF + H + F2,19.5,0,74.77,5.011e-21,8,14,swarm_regressed_working_set
NEU6,EXCITATION,CHF3,CF + H + F2,19.5,0,75.38,4.981e-21,8,14,swarm_regressed_working_set
NEU6,EXCITATION,CHF3,CF + H + F2,19.5,0,75.98,4.951e-21,8,14,swarm_regressed_working_set
NEU6,EXCITATION,CHF3,CF + H + F2,19.5,0,76.58,4.921e-21,8,14,swarm_regressed_working_set
NEU6,EXCITATION,CHF3,CF + H + F2,19.5,0,77.19,4.891e-21,8,14,swarm_regressed_working_set
NEU6,EXCITATION,CHF3,CF + H + F2,19.5,0,77.79,4.861e-21,8,14,swarm_regressed_working_set
NEU6,EXCITATION,CHF3,CF + H + F2,19.5,0,78.39,4.83e-21,8,14,swarm_regressed_working_set
NEU6,EXCITATION,CHF3,CF + H + F2,19.5,0,78.99,4.8e-21,8,14,swarm_regressed_working_set
NEU6,EXCITATION,CHF3,CF + H + F2,19.5,0,79.6,4.77e-21,8,14,swarm_regressed_working_set
NEU6,EXCITATION,CHF3,CF + H + F2,19.5,0,80.2,4.755e-21,8,14,swarm_regressed_working_set
NEU6,EXCITATION,CHF3,CF + H + F2,19.5,0,80.8,4.77e-21,8,14,swarm_regressed_working_set
NEU6,EXCITATION,CHF3,CF + H + F2,19.5,0,81.41,4.785e-21,8,14,swarm_regressed_working_set
NEU6,EXCITATION,CHF3,CF + H + F2,19.5,0,82.01,4.8e-21,8,14,swarm_regressed_working_set
NEU6,EXCITATION,CHF3,CF + H + F2,19.5,0,82.61,4.815e-21,8,14,swarm_regressed_working_set
NEU6,EXCITATION,CHF3,CF + H + F2,19.5,0,83.22,4.83e-21,8,14,swarm_regressed_working_set
NEU6,EXCITATION,CHF3,CF + H + F2,19.5,0,83.82,4.845e-21,8,14,swarm_regressed_working_set
NEU6,EXCITATION,CHF3,CF + H + F2,19.5,0,84.42,4.861e-21,8,14,swarm_regressed_working_set
NEU6,EXCITATION,CHF3,CF + H + F2,19.5,0,85.03,4.876e-21,8,14,swarm_regressed_working_set
NEU6,EXCITATION,CHF3,CF + H + F2,19.5,0,85.63,4.891e-21,8,14,swarm_regressed_working_set
NEU6,EXCITATION,CHF3,CF + H + F2,19.5,0,86.23,4.906e-21,8,14,swarm_regressed_working_set
NEU6,EXCITATION,CHF3,CF + H + F2,19.5,0,86.83,4.921e-21,8,14,swarm_regressed_working_set
NEU6,EXCITATION,CHF3,CF + H + F2,19.5,0,87.44,4.936e-21,8,14,swarm_regressed_working_set
NEU6,EXCITATION,CHF3,CF + H + F2,19.5,0,88.04,4.951e-21,8,14,swarm_regressed_working_set
NEU6,EXCITATION,CHF3,CF + H + F2,19.5,0,88.64,4.966e-21,8,14,swarm_regressed_working_set
NEU6,EXCITATION,CHF3,CF + H + F2,19.5,0,89.25,4.981e-21,8,14,swarm_regressed_working_set
NEU6,EXCITATION,CHF3,CF + H + F2,19.5,0,89.85,4.996e-21,8,14,swarm_regressed_working_set
NEU6,EXCITATION,CHF3,CF + H + F2,19.5,0,90.45,4.977e-21,8,14,swarm_regressed_working_set
NEU6,EXCITATION,CHF3,CF + H + F2,19.5,0,91.06,4.947e-21,8,14,swarm_regressed_working_set
NEU6,EXCITATION,CHF3,CF + H + F2,19.5,0,91.66,4.917e-21,8,14,swarm_regressed_working_set
NEU6,EXCITATION,CHF3,CF + H + F2,19.5,0,92.26,4.887e-21,8,14,swarm_regressed_working_set
NEU6,EXCITATION,CHF3,CF + H + F2,19.5,0,92.86,4.857e-21,8,14,swarm_regressed_working_set
NEU6,EXCITATION,CHF3,CF + H + F2,19.5,0,93.47,4.827e-21,8,14,swarm_regressed_working_set
NEU6,EXCITATION,CHF3,CF + H + F2,19.5,0,94.07,4.796e-21,8,14,swarm_regressed_working_set
NEU6,EXCITATION,CHF3,CF + H + F2,19.5,0,94.67,4.766e-21,8,14,swarm_regressed_working_set
NEU6,EXCITATION,CHF3,CF + H + F2,19.5,0,95.28,4.736e-21,8,14,swarm_regressed_working_set
NEU6,EXCITATION,CHF3,CF + H + F2,19.5,0,95.88,4.706e-21,8,14,swarm_regressed_working_set
NEU6,EXCITATION,CHF3,CF + H + F2,19.5,0,96.48,4.676e-21,8,14,swarm_regressed_working_set
NEU6,EXCITATION,CHF3,CF + H + F2,19.5,0,97.09,4.646e-21,8,14,swarm_regressed_working_set
NEU6,EXCITATION,CHF3,CF + H + F2,19.5,0,97.69,4.616e-21,8,14,swarm_regressed_working_set
NEU6,EXCITATION,CHF3,CF + H + F2,19.5,0,98.29,4.585e-21,8,14,swarm_regressed_working_set
NEU6,EXCITATION,CHF3,CF + H + F2,19.5,0,98.89,4.555e-21,8,14,swarm_regressed_working_set
NEU6,EXCITATION,CHF3,CF + H + F2,19.5,0,99.5,4.525e-21,8,14,swarm_regressed_working_set
NEU6,EXCITATION,CHF3,CF + H + F2,19.5,0,100.1,4.508e-21,8,14,swarm_regressed_working_set
NEU6,EXCITATION,CHF3,CF + H + F2,19.5,0,100.7,4.553e-21,8,14,swarm_regressed_working_set
NEU6,EXCITATION,CHF3,CF + H + F2,19.5,0,101.3,4.598e-21,8,14,swarm_regressed_working_set
NEU6,EXCITATION,CHF3,CF + H + F2,19.5,0,101.9,4.643e-21,8,14,swarm_regressed_working_set
NEU6,EXCITATION,CHF3,CF + H + F2,19.5,0,102.5,4.688e-21,8,14,swarm_regressed_working_set
NEU6,EXCITATION,CHF3,CF + H + F2,19.5,0,103.1,4.734e-21,8,14,swarm_regressed_working_set
NEU6,EXCITATION,CHF3,CF + H + F2,19.5,0,103.7,4.779e-21,8,14,swarm_regressed_working_set
NEU6,EXCITATION,CHF3,CF + H + F2,19.5,0,104.3,4.824e-21,8,14,swarm_regressed_working_set
NEU6,EXCITATION,CHF3,CF + H + F2,19.5,0,104.9,4.869e-21,8,14,swarm_regressed_working_set
NEU6,EXCITATION,CHF3,CF + H + F2,19.5,0,105.5,4.915e-21,8,14,swarm_regressed_working_set
NEU6,EXCITATION,CHF3,CF + H + F2,19.5,0,106.1,4.96e-21,8,14,swarm_regressed_working_set
NEU6,EXCITATION,CHF3,CF + H + F2,19.5,0,106.7,5.005e-21,8,14,swarm_regressed_working_set
NEU6,EXCITATION,CHF3,CF + H + F2,19.5,0,107.3,5.05e-21,8,14,swarm_regressed_working_set
NEU6,EXCITATION,CHF3,CF + H + F2,19.5,0,107.9,5.095e-21,8,14,swarm_regressed_working_set
NEU6,EXCITATION,CHF3,CF + H + F2,19.5,0,108.5,5.141e-21,8,14,swarm_regressed_working_set
NEU6,EXCITATION,CHF3,CF + H + F2,19.5,0,109.1,5.186e-21,8,14,swarm_regressed_working_set
NEU6,EXCITATION,CHF3,CF + H + F2,19.5,0,109.7,5.231e-21,8,14,swarm_regressed_working_set
NEU6,EXCITATION,CHF3,CF + H + F2,19.5,0,110.4,5.224e-21,8,14,swarm_regressed_working_set
NEU6,EXCITATION,CHF3,CF + H + F2,19.5,0,111,5.178e-21,8,14,swarm_regressed_working_set
NEU6,EXCITATION,CHF3,CF + H + F2,19.5,0,111.6,5.133e-21,8,14,swarm_regressed_working_set
NEU6,EXCITATION,CHF3,CF + H + F2,19.5,0,112.2,5.088e-21,8,14,swarm_regressed_working_set
NEU6,EXCITATION,CHF3,CF + H + F2,19.5,0,112.8,5.043e-21,8,14,swarm_regressed_working_set
NEU6,EXCITATION,CHF3,CF + H + F2,19.5,0,113.4,4.997e-21,8,14,swarm_regressed_working_set
NEU6,EXCITATION,CHF3,CF + H + F2,19.5,0,114,4.952e-21,8,14,swarm_regressed_working_set
NEU6,EXCITATION,CHF3,CF + H + F2,19.5,0,114.6,4.907e-21,8,14,swarm_regressed_working_set
NEU6,EXCITATION,CHF3,CF + H + F2,19.5,0,115.2,4.862e-21,8,14,swarm_regressed_working_set
NEU6,EXCITATION,CHF3,CF + H + F2,19.5,0,115.8,4.817e-21,8,14,swarm_regressed_working_set
NEU6,EXCITATION,CHF3,CF + H + F2,19.5,0,116.4,4.771e-21,8,14,swarm_regressed_working_set
NEU6,EXCITATION,CHF3,CF + H + F2,19.5,0,117,4.726e-21,8,14,swarm_regressed_working_set
NEU6,EXCITATION,CHF3,CF + H + F2,19.5,0,117.6,4.681e-21,8,14,swarm_regressed_working_set
NEU6,EXCITATION,CHF3,CF + H + F2,19.5,0,118.2,4.636e-21,8,14,swarm_regressed_working_set
NEU6,EXCITATION,CHF3,CF + H + F2,19.5,0,118.8,4.59e-21,8,14,swarm_regressed_working_set
NEU6,EXCITATION,CHF3,CF + H + F2,19.5,0,119.4,4.545e-21,8,14,swarm_regressed_working_set
NEU6,EXCITATION,CHF3,CF + H + F2,19.5,0,120,4.5e-21,8,14,swarm_regressed_working_set
NEU1_ADD_ON,EXCITATION,CHF3,CF3 + H,11,0,0,0,8,15,swarm_regressed_working_set
NEU1_ADD_ON,EXCITATION,CHF3,CF3 + H,11,0,0.603,0,8,15,swarm_regressed_working_set
NEU1_ADD_ON,EXCITATION,CHF3,CF3 + H,11,0,1.206,0,8,15,swarm_regressed_working_set
NEU1_ADD_ON,EXCITATION,CHF3,CF3 + H,11,0,1.809,0,8,15,swarm_regressed_working_set
NEU1_ADD_ON,EXCITATION,CHF3,CF3 + H,11,0,2.412,0,8,15,swarm_regressed_working_set
NEU1_ADD_ON,EXCITATION,CHF3,CF3 + H,11,0,3.015,0,8,15,swarm_regressed_working_set
NEU1_ADD_ON,EXCITATION,CHF3,CF3 + H,11,0,3.618,0,8,15,swarm_regressed_working_set
NEU1_ADD_ON,EXCITATION,CHF3,CF3 + H,11,0,4.221,0,8,15,swarm_regressed_working_set
NEU1_ADD_ON,EXCITATION,CHF3,CF3 + H,11,0,4.824,0,8,15,swarm_regressed_working_set
NEU1_ADD_ON,EXCITATION,CHF3,CF3 + H,11,0,5.427,0,8,15,swarm_regressed_working_set
NEU1_ADD_ON,EXCITATION,CHF3,CF3 + H,11,0,6.03,0,8,15,swarm_regressed_working_set
NEU1_ADD_ON,EXCITATION,CHF3,CF3 + H,11,0,6.633,0,8,15,swarm_regressed_working_set
NEU1_ADD_ON,EXCITATION,CHF3,CF3 + H,11,0,7.236,0,8,15,swarm_regressed_working_set
NEU1_ADD_ON,EXCITATION,CHF3,CF3 + H,11,0,7.839,0,8,15,swarm_regressed_working_set
NEU1_ADD_ON,EXCITATION,CHF3,CF3 + H,11,0,8.442,0,8,15,swarm_regressed_working_set
NEU1_ADD_ON,EXCITATION,CHF3,CF3 + H,11,0,9.045,0,8,15,swarm_regressed_working_set
NEU1_ADD_ON,EXCITATION,CHF3,CF3 + H,11,0,9.648,0,8,15,swarm_regressed_working_set
NEU1_ADD_ON,EXCITATION,CHF3,CF3 + H,11,0,10.25,0,8,15,swarm_regressed_working_set
NEU1_ADD_ON,EXCITATION,CHF3,CF3 + H,11,0,10.85,0,8,15,swarm_regressed_working_set
NEU1_ADD_ON,EXCITATION,CHF3,CF3 + H,11,0,11.46,3.3029e-22,8,15,swarm_regressed_working_set
NEU1_ADD_ON,EXCITATION,CHF3,CF3 + H,11,0,12.06,7.658e-22,8,15,swarm_regressed_working_set
NEU1_ADD_ON,EXCITATION,CHF3,CF3 + H,11,0,12.66,1.2012e-21,8,15,swarm_regressed_working_set
NEU1_ADD_ON,EXCITATION,CHF3,CF3 + H,11,0,13.27,1.6372e-21,8,15,swarm_regressed_working_set
NEU1_ADD_ON,EXCITATION,CHF3,CF3 + H,11,0,13.87,2.0722e-21,8,15,swarm_regressed_working_set
NEU1_ADD_ON,EXCITATION,CHF3,CF3 + H,11,0,14.47,2.5082e-21,8,15,swarm_regressed_working_set
NEU1_ADD_ON,EXCITATION,CHF3,CF3 + H,11,0,15.08,2.9432e-21,8,15,swarm_regressed_working_set
NEU1_ADD_ON,EXCITATION,CHF3,CF3 + H,11,0,15.68,3.3792e-21,8,15,swarm_regressed_working_set
NEU1_ADD_ON,EXCITATION,CHF3,CF3 + H,11,0,16.28,3.8142e-21,8,15,swarm_regressed_working_set
NEU1_ADD_ON,EXCITATION,CHF3,CF3 + H,11,0,16.88,4.2502e-21,8,15,swarm_regressed_working_set
NEU1_ADD_ON,EXCITATION,CHF3,CF3 + H,11,0,17.49,4.6852e-21,8,15,swarm_regressed_working_set
NEU1_ADD_ON,EXCITATION,CHF3,CF3 + H,11,0,18.09,5.1212e-21,8,15,swarm_regressed_working_set
NEU1_ADD_ON,EXCITATION,CHF3,CF3 + H,11,0,18.69,5.5562e-21,8,15,swarm_regressed_working_set
NEU1_ADD_ON,EXCITATION,CHF3,CF3 + H,11,0,19.3,5.9922e-21,8,15,swarm_regressed_working_set
NEU1_ADD_ON,EXCITATION,CHF3,CF3 + H,11,0,19.9,6.4272e-21,8,15,swarm_regressed_working_set
NEU1_ADD_ON,EXCITATION,CHF3,CF3 + H,11,0,20.5,6.174e-21,8,15,swarm_regressed_working_set
NEU1_ADD_ON,EXCITATION,CHF3,CF3 + H,11,0,21.11,5.781e-21,8,15,swarm_regressed_working_set
NEU1_ADD_ON,EXCITATION,CHF3,CF3 + H,11,0,21.71,5.389e-21,8,15,swarm_regressed_working_set
NEU1_ADD_ON,EXCITATION,CHF3,CF3 + H,11,0,22.31,4.998e-21,8,15,swarm_regressed_working_set
NEU1_ADD_ON,EXCITATION,CHF3,CF3 + H,11,0,22.91,4.606e-21,8,15,swarm_regressed_working_set
NEU1_ADD_ON,EXCITATION,CHF3,CF3 + H,11,0,23.52,4.213e-21,8,15,swarm_regressed_working_set
NEU1_ADD_ON,EXCITATION,CHF3,CF3 + H,11,0,24.12,3.822e-21,8,15,swarm_regressed_working_set
NEU1_ADD_ON,EXCITATION,CHF3,CF3 + H,11,0,24.72,3.43e-21,8,15,swarm_regressed_working_set
NEU1_ADD_ON,EXCITATION,CHF3,CF3 + H,11,0,25.33,3.038e-21,8,15,swarm_regressed_working_set
NEU1_ADD_ON,EXCITATION,CHF3,CF3 + H,11,0,25.93,2.646e-21,8,15,swarm_regressed_working_set
NEU1_ADD_ON,EXCITATION,CHF3,CF3 + H,11,0,26.53,2.253e-21,8,15,swarm_regressed_working_set
NEU1_ADD_ON,EXCITATION,CHF3,CF3 + H,11,0,27.14,1.862e-21,8,15,swarm_regressed_working_set
NEU1_ADD_ON,EXCITATION,CHF3,CF3 + H,11,0,27.74,1.47e-21,8,15,swarm_regressed_working_set
NEU1_ADD_ON,EXCITATION,CHF3,CF3 + H,11,0,28.34,1.078e-21,8,15,swarm_regressed_working_set
NEU1_ADD_ON,EXCITATION,CHF3,CF3 + H,11,0,28.94,6.86e-22,8,15,swarm_regressed_working_set
NEU1_ADD_ON,EXCITATION,CHF3,CF3 + H,11,0,29.55,2.94e-22,8,15,swarm_regressed_working_set
NEU1_ADD_ON,EXCITATION,CHF3,CF3 + H,11,0,30.15,0,8,15,swarm_regressed_working_set
NEU1_ADD_ON,EXCITATION,CHF3,CF3 + H,11,0,30.75,0,8,15,swarm_regressed_working_set
NEU1_ADD_ON,EXCITATION,CHF3,CF3 + H,11,0,31.36,0,8,15,swarm_regressed_working_set
NEU1_ADD_ON,EXCITATION,CHF3,CF3 + H,11,0,31.96,0,8,15,swarm_regressed_working_set
NEU1_ADD_ON,EXCITATION,CHF3,CF3 + H,11,0,32.56,0,8,15,swarm_regressed_working_set
NEU1_ADD_ON,EXCITATION,CHF3,CF3 + H,11,0,33.17,0,8,15,swarm_regressed_working_set
NEU1_ADD_ON,EXCITATION,CHF3,CF3 + H,11,0,33.77,0,8,15,swarm_regressed_working_set
NEU1_ADD_ON,EXCITATION,CHF3,CF3 + H,11,0,34.37,0,8,15,swarm_regressed_working_set
NEU1_ADD_ON,EXCITATION,CHF3,CF3 + H,11,0,34.97,0,8,15,swarm_regressed_working_set
NEU1_ADD_ON,EXCITATION,CHF3,CF3 + H,11,0,35.58,0,8,15,swarm_regressed_working_set
NEU1_ADD_ON,EXCITATION,CHF3,CF3 + H,11,0,36.18,0,8,15,swarm_regressed_working_set
NEU1_ADD_ON,EXCITATION,CHF3,CF3 + H,11,0,36.78,0,8,15,swarm_regressed_working_set
NEU1_ADD_ON,EXCITATION,CHF3,CF3 + H,11,0,37.39,0,8,15,swarm_regressed_working_set
NEU1_ADD_ON,EXCITATION,CHF3,CF3 + H,11,0,37.99,0,8,15,swarm_regressed_working_set
NEU1_ADD_ON,EXCITATION,CHF3,CF3 + H,11,0,38.59,0,8,15,swarm_regressed_working_set
NEU1_ADD_ON,EXCITATION,CHF3,CF3 + H,11,0,39.2,0,8,15,swarm_regressed_working_set
NEU1_ADD_ON,EXCITATION,CHF3,CF3 + H,11,0,39.8,0,8,15,swarm_regressed_working_set
NEU1_ADD_ON,EXCITATION,CHF3,CF3 + H,11,0,40.4,0,8,15,swarm_regressed_working_set
NEU1_ADD_ON,EXCITATION,CHF3,CF3 + H,11,0,41.01,0,8,15,swarm_regressed_working_set
NEU1_ADD_ON,EXCITATION,CHF3,CF3 + H,11,0,41.61,0,8,15,swarm_regressed_working_set
NEU1_ADD_ON,EXCITATION,CHF3,CF3 + H,11,0,42.21,0,8,15,swarm_regressed_working_set
NEU1_ADD_ON,EXCITATION,CHF3,CF3 + H,11,0,42.81,0,8,15,swarm_regressed_working_set
NEU1_ADD_ON,EXCITATION,CHF3,CF3 + H,11,0,43.42,0,8,15,swarm_regressed_working_set
NEU1_ADD_ON,EXCITATION,CHF3,CF3 + H,11,0,44.02,0,8,15,swarm_regressed_working_set
NEU1_ADD_ON,EXCITATION,CHF3,CF3 + H,11,0,44.62,0,8,15,swarm_regressed_working_set
NEU1_ADD_ON,EXCITATION,CHF3,CF3 + H,11,0,45.23,0,8,15,swarm_regressed_working_set
NEU1_ADD_ON,EXCITATION,CHF3,CF3 + H,11,0,45.83,0,8,15,swarm_regressed_working_set
NEU1_ADD_ON,EXCITATION,CHF3,CF3 + H,11,0,46.43,0,8,15,swarm_regressed_working_set
NEU1_ADD_ON,EXCITATION,CHF3,CF3 + H,11,0,47.04,0,8,15,swarm_regressed_working_set
NEU1_ADD_ON,EXCITATION,CHF3,CF3 + H,11,0,47.64,0,8,15,swarm_regressed_working_set
NEU1_ADD_ON,EXCITATION,CHF3,CF3 + H,11,0,48.24,0,8,15,swarm_regressed_working_set
NEU1_ADD_ON,EXCITATION,CHF3,CF3 + H,11,0,48.84,0,8,15,swarm_regressed_working_set
NEU1_ADD_ON,EXCITATION,CHF3,CF3 + H,11,0,49.45,0,8,15,swarm_regressed_working_set
NEU1_ADD_ON,EXCITATION,CHF3,CF3 + H,11,0,50.05,0,8,15,swarm_regressed_working_set
NEU1_ADD_ON,EXCITATION,CHF3,CF3 + H,11,0,50.65,0,8,15,swarm_regressed_working_set
NEU1_ADD_ON,EXCITATION,CHF3,CF3 + H,11,0,51.26,0,8,15,swarm_regressed_working_set
NEU1_ADD_ON,EXCITATION,CHF3,CF3 + H,11,0,51.86,0,8,15,swarm_regressed_working_set
NEU1_ADD_ON,EXCITATION,CHF3,CF3 + H,11,0,52.46,0,8,15,swarm_regressed_working_set
NEU1_ADD_ON,EXCITATION,CHF3,CF3 + H,11,0,53.07,0,8,15,swarm_regressed_working_set
NEU1_ADD_ON,EXCITATION,CHF3,CF3 + H,11,0,53.67,0,8,15,swarm_regressed_working_set
NEU1_ADD_ON,EXCITATION,CHF3,CF3 + H,11,0,54.27,0,8,15,swarm_regressed_working_set
NEU1_ADD_ON,EXCITATION,CHF3,CF3 + H,11,0,54.87,0,8,15,swarm_regressed_working_set
NEU1_ADD_ON,EXCITATION,CHF3,CF3 + H,11,0,55.48,0,8,15,swarm_regressed_working_set
NEU1_ADD_ON,EXCITATION,CHF3,CF3 + H,11,0,56.08,0,8,15,swarm_regressed_working_set
NEU1_ADD_ON,EXCITATION,CHF3,CF3 + H,11,0,56.68,0,8,15,swarm_regressed_working_set
NEU1_ADD_ON,EXCITATION,CHF3,CF3 + H,11,0,57.29,0,8,15,swarm_regressed_working_set
NEU1_ADD_ON,EXCITATION,CHF3,CF3 + H,11,0,57.89,0,8,15,swarm_regressed_working_set
NEU1_ADD_ON,EXCITATION,CHF3,CF3 + H,11,0,58.49,0,8,15,swarm_regressed_working_set
NEU1_ADD_ON,EXCITATION,CHF3,CF3 + H,11,0,59.1,0,8,15,swarm_regressed_working_set
NEU1_ADD_ON,EXCITATION,CHF3,CF3 + H,11,0,59.7,0,8,15,swarm_regressed_working_set
NEU1_ADD_ON,EXCITATION,CHF3,CF3 + H,11,0,60.3,0,8,15,swarm_regressed_working_set
NEU1_ADD_ON,EXCITATION,CHF3,CF3 + H,11,0,60.9,0,8,15,swarm_regressed_working_set
NEU1_ADD_ON,EXCITATION,CHF3,CF3 + H,11,0,61.51,0,8,15,swarm_regressed_working_set
NEU1_ADD_ON,EXCITATION,CHF3,CF3 + H,11,0,62.11,0,8,15,swarm_regressed_working_set
NEU1_ADD_ON,EXCITATION,CHF3,CF3 + H,11,0,62.71,0,8,15,swarm_regressed_working_set
NEU1_ADD_ON,EXCITATION,CHF3,CF3 + H,11,0,63.32,0,8,15,swarm_regressed_working_set
NEU1_ADD_ON,EXCITATION,CHF3,CF3 + H,11,0,63.92,0,8,15,swarm_regressed_working_set
NEU1_ADD_ON,EXCITATION,CHF3,CF3 + H,11,0,64.52,0,8,15,swarm_regressed_working_set
NEU1_ADD_ON,EXCITATION,CHF3,CF3 + H,11,0,65.13,0,8,15,swarm_regressed_working_set
NEU1_ADD_ON,EXCITATION,CHF3,CF3 + H,11,0,65.73,0,8,15,swarm_regressed_working_set
NEU1_ADD_ON,EXCITATION,CHF3,CF3 + H,11,0,66.33,0,8,15,swarm_regressed_working_set
NEU1_ADD_ON,EXCITATION,CHF3,CF3 + H,11,0,66.93,0,8,15,swarm_regressed_working_set
NEU1_ADD_ON,EXCITATION,CHF3,CF3 + H,11,0,67.54,0,8,15,swarm_regressed_working_set
NEU1_ADD_ON,EXCITATION,CHF3,CF3 + H,11,0,68.14,0,8,15,swarm_regressed_working_set
NEU1_ADD_ON,EXCITATION,CHF3,CF3 + H,11,0,68.74,0,8,15,swarm_regressed_working_set
NEU1_ADD_ON,EXCITATION,CHF3,CF3 + H,11,0,69.35,0,8,15,swarm_regressed_working_set
NEU1_ADD_ON,EXCITATION,CHF3,CF3 + H,11,0,69.95,0,8,15,swarm_regressed_working_set
NEU1_ADD_ON,EXCITATION,CHF3,CF3 + H,11,0,70.55,0,8,15,swarm_regressed_working_set
NEU1_ADD_ON,EXCITATION,CHF3,CF3 + H,11,0,71.16,0,8,15,swarm_regressed_working_set
NEU1_ADD_ON,EXCITATION,CHF3,CF3 + H,11,0,71.76,0,8,15,swarm_regressed_working_set
NEU1_ADD_ON,EXCITATION,CHF3,CF3 + H,11,0,72.36,0,8,15,swarm_regressed_working_set
NEU1_ADD_ON,EXCITATION,CHF3,CF3 + H,11,0,72.96,0,8,15,swarm_regressed_working_set
NEU1_ADD_ON,EXCITATION,CHF3,CF3 + H,11,0,73.57,0,8,15,swarm_regressed_working_set
NEU1_ADD_ON,EXCITATION,CHF3,CF3 + H,11,0,74.17,0,8,15,swarm_regressed_working_set
NEU1_ADD_ON,EXCITATION,CHF3,CF3 + H,11,0,74.77,0,8,15,swarm_regressed_working_set
NEU1_ADD_ON,EXCITATION,CHF3,CF3 + H,11,0,75.38,0,8,15,swarm_regressed_working_set
NEU1_ADD_ON,EXCITATION,CHF3,CF3 + H,11,0,75.98,0,8,15,swarm_regressed_working_set
NEU1_ADD_ON,EXCITATION,CHF3,CF3 + H,11,0,76.58,0,8,15,swarm_regressed_working_set
NEU1_ADD_ON,EXCITATION,CHF3,CF3 + H,11,0,77.19,0,8,15,swarm_regressed_working_set
NEU1_ADD_ON,EXCITATION,CHF3,CF3 + H,11,0,77.79,0,8,15,swarm_regressed_working_set
NEU1_ADD_ON,EXCITATION,CHF3,CF3 + H,11,0,78.39,0,8,15,swarm_regressed_working_set
NEU1_ADD_ON,EXCITATION,CHF3,CF3 + H,11,0,78.99,0,8,15,swarm_regressed_working_set
NEU1_ADD_ON,EXCITATION,CHF3,CF3 + H,11,0,79.6,0,8,15,swarm_regressed_working_set
NEU1_ADD_ON,EXCITATION,CHF3,CF3 + H,11,0,80.2,0,8,15,swarm_regressed_working_set
NEU1_ADD_ON,EXCITATION,CHF3,CF3 + H,11,0,80.8,0,8,15,swarm_regressed_working_set
NEU1_ADD_ON,EXCITATION,CHF3,CF3 + H,11,0,81.41,0,8,15,swarm_regressed_working_set
NEU1_ADD_ON,EXCITATION,CHF3,CF3 + H,11,0,82.01,0,8,15,swarm_regressed_working_set
NEU1_ADD_ON,EXCITATION,CHF3,CF3 + H,11,0,82.61,0,8,15,swarm_regressed_working_set
NEU1_ADD_ON,EXCITATION,CHF3,CF3 + H,11,0,83.22,0,8,15,swarm_regressed_working_set
NEU1_ADD_ON,EXCITATION,CHF3,CF3 + H,11,0,83.82,0,8,15,swarm_regressed_working_set
NEU1_ADD_ON,EXCITATION,CHF3,CF3 + H,11,0,84.42,0,8,15,swarm_regressed_working_set
NEU1_ADD_ON,EXCITATION,CHF3,CF3 + H,11,0,85.03,0,8,15,swarm_regressed_working_set
NEU1_ADD_ON,EXCITATION,CHF3,CF3 + H,11,0,85.63,0,8,15,swarm_regressed_working_set
NEU1_ADD_ON,EXCITATION,CHF3,CF3 + H,11,0,86.23,0,8,15,swarm_regressed_working_set
NEU1_ADD_ON,EXCITATION,CHF3,CF3 + H,11,0,86.83,0,8,15,swarm_regressed_working_set
NEU1_ADD_ON,EXCITATION,CHF3,CF3 + H,11,0,87.44,0,8,15,swarm_regressed_working_set
NEU1_ADD_ON,EXCITATION,CHF3,CF3 + H,11,0,88.04,0,8,15,swarm_regressed_working_set
NEU1_ADD_ON,EXCITATION,CHF3,CF3 + H,11,0,88.64,0,8,15,swarm_regressed_working_set
NEU1_ADD_ON,EXCITATION,CHF3,CF3 + H,11,0,89.25,0,8,15,swarm_regressed_working_set
NEU1_ADD_ON,EXCITATION,CHF3,CF3 + H,11,0,89.85,0,8,15,swarm_regressed_working_set
NEU1_ADD_ON,EXCITATION,CHF3,CF3 + H,11,0,90.45,0,8,15,swarm_regressed_working_set
NEU1_ADD_ON,EXCITATION,CHF3,CF3 + H,11,0,91.06,0,8,15,swarm_regressed_working_set
NEU1_ADD_ON,EXCITATION,CHF3,CF3 + H,11,0,91.66,0,8,15,swarm_regressed_working_set
NEU1_ADD_ON,EXCITATION,CHF3,CF3 + H,11,0,92.26,0,8,15,swarm_regressed_working_set
NEU1_ADD_ON,EXCITATION,CHF3,CF3 + H,11,0,92.86,0,8,15,swarm_regressed_working_set
NEU1_ADD_ON,EXCITATION,CHF3,CF3 + H,11,0,93.47,0,8,15,swarm_regressed_working_set
NEU1_ADD_ON,EXCITATION,CHF3,CF3 + H,11,0,94.07,0,8,15,swarm_regressed_working_set
NEU1_ADD_ON,EXCITATION,CHF3,CF3 + H,11,0,94.67,0,8,15,swarm_regressed_working_set
NEU1_ADD_ON,EXCITATION,CHF3,CF3 + H,11,0,95.28,0,8,15,swarm_regressed_working_set
NEU1_ADD_ON,EXCITATION,CHF3,CF3 + H,11,0,95.88,0,8,15,swarm_regressed_working_set
NEU1_ADD_ON,EXCITATION,CHF3,CF3 + H,11,0,96.48,0,8,15,swarm_regressed_working_set
NEU1_ADD_ON,EXCITATION,CHF3,CF3 + H,11,0,97.09,0,8,15,swarm_regressed_working_set
NEU1_ADD_ON,EXCITATION,CHF3,CF3 + H,11,0,97.69,0,8,15,swarm_regressed_working_set
NEU1_ADD_ON,EXCITATION,CHF3,CF3 + H,11,0,98.29,0,8,15,swarm_regressed_working_set
NEU1_ADD_ON,EXCITATION,CHF3,CF3 + H,11,0,98.89,0,8,15,swarm_regressed_working_set
NEU1_ADD_ON,EXCITATION,CHF3,CF3 + H,11,0,99.5,0,8,15,swarm_regressed_working_set
NEU1_ADD_ON,EXCITATION,CHF3,CF3 + H,11,0,100.1,0,8,15,swarm_regressed_working_set
NEU1_ADD_ON,EXCITATION,CHF3,CF3 + H,11,0,100.7,0,8,15,swarm_regressed_working_set
NEU1_ADD_ON,EXCITATION,CHF3,CF3 + H,11,0,101.3,0,8,15,swarm_regressed_working_set
NEU1_ADD_ON,EXCITATION,CHF3,CF3 + H,11,0,101.9,0,8,15,swarm_regressed_working_set
NEU1_ADD_ON,EXCITATION,CHF3,CF3 + H,11,0,102.5,0,8,15,swarm_regressed_working_set
NEU1_ADD_ON,EXCITATION,CHF3,CF3 + H,11,0,103.1,0,8,15,swarm_regressed_working_set
NEU1_ADD_ON,EXCITATION,CHF3,CF3 + H,11,0,103.7,0,8,15,swarm_regressed_working_set
NEU1_ADD_ON,EXCITATION,CHF3,CF3 + H,11,0,104.3,0,8,15,swarm_regressed_working_set
NEU1_ADD_ON,EXCITATION,CHF3,CF3 + H,11,0,104.9,0,8,15,swarm_regressed_working_set
NEU1_ADD_ON,EXCITATION,CHF3,CF3 + H,11,0,105.5,0,8,15,swarm_regressed_working_set
NEU1_ADD_ON,EXCITATION,CHF3,CF3 + H,11,0,106.1,0,8,15,swarm_regressed_working_set
NEU1_ADD_ON,EXCITATION,CHF3,CF3 + H,11,0,106.7,0,8,15,swarm_regressed_working_set
NEU1_ADD_ON,EXCITATION,CHF3,CF3 + H,11,0,107.3,0,8,15,swarm_regressed_working_set
NEU1_ADD_ON,EXCITATION,CHF3,CF3 + H,11,0,107.9,0,8,15,swarm_regressed_working_set
NEU1_ADD_ON,EXCITATION,CHF3,CF3 + H,11,0,108.5,0,8,15,swarm_regressed_working_set
NEU1_ADD_ON,EXCITATION,CHF3,CF3 + H,11,0,109.1,0,8,15,swarm_regressed_working_set
NEU1_ADD_ON,EXCITATION,CHF3,CF3 + H,11,0,109.7,0,8,15,swarm_regressed_working_set
NEU1_ADD_ON,EXCITATION,CHF3,CF3 + H,11,0,110.4,0,8,15,swarm_regressed_working_set
NEU1_ADD_ON,EXCITATION,CHF3,CF3 + H,11,0,111,0,8,15,swarm_regressed_working_set
NEU1_ADD_ON,EXCITATION,CHF3,CF3 + H,11,0,111.6,0,8,15,swarm_regressed_working_set
NEU1_ADD_ON,EXCITATION,CHF3,CF3 + H,11,0,112.2,0,8,15,swarm_regressed_working_set
NEU1_ADD_ON,EXCITATION,CHF3,CF3 + H,11,0,112.8,0,8,15,swarm_regressed_working_set
NEU1_ADD_ON,EXCITATION,CHF3,CF3 + H,11,0,113.4,0,8,15,swarm_regressed_working_set
NEU1_ADD_ON,EXCITATION,CHF3,CF3 + H,11,0,114,0,8,15,swarm_regressed_working_set
NEU1_ADD_ON,EXCITATION,CHF3,CF3 + H,11,0,114.6,0,8,15,swarm_regressed_working_set
NEU1_ADD_ON,EXCITATION,CHF3,CF3 + H,11,0,115.2,0,8,15,swarm_regressed_working_set
NEU1_ADD_ON,EXCITATION,CHF3,CF3 + H,11,0,115.8,0,8,15,swarm_regressed_working_set
NEU1_ADD_ON,EXCITATION,CHF3,CF3 + H,11,0,116.4,0,8,15,swarm_regressed_working_set
NEU1_ADD_ON,EXCITATION,CHF3,CF3 + H,11,0,117,0,8,15,swarm_regressed_working_set
NEU1_ADD_ON,EXCITATION,CHF3,CF3 + H,11,0,117.6,0,8,15,swarm_regressed_working_set
NEU1_ADD_ON,EXCITATION,CHF3,CF3 + H,11,0,118.2,0,8,15,swarm_regressed_working_set
NEU1_ADD_ON,EXCITATION,CHF3,CF3 + H,11,0,118.8,0,8,15,swarm_regressed_working_set
NEU1_ADD_ON,EXCITATION,CHF3,CF3 + H,11,0,119.4,0,8,15,swarm_regressed_working_set
NEU1_ADD_ON,EXCITATION,CHF3,CF3 + H,11,0,120,0,8,15,swarm_regressed_working_set
ION1,IONIZATION,CHF3,CF3+ + H,15.2,1,0,0,17,18,swarm_regressed_working_set
ION1,IONIZATION,CHF3,CF3+ + H,15.2,1,0.603,0,17,18,swarm_regressed_working_set
ION1,IONIZATION,CHF3,CF3+ + H,15.2,1,1.206,0,17,18,swarm_regressed_working_set
ION1,IONIZATION,CHF3,CF3+ + H,15.2,1,1.809,0,17,18,swarm_regressed_working_set
ION1,IONIZATION,CHF3,CF3+ + H,15.2,1,2.412,0,17,18,swarm_regressed_working_set
ION1,IONIZATION,CHF3,CF3+ + H,15.2,1,3.015,0,17,18,swarm_regressed_working_set
ION1,IONIZATION,CHF3,CF3+ + H,15.2,1,3.618,0,17,18,swarm_regressed_working_set
ION1,IONIZATION,CHF3,CF3+ + H,15.2,1,4.221,0,17,18,swarm_regressed_working_set
ION1,IONIZATION,CHF3,CF3+ + H,15.2,1,4.824,0,17,18,swarm_regressed_working_set
ION1,IONIZATION,CHF3,CF3+ + H,15.2,1,5.427,0,17,18,swarm_regressed_working_set
ION1,IONIZATION,CHF3,CF3+ + H,15.2,1,6.03,0,17,18,swarm_regressed_working_set
ION1,IONIZATION,CHF3,CF3+ + H,15.2,1,6.633,0,17,18,swarm_regressed_working_set
ION1,IONIZATION,CHF3,CF3+ + H,15.2,1,7.236,0,17,18,swarm_regressed_working_set
ION1,IONIZATION,CHF3,CF3+ + H,15.2,1,7.839,0,17,18,swarm_regressed_working_set
ION1,IONIZATION,CHF3,CF3+ + H,15.2,1,8.442,0,17,18,swarm_regressed_working_set
ION1,IONIZATION,CHF3,CF3+ + H,15.2,1,9.045,0,17,18,swarm_regressed_working_set
ION1,IONIZATION,CHF3,CF3+ + H,15.2,1,9.648,0,17,18,swarm_regressed_working_set
ION1,IONIZATION,CHF3,CF3+ + H,15.2,1,10.25,0,17,18,swarm_regressed_working_set
ION1,IONIZATION,CHF3,CF3+ + H,15.2,1,10.85,0,17,18,swarm_regressed_working_set
ION1,IONIZATION,CHF3,CF3+ + H,15.2,1,11.46,0,17,18,swarm_regressed_working_set
ION1,IONIZATION,CHF3,CF3+ + H,15.2,1,12.06,0,17,18,swarm_regressed_working_set
ION1,IONIZATION,CHF3,CF3+ + H,15.2,1,12.66,0,17,18,swarm_regressed_working_set
ION1,IONIZATION,CHF3,CF3+ + H,15.2,1,13.27,0,17,18,swarm_regressed_working_set
ION1,IONIZATION,CHF3,CF3+ + H,15.2,1,13.87,0,17,18,swarm_regressed_working_set
ION1,IONIZATION,CHF3,CF3+ + H,15.2,1,14.47,0,17,18,swarm_regressed_working_set
ION1,IONIZATION,CHF3,CF3+ + H,15.2,1,15.08,0,17,18,swarm_regressed_working_set
ION1,IONIZATION,CHF3,CF3+ + H,15.2,1,15.68,0,17,18,swarm_regressed_working_set
ION1,IONIZATION,CHF3,CF3+ + H,15.2,1,16.28,1.555e-22,17,18,swarm_regressed_working_set
ION1,IONIZATION,CHF3,CF3+ + H,15.2,1,16.88,3.168e-22,17,18,swarm_regressed_working_set
ION1,IONIZATION,CHF3,CF3+ + H,15.2,1,17.49,4.78e-22,17,18,swarm_regressed_working_set
ION1,IONIZATION,CHF3,CF3+ + H,15.2,1,18.09,6.393e-22,17,18,swarm_regressed_working_set
ION1,IONIZATION,CHF3,CF3+ + H,15.2,1,18.69,8.006e-22,17,18,swarm_regressed_working_set
ION1,IONIZATION,CHF3,CF3+ + H,15.2,1,19.3,9.618e-22,17,18,swarm_regressed_working_set
ION1,IONIZATION,CHF3,CF3+ + H,15.2,1,19.9,1.123e-21,17,18,swarm_regressed_working_set
ION1,IONIZATION,CHF3,CF3+ + H,15.2,1,20.5,1.417e-21,17,18,swarm_regressed_working_set
ION1,IONIZATION,CHF3,CF3+ + H,15.2,1,21.11,1.738e-21,17,18,swarm_regressed_working_set
ION1,IONIZATION,CHF3,CF3+ + H,15.2,1,21.71,2.059e-21,17,18,swarm_regressed_working_set
ION1,IONIZATION,CHF3,CF3+ + H,15.2,1,22.31,2.38e-21,17,18,swarm_regressed_working_set
ION1,IONIZATION,CHF3,CF3+ + H,15.2,1,22.91,2.701e-21,17,18,swarm_regressed_working_set
ION1,IONIZATION,CHF3,CF3+ + H,15.2,1,23.52,3.021e-21,17,18,swarm_regressed_working_set
ION1,IONIZATION,CHF3,CF3+ + H,15.2,1,24.12,3.342e-21,17,18,swarm_regressed_working_set
ION1,IONIZATION,CHF3,CF3+ + H,15.2,1,24.72,3.663e-21,17,18,swarm_regressed_working_set
ION1,IONIZATION,CHF3,CF3+ + H,15.2,1,25.33,3.98e-21,17,18,swarm_regressed_working_set
ION1,IONIZATION,CHF3,CF3+ + H,15.2,1,25.93,4.293e-21,17,18,swarm_regressed_working_set
ION1,IONIZATION,CHF3,CF3+ + H,15.2,1,26.53,4.607e-21,17,18,swarm_regressed_working_set
ION1,IONIZATION,CHF3,CF3+ + H,15.2,1,27.14,4.921e-21,17,18,swarm_regressed_working_set
ION1,IONIZATION,CHF3,CF3+ + H,15.2,1,27.74,5.234e-21,17,18,swarm_regressed_working_set
ION1,IONIZATION,CHF3,CF3+ + H,15.2,1,28.34,5.548e-21,17,18,swarm_regressed_working_set
ION1,IONIZATION,CHF3,CF3+ + H,15.2,1,28.94,5.861e-21,17,18,swarm_regressed_working_set
ION1,IONIZATION,CHF3,CF3+ + H,15.2,1,29.55,6.175e-21,17,18,swarm_regressed_working_set
ION1,IONIZATION,CHF3,CF3+ + H,15.2,1,30.15,6.524e-21,17,18,swarm_regressed_working_set
ION1,IONIZATION,CHF3,CF3+ + H,15.2,1,30.75,6.981e-21,17,18,swarm_regressed_working_set
ION1,IONIZATION,CHF3,CF3+ + H,15.2,1,31.36,7.438e-21,17,18,swarm_regressed_working_set
ION1,IONIZATION,CHF3,CF3+ + H,15.2,1,31.96,7.896e-21,17,18,swarm_regressed_working_set
ION1,IONIZATION,CHF3,CF3+ + H,15.2,1,32.56,8.353e-21,17,18,swarm_regressed_working_set
ION1,IONIZATION,CHF3,CF3+ + H,15.2,1,33.17,8.81e-21,17,18,swarm_regressed_working_set
ION1,IONIZATION,CHF3,CF3+ + H,15.2,1,33.77,9.267e-21,17,18,swarm_regressed_working_set
ION1,IONIZATION,CHF3,CF3+ + H,15.2,1,34.37,9.724e-21,17,18,swarm_regressed_working_set
ION1,IONIZATION,CHF3,CF3+ + H,15.2,1,34.97,1.018e-20,17,18,swarm_regressed_working_set
ION1,IONIZATION,CHF3,CF3+ + H,15.2,1,35.58,1.052e-20,17,18,swarm_regressed_working_set
ION1,IONIZATION,CHF3,CF3+ + H,15.2,1,36.18,1.086e-20,17,18,swarm_regressed_working_set
ION1,IONIZATION,CHF3,CF3+ + H,15.2,1,36.78,1.12e-20,17,18,swarm_regressed_working_set
ION1,IONIZATION,CHF3,CF3+ + H,15.2,1,37.39,1.154e-20,17,18,swarm_regressed_working_set
ION1,IONIZATION,CHF3,CF3+ + H,15.2,1,37.99,1.187e-20,17,18,swarm_regressed_working_set
ION1,IONIZATION,CHF3,CF3+ + H,15.2,1,38.59,1.221e-20,17,18,swarm_regressed_working_set
ION1,IONIZATION,CHF3,CF3+ + H,15.2,1,39.2,1.255e-20,17,18,swarm_regressed_working_set
ION1,IONIZATION,CHF3,CF3+ + H,15.2,1,39.8,1.289e-20,17,18,swarm_regressed_working_set
ION1,IONIZATION,CHF3,CF3+ + H,15.2,1,40.4,1.318e-20,17,18,swarm_regressed_working_set
ION1,IONIZATION,CHF3,CF3+ + H,15.2,1,41.01,1.344e-20,17,18,swarm_regressed_working_set
ION1,IONIZATION,CHF3,CF3+ + H,15.2,1,41.61,1.371e-20,17,18,swarm_regressed_working_set
ION1,IONIZATION,CHF3,CF3+ + H,15.2,1,42.21,1.397e-20,17,18,swarm_regressed_working_set
ION1,IONIZATION,CHF3,CF3+ + H,15.2,1,42.81,1.424e-20,17,18,swarm_regressed_working_set
ION1,IONIZATION,CHF3,CF3+ + H,15.2,1,43.42,1.45e-20,17,18,swarm_regressed_working_set
ION1,IONIZATION,CHF3,CF3+ + H,15.2,1,44.02,1.477e-20,17,18,swarm_regressed_working_set
ION1,IONIZATION,CHF3,CF3+ + H,15.2,1,44.62,1.503e-20,17,18,swarm_regressed_working_set
ION1,IONIZATION,CHF3,CF3+ + H,15.2,1,45.23,1.528e-20,17,18,swarm_regressed_working_set
ION1,IONIZATION,CHF3,CF3+ + H,15.2,1,45.83,1.55e-20,17,18,swarm_regressed_working_set
ION1,IONIZATION,CHF3,CF3+ + H,15.2,1,46.43,1.572e-20,17,18,swarm_regressed_working_set
ION1,IONIZATION,CHF3,CF3+ + H,15.2,1,47.04,1.593e-20,17,18,swarm_regressed_working_set
ION1,IONIZATION,CHF3,CF3+ + H,15.2,1,47.64,1.615e-20,17,18,swarm_regressed_working_set
ION1,IONIZATION,CHF3,CF3+ + H,15.2,1,48.24,1.637e-20,17,18,swarm_regressed_working_set
ION1,IONIZATION,CHF3,CF3+ + H,15.2,1,48.84,1.658e-20,17,18,swarm_regressed_working_set
ION1,IONIZATION,CHF3,CF3+ + H,15.2,1,49.45,1.68e-20,17,18,swarm_regressed_working_set
ION1,IONIZATION,CHF3,CF3+ + H,15.2,1,50.05,1.701e-20,17,18,swarm_regressed_working_set
ION1,IONIZATION,CHF3,CF3+ + H,15.2,1,50.65,1.712e-20,17,18,swarm_regressed_working_set
ION1,IONIZATION,CHF3,CF3+ + H,15.2,1,51.26,1.723e-20,17,18,swarm_regressed_working_set
ION1,IONIZATION,CHF3,CF3+ + H,15.2,1,51.86,1.733e-20,17,18,swarm_regressed_working_set
ION1,IONIZATION,CHF3,CF3+ + H,15.2,1,52.46,1.744e-20,17,18,swarm_regressed_working_set
ION1,IONIZATION,CHF3,CF3+ + H,15.2,1,53.07,1.755e-20,17,18,swarm_regressed_working_set
ION1,IONIZATION,CHF3,CF3+ + H,15.2,1,53.67,1.766e-20,17,18,swarm_regressed_working_set
ION1,IONIZATION,CHF3,CF3+ + H,15.2,1,54.27,1.777e-20,17,18,swarm_regressed_working_set
ION1,IONIZATION,CHF3,CF3+ + H,15.2,1,54.87,1.788e-20,17,18,swarm_regressed_working_set
ION1,IONIZATION,CHF3,CF3+ + H,15.2,1,55.48,1.799e-20,17,18,swarm_regressed_working_set
ION1,IONIZATION,CHF3,CF3+ + H,15.2,1,56.08,1.809e-20,17,18,swarm_regressed_working_set
ION1,IONIZATION,CHF3,CF3+ + H,15.2,1,56.68,1.82e-20,17,18,swarm_regressed_working_set
ION1,IONIZATION,CHF3,CF3+ + H,15.2,1,57.29,1.831e-20,17,18,swarm_regressed_working_set
ION1,IONIZATION,CHF3,CF3+ + H,15.2,1,57.89,1.842e-20,17,18,swarm_regressed_working_set
ION1,IONIZATION,CHF3,CF3+ + H,15.2,1,58.49,1.853e-20,17,18,swarm_regressed_working_set
ION1,IONIZATION,CHF3,CF3+ + H,15.2,1,59.1,1.864e-20,17,18,swarm_regressed_working_set
ION1,IONIZATION,CHF3,CF3+ + H,15.2,1,59.7,1.875e-20,17,18,swarm_regressed_working_set
ION1,IONIZATION,CHF3,CF3+ + H,15.2,1,60.3,1.885e-20,17,18,swarm_regressed_working_set
ION1,IONIZATION,CHF3,CF3+ + H,15.2,1,60.9,1.894e-20,17,18,swarm_regressed_working_set
ION1,IONIZATION,CHF3,CF3+ + H,15.2,1,61.51,1.904e-20,17,18,swarm_regressed_working_set
ION1,IONIZATION,CHF3,CF3+ + H,15.2,1,62.11,1.914e-20,17,18,swarm_regressed_working_set
ION1,IONIZATION,CHF3,CF3+ + H,15.2,1,62.71,1.923e-20,17,18,swarm_regressed_working_set
ION1,IONIZATION,CHF3,CF3+ + H,15.2,1,63.32,1.933e-20,17,18,swarm_regressed_working_set
ION1,IONIZATION,CHF3,CF3+ + H,15.2,1,63.92,1.943e-20,17,18,swarm_regressed_working_set
ION1,IONIZATION,CHF3,CF3+ + H,15.2,1,64.52,1.952e-20,17,18,swarm_regressed_working_set
ION1,IONIZATION,CHF3,CF3+ + H,15.2,1,65.13,1.962e-20,17,18,swarm_regressed_working_set
ION1,IONIZATION,CHF3,CF3+ + H,15.2,1,65.73,1.972e-20,17,18,swarm_regressed_working_set
ION1,IONIZATION,CHF3,CF3+ + H,15.2,1,66.33,1.981e-20,17,18,swarm_regressed_working_set
ION1,IONIZATION,CHF3,CF3+ + H,15.2,1,66.93,1.991e-20,17,18,swarm_regressed_working_set
ION1,IONIZATION,CHF3,CF3+ + H,15.2,1,67.54,2.001e-20,17,18,swarm_regressed_working_set
ION1,IONIZATION,CHF3,CF3+ + H,15.2,1,68.14,2.01e-20,17,18,swarm_regressed_working_set
ION1,IONIZATION,CHF3,CF3+ + H,15.2,1,68.74,2.02e-20,17,18,swarm_regressed_working_set
ION1,IONIZATION,CHF3,CF3+ + H,15.2,1,69.35,2.03e-20,17,18,swarm_regressed_working_set
ION1,IONIZATION,CHF3,CF3+ + H,15.2,1,69.95,2.039e-20,17,18,swarm_regressed_working_set
ION1,IONIZATION,CHF3,CF3+ + H,15.2,1,70.55,2.046e-20,17,18,swarm_regressed_working_set
ION1,IONIZATION,CHF3,CF3+ + H,15.2,1,71.16,2.053e-20,17,18,swarm_regressed_working_set
ION1,IONIZATION,CHF3,CF3+ + H,15.2,1,71.76,2.059e-20,17,18,swarm_regressed_working_set
ION1,IONIZATION,CHF3,CF3+ + H,15.2,1,72.36,2.066e-20,17,18,swarm_regressed_working_set
ION1,IONIZATION,CHF3,CF3+ + H,15.2,1,72.96,2.073e-20,17,18,swarm_regressed_working_set
ION1,IONIZATION,CHF3,CF3+ + H,15.2,1,73.57,2.079e-20,17,18,swarm_regressed_working_set
ION1,IONIZATION,CHF3,CF3+ + H,15.2,1,74.17,2.086e-20,17,18,swarm_regressed_working_set
ION1,IONIZATION,CHF3,CF3+ + H,15.2,1,74.77,2.093e-20,17,18,swarm_regressed_working_set
ION1,IONIZATION,CHF3,CF3+ + H,15.2,1,75.38,2.099e-20,17,18,swarm_regressed_working_set
ION1,IONIZATION,CHF3,CF3+ + H,15.2,1,75.98,2.106e-20,17,18,swarm_regressed_working_set
ION1,IONIZATION,CHF3,CF3+ + H,15.2,1,76.58,2.112e-20,17,18,swarm_regressed_working_set
ION1,IONIZATION,CHF3,CF3+ + H,15.2,1,77.19,2.119e-20,17,18,swarm_regressed_working_set
ION1,IONIZATION,CHF3,CF3+ + H,15.2,1,77.79,2.126e-20,17,18,swarm_regressed_working_set
ION1,IONIZATION,CHF3,CF3+ + H,15.2,1,78.39,2.132e-20,17,18,swarm_regressed_working_set
ION1,IONIZATION,CHF3,CF3+ + H,15.2,1,78.99,2.139e-20,17,18,swarm_regressed_working_set
ION1,IONIZATION,CHF3,CF3+ + H,15.2,1,79.6,2.146e-20,17,18,swarm_regressed_working_set
ION1,IONIZATION,CHF3,CF3+ + H,15.2,1,80.2,2.149e-20,17,18,swarm_regressed_working_set
ION1,IONIZATION,CHF3,CF3+ + H,15.2,1,80.8,2.148e-20,17,18,swarm_regressed_working_set
ION1,IONIZATION,CHF3,CF3+ + H,15.2,1,81.41,2.146e-20,17,18,swarm_regressed_working_set
ION1,IONIZATION,CHF3,CF3+ + H,15.2,1,82.01,2.144e-20,17,18,swarm_regressed_working_set
ION1,IONIZATION,CHF3,CF3+ + H,15.2,1,82.61,2.142e-20,17,18,swarm_regressed_working_set
ION1,IONIZATION,CHF3,CF3+ + H,15.2,1,83.22,2.14e-20,17,18,swarm_regressed_working_set
ION1,IONIZATION,CHF3,CF3+ + H,15.2,1,83.82,2.139e-20,17,18,swarm_regressed_working_set
ION1,IONIZATION,CHF3,CF3+ + H,15.2,1,84.42,2.137e-20,17,18,swarm_regressed_working_set
ION1,IONIZATION,CHF3,CF3+ + H,15.2,1,85.03,2.135e-20,17,18,swarm_regressed_working_set
ION1,IONIZATION,CHF3,CF3+ + H,15.2,1,85.63,2.133e-20,17,18,swarm_regressed_working_set
ION1,IONIZATION,CHF3,CF3+ + H,15.2,1,86.23,2.131e-20,17,18,swarm_regressed_working_set
ION1,IONIZATION,CHF3,CF3+ + H,15.2,1,86.83,2.129e-20,17,18,swarm_regressed_working_set
ION1,IONIZATION,CHF3,CF3+ + H,15.2,1,87.44,2.128e-20,17,18,swarm_regressed_working_set
ION1,IONIZATION,CHF3,CF3+ + H,15.2,1,88.04,2.126e-20,17,18,swarm_regressed_working_set
ION1,IONIZATION,CHF3,CF3+ + H,15.2,1,88.64,2.124e-20,17,18,swarm_regressed_working_set
ION1,IONIZATION,CHF3,CF3+ + H,15.2,1,89.25,2.122e-20,17,18,swarm_regressed_working_set
ION1,IONIZATION,CHF3,CF3+ + H,15.2,1,89.85,2.12e-20,17,18,swarm_regressed_working_set
ION1,IONIZATION,CHF3,CF3+ + H,15.2,1,90.45,2.122e-20,17,18,swarm_regressed_working_set
ION1,IONIZATION,CHF3,CF3+ + H,15.2,1,91.06,2.124e-20,17,18,swarm_regressed_working_set
ION1,IONIZATION,CHF3,CF3+ + H,15.2,1,91.66,2.127e-20,17,18,swarm_regressed_working_set
ION1,IONIZATION,CHF3,CF3+ + H,15.2,1,92.26,2.129e-20,17,18,swarm_regressed_working_set
ION1,IONIZATION,CHF3,CF3+ + H,15.2,1,92.86,2.131e-20,17,18,swarm_regressed_working_set
ION1,IONIZATION,CHF3,CF3+ + H,15.2,1,93.47,2.134e-20,17,18,swarm_regressed_working_set
ION1,IONIZATION,CHF3,CF3+ + H,15.2,1,94.07,2.136e-20,17,18,swarm_regressed_working_set
ION1,IONIZATION,CHF3,CF3+ + H,15.2,1,94.67,2.139e-20,17,18,swarm_regressed_working_set
ION1,IONIZATION,CHF3,CF3+ + H,15.2,1,95.28,2.141e-20,17,18,swarm_regressed_working_set
ION1,IONIZATION,CHF3,CF3+ + H,15.2,1,95.88,2.144e-20,17,18,swarm_regressed_working_set
ION1,IONIZATION,CHF3,CF3+ + H,15.2,1,96.48,2.146e-20,17,18,swarm_regressed_working_set
ION1,IONIZATION,CHF3,CF3+ + H,15.2,1,97.09,2.148e-20,17,18,swarm_regressed_working_set
ION1,IONIZATION,CHF3,CF3+ + H,15.2,1,97.69,2.151e-20,17,18,swarm_regressed_working_set
ION1,IONIZATION,CHF3,CF3+ + H,15.2,1,98.29,2.153e-20,17,18,swarm_regressed_working_set
ION1,IONIZATION,CHF3,CF3+ + H,15.2,1,98.89,2.156e-20,17,18,swarm_regressed_working_set
ION1,IONIZATION,CHF3,CF3+ + H,15.2,1,99.5,2.158e-20,17,18,swarm_regressed_working_set
ION1,IONIZATION,CHF3,CF3+ + H,15.2,1,100.1,2.16e-20,17,18,swarm_regressed_working_set
ION1,IONIZATION,CHF3,CF3+ + H,15.2,1,100.7,2.161e-20,17,18,swarm_regressed_working_set
ION1,IONIZATION,CHF3,CF3+ + H,15.2,1,101.3,2.163e-20,17,18,swarm_regressed_working_set
ION1,IONIZATION,CHF3,CF3+ + H,15.2,1,101.9,2.164e-20,17,18,swarm_regressed_working_set
ION1,IONIZATION,CHF3,CF3+ + H,15.2,1,102.5,2.165e-20,17,18,swarm_regressed_working_set
ION1,IONIZATION,CHF3,CF3+ + H,15.2,1,103.1,2.166e-20,17,18,swarm_regressed_working_set
ION1,IONIZATION,CHF3,CF3+ + H,15.2,1,103.7,2.167e-20,17,18,swarm_regressed_working_set
ION1,IONIZATION,CHF3,CF3+ + H,15.2,1,104.3,2.169e-20,17,18,swarm_regressed_working_set
ION1,IONIZATION,CHF3,CF3+ + H,15.2,1,104.9,2.17e-20,17,18,swarm_regressed_working_set
ION1,IONIZATION,CHF3,CF3+ + H,15.2,1,105.5,2.171e-20,17,18,swarm_regressed_working_set
ION1,IONIZATION,CHF3,CF3+ + H,15.2,1,106.1,2.172e-20,17,18,swarm_regressed_working_set
ION1,IONIZATION,CHF3,CF3+ + H,15.2,1,106.7,2.173e-20,17,18,swarm_regressed_working_set
ION1,IONIZATION,CHF3,CF3+ + H,15.2,1,107.3,2.175e-20,17,18,swarm_regressed_working_set
ION1,IONIZATION,CHF3,CF3+ + H,15.2,1,107.9,2.176e-20,17,18,swarm_regressed_working_set
ION1,IONIZATION,CHF3,CF3+ + H,15.2,1,108.5,2.177e-20,17,18,swarm_regressed_working_set
ION1,IONIZATION,CHF3,CF3+ + H,15.2,1,109.1,2.178e-20,17,18,swarm_regressed_working_set
ION1,IONIZATION,CHF3,CF3+ + H,15.2,1,109.7,2.179e-20,17,18,swarm_regressed_working_set
ION1,IONIZATION,CHF3,CF3+ + H,15.2,1,110.4,2.181e-20,17,18,swarm_regressed_working_set
ION1,IONIZATION,CHF3,CF3+ + H,15.2,1,111,2.184e-20,17,18,swarm_regressed_working_set
ION1,IONIZATION,CHF3,CF3+ + H,15.2,1,111.6,2.186e-20,17,18,swarm_regressed_working_set
ION1,IONIZATION,CHF3,CF3+ + H,15.2,1,112.2,2.189e-20,17,18,swarm_regressed_working_set
ION1,IONIZATION,CHF3,CF3+ + H,15.2,1,112.8,2.191e-20,17,18,swarm_regressed_working_set
ION1,IONIZATION,CHF3,CF3+ + H,15.2,1,113.4,2.193e-20,17,18,swarm_regressed_working_set
ION1,IONIZATION,CHF3,CF3+ + H,15.2,1,114,2.196e-20,17,18,swarm_regressed_working_set
ION1,IONIZATION,CHF3,CF3+ + H,15.2,1,114.6,2.198e-20,17,18,swarm_regressed_working_set
ION1,IONIZATION,CHF3,CF3+ + H,15.2,1,115.2,2.201e-20,17,18,swarm_regressed_working_set
ION1,IONIZATION,CHF3,CF3+ + H,15.2,1,115.8,2.203e-20,17,18,swarm_regressed_working_set
ION1,IONIZATION,CHF3,CF3+ + H,15.2,1,116.4,2.206e-20,17,18,swarm_regressed_working_set
ION1,IONIZATION,CHF3,CF3+ + H,15.2,1,117,2.208e-20,17,18,swarm_regressed_working_set
ION1,IONIZATION,CHF3,CF3+ + H,15.2,1,117.6,2.21e-20,17,18,swarm_regressed_working_set
ION1,IONIZATION,CHF3,CF3+ + H,15.2,1,118.2,2.213e-20,17,18,swarm_regressed_working_set
ION1,IONIZATION,CHF3,CF3+ + H,15.2,1,118.8,2.215e-20,17,18,swarm_regressed_working_set
ION1,IONIZATION,CHF3,CF3+ + H,15.2,1,119.4,2.218e-20,17,18,swarm_regressed_working_set
ION1,IONIZATION,CHF3,CF3+ + H,15.2,1,120,2.22e-20,17,18,swarm_regressed_working_set
ION2,IONIZATION,CHF3,CHF2+ + F,16.8,1,0,0,17,19,swarm_regressed_working_set
ION2,IONIZATION,CHF3,CHF2+ + F,16.8,1,0.603,0,17,19,swarm_regressed_working_set
ION2,IONIZATION,CHF3,CHF2+ + F,16.8,1,1.206,0,17,19,swarm_regressed_working_set
ION2,IONIZATION,CHF3,CHF2+ + F,16.8,1,1.809,0,17,19,swarm_regressed_working_set
ION2,IONIZATION,CHF3,CHF2+ + F,16.8,1,2.412,0,17,19,swarm_regressed_working_set
ION2,IONIZATION,CHF3,CHF2+ + F,16.8,1,3.015,0,17,19,swarm_regressed_working_set
ION2,IONIZATION,CHF3,CHF2+ + F,16.8,1,3.618,0,17,19,swarm_regressed_working_set
ION2,IONIZATION,CHF3,CHF2+ + F,16.8,1,4.221,0,17,19,swarm_regressed_working_set
ION2,IONIZATION,CHF3,CHF2+ + F,16.8,1,4.824,0,17,19,swarm_regressed_working_set
ION2,IONIZATION,CHF3,CHF2+ + F,16.8,1,5.427,0,17,19,swarm_regressed_working_set
ION2,IONIZATION,CHF3,CHF2+ + F,16.8,1,6.03,0,17,19,swarm_regressed_working_set
ION2,IONIZATION,CHF3,CHF2+ + F,16.8,1,6.633,0,17,19,swarm_regressed_working_set
ION2,IONIZATION,CHF3,CHF2+ + F,16.8,1,7.236,0,17,19,swarm_regressed_working_set
ION2,IONIZATION,CHF3,CHF2+ + F,16.8,1,7.839,0,17,19,swarm_regressed_working_set
ION2,IONIZATION,CHF3,CHF2+ + F,16.8,1,8.442,0,17,19,swarm_regressed_working_set
ION2,IONIZATION,CHF3,CHF2+ + F,16.8,1,9.045,0,17,19,swarm_regressed_working_set
ION2,IONIZATION,CHF3,CHF2+ + F,16.8,1,9.648,0,17,19,swarm_regressed_working_set
ION2,IONIZATION,CHF3,CHF2+ + F,16.8,1,10.25,0,17,19,swarm_regressed_working_set
ION2,IONIZATION,CHF3,CHF2+ + F,16.8,1,10.85,0,17,19,swarm_regressed_working_set
ION2,IONIZATION,CHF3,CHF2+ + F,16.8,1,11.46,0,17,19,swarm_regressed_working_set
ION2,IONIZATION,CHF3,CHF2+ + F,16.8,1,12.06,0,17,19,swarm_regressed_working_set
ION2,IONIZATION,CHF3,CHF2+ + F,16.8,1,12.66,0,17,19,swarm_regressed_working_set
ION2,IONIZATION,CHF3,CHF2+ + F,16.8,1,13.27,0,17,19,swarm_regressed_working_set
ION2,IONIZATION,CHF3,CHF2+ + F,16.8,1,13.87,0,17,19,swarm_regressed_working_set
ION2,IONIZATION,CHF3,CHF2+ + F,16.8,1,14.47,0,17,19,swarm_regressed_working_set
ION2,IONIZATION,CHF3,CHF2+ + F,16.8,1,15.08,0,17,19,swarm_regressed_working_set
ION2,IONIZATION,CHF3,CHF2+ + F,16.8,1,15.68,0,17,19,swarm_regressed_working_set
ION2,IONIZATION,CHF3,CHF2+ + F,16.8,1,16.28,0,17,19,swarm_regressed_working_set
ION2,IONIZATION,CHF3,CHF2+ + F,16.8,1,16.88,3.694e-24,17,19,swarm_regressed_working_set
ION2,IONIZATION,CHF3,CHF2+ + F,16.8,1,17.49,3.008e-23,17,19,swarm_regressed_working_set
ION2,IONIZATION,CHF3,CHF2+ + F,16.8,1,18.09,5.646e-23,17,19,swarm_regressed_working_set
ION2,IONIZATION,CHF3,CHF2+ + F,16.8,1,18.69,8.284e-23,17,19,swarm_regressed_working_set
ION2,IONIZATION,CHF3,CHF2+ + F,16.8,1,19.3,1.092e-22,17,19,swarm_regressed_working_set
ION2,IONIZATION,CHF3,CHF2+ + F,16.8,1,19.9,1.356e-22,17,19,swarm_regressed_working_set
ION2,IONIZATION,CHF3,CHF2+ + F,16.8,1,20.5,1.903e-22,17,19,swarm_regressed_working_set
ION2,IONIZATION,CHF3,CHF2+ + F,16.8,1,21.11,2.506e-22,17,19,swarm_regressed_working_set
ION2,IONIZATION,CHF3,CHF2+ + F,16.8,1,21.71,3.109e-22,17,19,swarm_regressed_working_set
ION2,IONIZATION,CHF3,CHF2+ + F,16.8,1,22.31,3.712e-22,17,19,swarm_regressed_working_set
ION2,IONIZATION,CHF3,CHF2+ + F,16.8,1,22.91,4.315e-22,17,19,swarm_regressed_working_set
ION2,IONIZATION,CHF3,CHF2+ + F,16.8,1,23.52,4.918e-22,17,19,swarm_regressed_working_set
ION2,IONIZATION,CHF3,CHF2+ + F,16.8,1,24.12,5.521e-22,17,19,swarm_regressed_working_set
ION2,IONIZATION,CHF3,CHF2+ + F,16.8,1,24.72,6.124e-22,17,19,swarm_regressed_working_set
ION2,IONIZATION,CHF3,CHF2+ + F,16.8,1,25.33,6.792e-22,17,19,swarm_regressed_working_set
ION2,IONIZATION,CHF3,CHF2+ + F,16.8,1,25.93,7.516e-22,17,19,swarm_regressed_working_set
ION2,IONIZATION,CHF3,CHF2+ + F,16.8,1,26.53,8.239e-22,17,19,swarm_regressed_working_set
ION2,IONIZATION,CHF3,CHF2+ + F,16.8,1,27.14,8.963e-22,17,19,swarm_regressed_working_set
ION2,IONIZATION,CHF3,CHF2+ + F,16.8,1,27.74,9.686e-22,17,19,swarm_regressed_working_set
ION2,IONIZATION,CHF3,CHF2+ + F,16.8,1,28.34,1.041e-21,17,19,swarm_regressed_working_set
ION2,IONIZATION,CHF3,CHF2+ + F,16.8,1,28.94,1.113e-21,17,19,swarm_regressed_working_set
ION2,IONIZATION,CHF3,CHF2+ + F,16.8,1,29.55,1.186e-21,17,19,swarm_regressed_working_set
ION2,IONIZATION,CHF3,CHF2+ + F,16.8,1,30.15,1.26e-21,17,19,swarm_regressed_working_set
ION2,IONIZATION,CHF3,CHF2+ + F,16.8,1,30.75,1.341e-21,17,19,swarm_regressed_working_set
ION2,IONIZATION,CHF3,CHF2+ + F,16.8,1,31.36,1.422e-21,17,19,swarm_regressed_working_set
ION2,IONIZATION,CHF3,CHF2+ + F,16.8,1,31.96,1.503e-21,17,19,swarm_regressed_working_set
ION2,IONIZATION,CHF3,CHF2+ + F,16.8,1,32.56,1.583e-21,17,19,swarm_regressed_working_set
ION2,IONIZATION,CHF3,CHF2+ + F,16.8,1,33.17,1.664e-21,17,19,swarm_regressed_working_set
ION2,IONIZATION,CHF3,CHF2+ + F,16.8,1,33.77,1.745e-21,17,19,swarm_regressed_working_set
ION2,IONIZATION,CHF3,CHF2+ + F,16.8,1,34.37,1.826e-21,17,19,swarm_regressed_working_set
ION2,IONIZATION,CHF3,CHF2+ + F,16.8,1,34.97,1.907e-21,17,19,swarm_regressed_working_set
ION2,IONIZATION,CHF3,CHF2+ + F,16.8,1,35.58,1.978e-21,17,19,swarm_regressed_working_set
ION2,IONIZATION,CHF3,CHF2+ + F,16.8,1,36.18,2.049e-21,17,19,swarm_regressed_working_set
ION2,IONIZATION,CHF3,CHF2+ + F,16.8,1,36.78,2.121e-21,17,19,swarm_regressed_working_set
ION2,IONIZATION,CHF3,CHF2+ + F,16.8,1,37.39,2.192e-21,17,19,swarm_regressed_working_set
ION2,IONIZATION,CHF3,CHF2+ + F,16.8,1,37.99,2.263e-21,17,19,swarm_regressed_working_set
ION2,IONIZATION,CHF3,CHF2+ + F,16.8,1,38.59,2.334e-21,17,19,swarm_regressed_working_set
ION2,IONIZATION,CHF3,CHF2+ + F,16.8,1,39.2,2.405e-21,17,19,swarm_regressed_working_set
ION2,IONIZATION,CHF3,CHF2+ + F,16.8,1,39.8,2.476e-21,17,19,swarm_regressed_working_set
ION2,IONIZATION,CHF3,CHF2+ + F,16.8,1,40.4,2.54e-21,17,19,swarm_regressed_working_set
ION2,IONIZATION,CHF3,CHF2+ + F,16.8,1,41.01,2.601e-21,17,19,swarm_regressed_working_set
ION2,IONIZATION,CHF3,CHF2+ + F,16.8,1,41.61,2.661e-21,17,19,swarm_regressed_working_set
ION2,IONIZATION,CHF3,CHF2+ + F,16.8,1,42.21,2.721e-21,17,19,swarm_regressed_working_set
ION2,IONIZATION,CHF3,CHF2+ + F,16.8,1,42.81,2.781e-21,17,19,swarm_regressed_working_set
ION2,IONIZATION,CHF3,CHF2+ + F,16.8,1,43.42,2.842e-21,17,19,swarm_regressed_working_set
ION2,IONIZATION,CHF3,CHF2+ + F,16.8,1,44.02,2.902e-21,17,19,swarm_regressed_working_set
ION2,IONIZATION,CHF3,CHF2+ + F,16.8,1,44.62,2.962e-21,17,19,swarm_regressed_working_set
ION2,IONIZATION,CHF3,CHF2+ + F,16.8,1,45.23,3.019e-21,17,19,swarm_regressed_working_set
ION2,IONIZATION,CHF3,CHF2+ + F,16.8,1,45.83,3.068e-21,17,19,swarm_regressed_working_set
ION2,IONIZATION,CHF3,CHF2+ + F,16.8,1,46.43,3.117e-21,17,19,swarm_regressed_working_set
ION2,IONIZATION,CHF3,CHF2+ + F,16.8,1,47.04,3.167e-21,17,19,swarm_regressed_working_set
ION2,IONIZATION,CHF3,CHF2+ + F,16.8,1,47.64,3.216e-21,17,19,swarm_regressed_working_set
ION2,IONIZATION,CHF3,CHF2+ + F,16.8,1,48.24,3.266e-21,17,19,swarm_regressed_working_set
ION2,IONIZATION,CHF3,CHF2+ + F,16.8,1,48.84,3.315e-21,17,19,swarm_regressed_working_set
ION2,IONIZATION,CHF3,CHF2+ + F,16.8,1,49.45,3.365e-21,17,19,swarm_regressed_working_set
ION2,IONIZATION,CHF3,CHF2+ + F,16.8,1,50.05,3.412e-21,17,19,swarm_regressed_working_set
ION2,IONIZATION,CHF3,CHF2+ + F,16.8,1,50.65,3.439e-21,17,19,swarm_regressed_working_set
ION2,IONIZATION,CHF3,CHF2+ + F,16.8,1,51.26,3.467e-21,17,19,swarm_regressed_working_set
ION2,IONIZATION,CHF3,CHF2+ + F,16.8,1,51.86,3.494e-21,17,19,swarm_regressed_working_set
ION2,IONIZATION,CHF3,CHF2+ + F,16.8,1,52.46,3.521e-21,17,19,swarm_regressed_working_set
ION2,IONIZATION,CHF3,CHF2+ + F,16.8,1,53.07,3.548e-21,17,19,swarm_regressed_working_set
ION2,IONIZATION,CHF3,CHF2+ + F,16.8,1,53.67,3.575e-21,17,19,swarm_regressed_working_set
ION2,IONIZATION,CHF3,CHF2+ + F,16.8,1,54.27,3.602e-21,17,19,swarm_regressed_working_set
ION2,IONIZATION,CHF3,CHF2+ + F,16.8,1,54.87,3.629e-21,17,19,swarm_regressed_working_set
ION2,IONIZATION,CHF3,CHF2+ + F,16.8,1,55.48,3.656e-21,17,19,swarm_regressed_working_set
ION2,IONIZATION,CHF3,CHF2+ + F,16.8,1,56.08,3.684e-21,17,19,swarm_regressed_working_set
ION2,IONIZATION,CHF3,CHF2+ + F,16.8,1,56.68,3.711e-21,17,19,swarm_regressed_working_set
ION2,IONIZATION,CHF3,CHF2+ + F,16.8,1,57.29,3.738e-21,17,19,swarm_regressed_working_set
ION2,IONIZATION,CHF3,CHF2+ + F,16.8,1,57.89,3.765e-21,17,19,swarm_regressed_working_set
ION2,IONIZATION,CHF3,CHF2+ + F,16.8,1,58.49,3.792e-21,17,19,swarm_regressed_working_set
ION2,IONIZATION,CHF3,CHF2+ + F,16.8,1,59.1,3.819e-21,17,19,swarm_regressed_working_set
ION2,IONIZATION,CHF3,CHF2+ + F,16.8,1,59.7,3.846e-21,17,19,swarm_regressed_working_set
ION2,IONIZATION,CHF3,CHF2+ + F,16.8,1,60.3,3.867e-21,17,19,swarm_regressed_working_set
ION2,IONIZATION,CHF3,CHF2+ + F,16.8,1,60.9,3.882e-21,17,19,swarm_regressed_working_set
ION2,IONIZATION,CHF3,CHF2+ + F,16.8,1,61.51,3.896e-21,17,19,swarm_regressed_working_set
ION2,IONIZATION,CHF3,CHF2+ + F,16.8,1,62.11,3.911e-21,17,19,swarm_regressed_working_set
ION2,IONIZATION,CHF3,CHF2+ + F,16.8,1,62.71,3.925e-21,17,19,swarm_regressed_working_set
ION2,IONIZATION,CHF3,CHF2+ + F,16.8,1,63.32,3.94e-21,17,19,swarm_regressed_working_set
ION2,IONIZATION,CHF3,CHF2+ + F,16.8,1,63.92,3.954e-21,17,19,swarm_regressed_working_set
ION2,IONIZATION,CHF3,CHF2+ + F,16.8,1,64.52,3.969e-21,17,19,swarm_regressed_working_set
ION2,IONIZATION,CHF3,CHF2+ + F,16.8,1,65.13,3.983e-21,17,19,swarm_regressed_working_set
ION2,IONIZATION,CHF3,CHF2+ + F,16.8,1,65.73,3.997e-21,17,19,swarm_regressed_working_set
ION2,IONIZATION,CHF3,CHF2+ + F,16.8,1,66.33,4.012e-21,17,19,swarm_regressed_working_set
ION2,IONIZATION,CHF3,CHF2+ + F,16.8,1,66.93,4.026e-21,17,19,swarm_regressed_working_set
ION2,IONIZATION,CHF3,CHF2+ + F,16.8,1,67.54,4.041e-21,17,19,swarm_regressed_working_set
ION2,IONIZATION,CHF3,CHF2+ + F,16.8,1,68.14,4.055e-21,17,19,swarm_regressed_working_set
ION2,IONIZATION,CHF3,CHF2+ + F,16.8,1,68.74,4.07e-21,17,19,swarm_regressed_working_set
ION2,IONIZATION,CHF3,CHF2+ + F,16.8,1,69.35,4.084e-21,17,19,swarm_regressed_working_set
ION2,IONIZATION,CHF3,CHF2+ + F,16.8,1,69.95,4.099e-21,17,19,swarm_regressed_working_set
ION2,IONIZATION,CHF3,CHF2+ + F,16.8,1,70.55,4.106e-21,17,19,swarm_regressed_working_set
ION2,IONIZATION,CHF3,CHF2+ + F,16.8,1,71.16,4.113e-21,17,19,swarm_regressed_working_set
ION2,IONIZATION,CHF3,CHF2+ + F,16.8,1,71.76,4.119e-21,17,19,swarm_regressed_working_set
ION2,IONIZATION,CHF3,CHF2+ + F,16.8,1,72.36,4.126e-21,17,19,swarm_regressed_working_set
ION2,IONIZATION,CHF3,CHF2+ + F,16.8,1,72.96,4.133e-21,17,19,swarm_regressed_working_set
ION2,IONIZATION,CHF3,CHF2+ + F,16.8,1,73.57,4.139e-21,17,19,swarm_regressed_working_set
ION2,IONIZATION,CHF3,CHF2+ + F,16.8,1,74.17,4.146e-21,17,19,swarm_regressed_working_set
ION2,IONIZATION,CHF3,CHF2+ + F,16.8,1,74.77,4.153e-21,17,19,swarm_regressed_working_set
ION2,IONIZATION,CHF3,CHF2+ + F,16.8,1,75.38,4.159e-21,17,19,swarm_regressed_working_set
ION2,IONIZATION,CHF3,CHF2+ + F,16.8,1,75.98,4.166e-21,17,19,swarm_regressed_working_set
ION2,IONIZATION,CHF3,CHF2+ + F,16.8,1,76.58,4.172e-21,17,19,swarm_regressed_working_set
ION2,IONIZATION,CHF3,CHF2+ + F,16.8,1,77.19,4.179e-21,17,19,swarm_regressed_working_set
ION2,IONIZATION,CHF3,CHF2+ + F,16.8,1,77.79,4.186e-21,17,19,swarm_regressed_working_set
ION2,IONIZATION,CHF3,CHF2+ + F,16.8,1,78.39,4.192e-21,17,19,swarm_regressed_working_set
ION2,IONIZATION,CHF3,CHF2+ + F,16.8,1,78.99,4.199e-21,17,19,swarm_regressed_working_set
ION2,IONIZATION,CHF3,CHF2+ + F,16.8,1,79.6,4.206e-21,17,19,swarm_regressed_working_set
ION2,IONIZATION,CHF3,CHF2+ + F,16.8,1,80.2,4.212e-21,17,19,swarm_regressed_working_set
ION2,IONIZATION,CHF3,CHF2+ + F,16.8,1,80.8,4.218e-21,17,19,swarm_regressed_working_set
ION2,IONIZATION,CHF3,CHF2+ + F,16.8,1,81.41,4.224e-21,17,19,swarm_regressed_working_set
ION2,IONIZATION,CHF3,CHF2+ + F,16.8,1,82.01,4.23e-21,17,19,swarm_regressed_working_set
ION2,IONIZATION,CHF3,CHF2+ + F,16.8,1,82.61,4.236e-21,17,19,swarm_regressed_working_set
ION2,IONIZATION,CHF3,CHF2+ + F,16.8,1,83.22,4.242e-21,17,19,swarm_regressed_working_set
ION2,IONIZATION,CHF3,CHF2+ + F,16.8,1,83.82,4.248e-21,17,19,swarm_regressed_working_set
ION2,IONIZATION,CHF3,CHF2+ + F,16.8,1,84.42,4.254e-21,17,19,swarm_regressed_working_set
ION2,IONIZATION,CHF3,CHF2+ + F,16.8,1,85.03,4.26e-21,17,19,swarm_regressed_working_set
ION2,IONIZATION,CHF3,CHF2+ + F,16.8,1,85.63,4.266e-21,17,19,swarm_regressed_working_set
ION2,IONIZATION,CHF3,CHF2+ + F,16.8,1,86.23,4.272e-21,17,19,swarm_regressed_working_set
ION2,IONIZATION,CHF3,CHF2+ + F,16.8,1,86.83,4.278e-21,17,19,swarm_regressed_working_set
ION2,IONIZATION,CHF3,CHF2+ + F,16.8,1,87.44,4.284e-21,17,19,swarm_regressed_working_set
ION2,IONIZATION,CHF3,CHF2+ + F,16.8,1,88.04,4.29e-21,17,19,swarm_regressed_working_set
ION2,IONIZATION,CHF3,CHF2+ + F,16.8,1,88.64,4.296e-21,17,19,swarm_regressed_working_set
ION2,IONIZATION,CHF3,CHF2+ + F,16.8,1,89.25,4.302e-21,17,19,swarm_regressed_working_set
ION2,IONIZATION,CHF3,CHF2+ + F,16.8,1,89.85,4.308e-21,17,19,swarm_regressed_working_set
ION2,IONIZATION,CHF3,CHF2+ + F,16.8,1,90.45,4.311e-21,17,19,swarm_regressed_working_set
ION2,IONIZATION,CHF3,CHF2+ + F,16.8,1,91.06,4.313e-21,17,19,swarm_regressed_working_set
ION2,IONIZATION,CHF3,CHF2+ + F,16.8,1,91.66,4.315e-21,17,19,swarm_regressed_working_set
ION2,IONIZATION,CHF3,CHF2+ + F,16.8,1,92.26,4.317e-21,17,19,swarm_regressed_working_set
ION2,IONIZATION,CHF3,CHF2+ + F,16.8,1,92.86,4.319e-21,17,19,swarm_regressed_working_set
ION2,IONIZATION,CHF3,CHF2+ + F,16.8,1,93.47,4.32e-21,17,19,swarm_regressed_working_set
ION2,IONIZATION,CHF3,CHF2+ + F,16.8,1,94.07,4.322e-21,17,19,swarm_regressed_working_set
ION2,IONIZATION,CHF3,CHF2+ + F,16.8,1,94.67,4.324e-21,17,19,swarm_regressed_working_set
ION2,IONIZATION,CHF3,CHF2+ + F,16.8,1,95.28,4.326e-21,17,19,swarm_regressed_working_set
ION2,IONIZATION,CHF3,CHF2+ + F,16.8,1,95.88,4.328e-21,17,19,swarm_regressed_working_set
ION2,IONIZATION,CHF3,CHF2+ + F,16.8,1,96.48,4.329e-21,17,19,swarm_regressed_working_set
ION2,IONIZATION,CHF3,CHF2+ + F,16.8,1,97.09,4.331e-21,17,19,swarm_regressed_working_set
ION2,IONIZATION,CHF3,CHF2+ + F,16.8,1,97.69,4.333e-21,17,19,swarm_regressed_working_set
ION2,IONIZATION,CHF3,CHF2+ + F,16.8,1,98.29,4.335e-21,17,19,swarm_regressed_working_set
ION2,IONIZATION,CHF3,CHF2+ + F,16.8,1,98.89,4.337e-21,17,19,swarm_regressed_working_set
ION2,IONIZATION,CHF3,CHF2+ + F,16.8,1,99.5,4.338e-21,17,19,swarm_regressed_working_set
ION2,IONIZATION,CHF3,CHF2+ + F,16.8,1,100.1,4.34e-21,17,19,swarm_regressed_working_set
ION2,IONIZATION,CHF3,CHF2+ + F,16.8,1,100.7,4.343e-21,17,19,swarm_regressed_working_set
ION2,IONIZATION,CHF3,CHF2+ + F,16.8,1,101.3,4.345e-21,17,19,swarm_regressed_working_set
ION2,IONIZATION,CHF3,CHF2+ + F,16.8,1,101.9,4.348e-21,17,19,swarm_regressed_working_set
ION2,IONIZATION,CHF3,CHF2+ + F,16.8,1,102.5,4.35e-21,17,19,swarm_regressed_working_set
ION2,IONIZATION,CHF3,CHF2+ + F,16.8,1,103.1,4.352e-21,17,19,swarm_regressed_working_set
ION2,IONIZATION,CHF3,CHF2+ + F,16.8,1,103.7,4.355e-21,17,19,swarm_regressed_working_set
ION2,IONIZATION,CHF3,CHF2+ + F,16.8,1,104.3,4.357e-21,17,19,swarm_regressed_working_set
ION2,IONIZATION,CHF3,CHF2+ + F,16.8,1,104.9,4.36e-21,17,19,swarm_regressed_working_set
ION2,IONIZATION,CHF3,CHF2+ + F,16.8,1,105.5,4.362e-21,17,19,swarm_regressed_working_set
ION2,IONIZATION,CHF3,CHF2+ + F,16.8,1,106.1,4.365e-21,17,19,swarm_regressed_working_set
ION2,IONIZATION,CHF3,CHF2+ + F,16.8,1,106.7,4.367e-21,17,19,swarm_regressed_working_set
ION2,IONIZATION,CHF3,CHF2+ + F,16.8,1,107.3,4.369e-21,17,19,swarm_regressed_working_set
ION2,IONIZATION,CHF3,CHF2+ + F,16.8,1,107.9,4.372e-21,17,19,swarm_regressed_working_set
ION2,IONIZATION,CHF3,CHF2+ + F,16.8,1,108.5,4.374e-21,17,19,swarm_regressed_working_set
ION2,IONIZATION,CHF3,CHF2+ + F,16.8,1,109.1,4.377e-21,17,19,swarm_regressed_working_set
ION2,IONIZATION,CHF3,CHF2+ + F,16.8,1,109.7,4.379e-21,17,19,swarm_regressed_working_set
ION2,IONIZATION,CHF3,CHF2+ + F,16.8,1,110.4,4.381e-21,17,19,swarm_regressed_working_set
ION2,IONIZATION,CHF3,CHF2+ + F,16.8,1,111,4.383e-21,17,19,swarm_regressed_working_set
ION2,IONIZATION,CHF3,CHF2+ + F,16.8,1,111.6,4.385e-21,17,19,swarm_regressed_working_set
ION2,IONIZATION,CHF3,CHF2+ + F,16.8,1,112.2,4.386e-21,17,19,swarm_regressed_working_set
ION2,IONIZATION,CHF3,CHF2+ + F,16.8,1,112.8,4.388e-21,17,19,swarm_regressed_working_set
ION2,IONIZATION,CHF3,CHF2+ + F,16.8,1,113.4,4.39e-21,17,19,swarm_regressed_working_set
ION2,IONIZATION,CHF3,CHF2+ + F,16.8,1,114,4.392e-21,17,19,swarm_regressed_working_set
ION2,IONIZATION,CHF3,CHF2+ + F,16.8,1,114.6,4.394e-21,17,19,swarm_regressed_working_set
ION2,IONIZATION,CHF3,CHF2+ + F,16.8,1,115.2,4.396e-21,17,19,swarm_regressed_working_set
ION2,IONIZATION,CHF3,CHF2+ + F,16.8,1,115.8,4.397e-21,17,19,swarm_regressed_working_set
ION2,IONIZATION,CHF3,CHF2+ + F,16.8,1,116.4,4.399e-21,17,19,swarm_regressed_working_set
ION2,IONIZATION,CHF3,CHF2+ + F,16.8,1,117,4.401e-21,17,19,swarm_regressed_working_set
ION2,IONIZATION,CHF3,CHF2+ + F,16.8,1,117.6,4.403e-21,17,19,swarm_regressed_working_set
ION2,IONIZATION,CHF3,CHF2+ + F,16.8,1,118.2,4.405e-21,17,19,swarm_regressed_working_set
ION2,IONIZATION,CHF3,CHF2+ + F,16.8,1,118.8,4.406e-21,17,19,swarm_regressed_working_set
ION2,IONIZATION,CHF3,CHF2+ + F,16.8,1,119.4,4.408e-21,17,19,swarm_regressed_working_set
ION2,IONIZATION,CHF3,CHF2+ + F,16.8,1,120,4.41e-21,17,19,swarm_regressed_working_set
ION3,IONIZATION,CHF3,CF2+ + HF,17.6,1,0,0,17,20,swarm_regressed_working_set
ION3,IONIZATION,CHF3,CF2+ + HF,17.6,1,0.603,0,17,20,swarm_regressed_working_set
ION3,IONIZATION,CHF3,CF2+ + HF,17.6,1,1.206,0,17,20,swarm_regressed_working_set
ION3,IONIZATION,CHF3,CF2+ + HF,17.6,1,1.809,0,17,20,swarm_regressed_working_set
ION3,IONIZATION,CHF3,CF2+ + HF,17.6,1,2.412,0,17,20,swarm_regressed_working_set
ION3,IONIZATION,CHF3,CF2+ + HF,17.6,1,3.015,0,17,20,swarm_regressed_working_set
ION3,IONIZATION,CHF3,CF2+ + HF,17.6,1,3.618,0,17,20,swarm_regressed_working_set
ION3,IONIZATION,CHF3,CF2+ + HF,17.6,1,4.221,0,17,20,swarm_regressed_working_set
ION3,IONIZATION,CHF3,CF2+ + HF,17.6,1,4.824,0,17,20,swarm_regressed_working_set
ION3,IONIZATION,CHF3,CF2+ + HF,17.6,1,5.427,0,17,20,swarm_regressed_working_set
ION3,IONIZATION,CHF3,CF2+ + HF,17.6,1,6.03,0,17,20,swarm_regressed_working_set
ION3,IONIZATION,CHF3,CF2+ + HF,17.6,1,6.633,0,17,20,swarm_regressed_working_set
ION3,IONIZATION,CHF3,CF2+ + HF,17.6,1,7.236,0,17,20,swarm_regressed_working_set
ION3,IONIZATION,CHF3,CF2+ + HF,17.6,1,7.839,0,17,20,swarm_regressed_working_set
ION3,IONIZATION,CHF3,CF2+ + HF,17.6,1,8.442,0,17,20,swarm_regressed_working_set
ION3,IONIZATION,CHF3,CF2+ + HF,17.6,1,9.045,0,17,20,swarm_regressed_working_set
ION3,IONIZATION,CHF3,CF2+ + HF,17.6,1,9.648,0,17,20,swarm_regressed_working_set
ION3,IONIZATION,CHF3,CF2+ + HF,17.6,1,10.25,0,17,20,swarm_regressed_working_set
ION3,IONIZATION,CHF3,CF2+ + HF,17.6,1,10.85,0,17,20,swarm_regressed_working_set
ION3,IONIZATION,CHF3,CF2+ + HF,17.6,1,11.46,0,17,20,swarm_regressed_working_set
ION3,IONIZATION,CHF3,CF2+ + HF,17.6,1,12.06,0,17,20,swarm_regressed_working_set
ION3,IONIZATION,CHF3,CF2+ + HF,17.6,1,12.66,0,17,20,swarm_regressed_working_set
ION3,IONIZATION,CHF3,CF2+ + HF,17.6,1,13.27,0,17,20,swarm_regressed_working_set
ION3,IONIZATION,CHF3,CF2+ + HF,17.6,1,13.87,0,17,20,swarm_regressed_working_set
ION3,IONIZATION,CHF3,CF2+ + HF,17.6,1,14.47,0,17,20,swarm_regressed_working_set
ION3,IONIZATION,CHF3,CF2+ + HF,17.6,1,15.08,0,17,20,swarm_regressed_working_set
ION3,IONIZATION,CHF3,CF2+ + HF,17.6,1,15.68,0,17,20,swarm_regressed_working_set
ION3,IONIZATION,CHF3,CF2+ + HF,17.6,1,16.28,0,17,20,swarm_regressed_working_set
ION3,IONIZATION,CHF3,CF2+ + HF,17.6,1,16.88,0,17,20,swarm_regressed_working_set
ION3,IONIZATION,CHF3,CF2+ + HF,17.6,1,17.49,0,17,20,swarm_regressed_working_set
ION3,IONIZATION,CHF3,CF2+ + HF,17.6,1,18.09,1.022e-23,17,20,swarm_regressed_working_set
ION3,IONIZATION,CHF3,CF2+ + HF,17.6,1,18.69,2.278e-23,17,20,swarm_regressed_working_set
ION3,IONIZATION,CHF3,CF2+ + HF,17.6,1,19.3,3.534e-23,17,20,swarm_regressed_working_set
ION3,IONIZATION,CHF3,CF2+ + HF,17.6,1,19.9,4.791e-23,17,20,swarm_regressed_working_set
ION3,IONIZATION,CHF3,CF2+ + HF,17.6,1,20.5,5.503e-23,17,20,swarm_regressed_working_set
ION3,IONIZATION,CHF3,CF2+ + HF,17.6,1,21.11,6.106e-23,17,20,swarm_regressed_working_set
ION3,IONIZATION,CHF3,CF2+ + HF,17.6,1,21.71,6.709e-23,17,20,swarm_regressed_working_set
ION3,IONIZATION,CHF3,CF2+ + HF,17.6,1,22.31,7.312e-23,17,20,swarm_regressed_working_set
ION3,IONIZATION,CHF3,CF2+ + HF,17.6,1,22.91,7.915e-23,17,20,swarm_regressed_working_set
ION3,IONIZATION,CHF3,CF2+ + HF,17.6,1,23.52,8.518e-23,17,20,swarm_regressed_working_set
ION3,IONIZATION,CHF3,CF2+ + HF,17.6,1,24.12,9.121e-23,17,20,swarm_regressed_working_set
ION3,IONIZATION,CHF3,CF2+ + HF,17.6,1,24.72,9.724e-23,17,20,swarm_regressed_working_set
ION3,IONIZATION,CHF3,CF2+ + HF,17.6,1,25.33,1.065e-22,17,20,swarm_regressed_working_set
ION3,IONIZATION,CHF3,CF2+ + HF,17.6,1,25.93,1.186e-22,17,20,swarm_regressed_working_set
ION3,IONIZATION,CHF3,CF2+ + HF,17.6,1,26.53,1.307e-22,17,20,swarm_regressed_working_set
ION3,IONIZATION,CHF3,CF2+ + HF,17.6,1,27.14,1.427e-22,17,20,swarm_regressed_working_set
ION3,IONIZATION,CHF3,CF2+ + HF,17.6,1,27.74,1.548e-22,17,20,swarm_regressed_working_set
ION3,IONIZATION,CHF3,CF2+ + HF,17.6,1,28.34,1.668e-22,17,20,swarm_regressed_working_set
ION3,IONIZATION,CHF3,CF2+ + HF,17.6,1,28.94,1.789e-22,17,20,swarm_regressed_working_set
ION3,IONIZATION,CHF3,CF2+ + HF,17.6,1,29.55,1.91e-22,17,20,swarm_regressed_working_set
ION3,IONIZATION,CHF3,CF2+ + HF,17.6,1,30.15,2.03e-22,17,20,swarm_regressed_working_set
ION3,IONIZATION,CHF3,CF2+ + HF,17.6,1,30.75,2.151e-22,17,20,swarm_regressed_working_set
ION3,IONIZATION,CHF3,CF2+ + HF,17.6,1,31.36,2.271e-22,17,20,swarm_regressed_working_set
ION3,IONIZATION,CHF3,CF2+ + HF,17.6,1,31.96,2.392e-22,17,20,swarm_regressed_working_set
ION3,IONIZATION,CHF3,CF2+ + HF,17.6,1,32.56,2.513e-22,17,20,swarm_regressed_working_set
ION3,IONIZATION,CHF3,CF2+ + HF,17.6,1,33.17,2.633e-22,17,20,swarm_regressed_working_set
ION3,IONIZATION,CHF3,CF2+ + HF,17.6,1,33.77,2.754e-22,17,20,swarm_regressed_working_set
ION3,IONIZATION,CHF3,CF2+ + HF,17.6,1,34.37,2.874e-22,17,20,swarm_regressed_working_set
ION3,IONIZATION,CHF3,CF2+ + HF,17.6,1,34.97,2.995e-22,17,20,swarm_regressed_working_set
ION3,IONIZATION,CHF3,CF2+ + HF,17.6,1,35.58,3.231e-22,17,20,swarm_regressed_working_set
ION3,IONIZATION,CHF3,CF2+ + HF,17.6,1,36.18,3.472e-22,17,20,swarm_regressed_working_set
ION3,IONIZATION,CHF3,CF2+ + HF,17.6,1,36.78,3.714e-22,17,20,swarm_regressed_working_set
ION3,IONIZATION,CHF3,CF2+ + HF,17.6,1,37.39,3.955e-22,17,20,swarm_regressed_working_set
ION3,IONIZATION,CHF3,CF2+ + HF,17.6,1,37.99,4.196e-22,17,20,swarm_regressed_working_set
ION3,IONIZATION,CHF3,CF2+ + HF,17.6,1,38.59,4.437e-22,17,20,swarm_regressed_working_set
ION3,IONIZATION,CHF3,CF2+ + HF,17.6,1,39.2,4.678e-22,17,20,swarm_regressed_working_set
ION3,IONIZATION,CHF3,CF2+ + HF,17.6,1,39.8,4.92e-22,17,20,swarm_regressed_working_set
ION3,IONIZATION,CHF3,CF2+ + HF,17.6,1,40.4,5.161e-22,17,20,swarm_regressed_working_set
ION3,IONIZATION,CHF3,CF2+ + HF,17.6,1,41.01,5.402e-22,17,20,swarm_regressed_working_set
ION3,IONIZATION,CHF3,CF2+ + HF,17.6,1,41.61,5.643e-22,17,20,swarm_regressed_working_set
ION3,IONIZATION,CHF3,CF2+ + HF,17.6,1,42.21,5.884e-22,17,20,swarm_regressed_working_set
ION3,IONIZATION,CHF3,CF2+ + HF,17.6,1,42.81,6.126e-22,17,20,swarm_regressed_working_set
ION3,IONIZATION,CHF3,CF2+ + HF,17.6,1,43.42,6.367e-22,17,20,swarm_regressed_working_set
ION3,IONIZATION,CHF3,CF2+ + HF,17.6,1,44.02,6.608e-22,17,20,swarm_regressed_working_set
ION3,IONIZATION,CHF3,CF2+ + HF,17.6,1,44.62,6.849e-22,17,20,swarm_regressed_working_set
ION3,IONIZATION,CHF3,CF2+ + HF,17.6,1,45.23,7.09e-22,17,20,swarm_regressed_working_set
ION3,IONIZATION,CHF3,CF2+ + HF,17.6,1,45.83,7.332e-22,17,20,swarm_regressed_working_set
ION3,IONIZATION,CHF3,CF2+ + HF,17.6,1,46.43,7.573e-22,17,20,swarm_regressed_working_set
ION3,IONIZATION,CHF3,CF2+ + HF,17.6,1,47.04,7.814e-22,17,20,swarm_regressed_working_set
ION3,IONIZATION,CHF3,CF2+ + HF,17.6,1,47.64,8.055e-22,17,20,swarm_regressed_working_set
ION3,IONIZATION,CHF3,CF2+ + HF,17.6,1,48.24,8.296e-22,17,20,swarm_regressed_working_set
ION3,IONIZATION,CHF3,CF2+ + HF,17.6,1,48.84,8.538e-22,17,20,swarm_regressed_working_set
ION3,IONIZATION,CHF3,CF2+ + HF,17.6,1,49.45,8.779e-22,17,20,swarm_regressed_working_set
ION3,IONIZATION,CHF3,CF2+ + HF,17.6,1,50.05,9.02e-22,17,20,swarm_regressed_working_set
ION3,IONIZATION,CHF3,CF2+ + HF,17.6,1,50.65,9.261e-22,17,20,swarm_regressed_working_set
ION3,IONIZATION,CHF3,CF2+ + HF,17.6,1,51.26,9.503e-22,17,20,swarm_regressed_working_set
ION3,IONIZATION,CHF3,CF2+ + HF,17.6,1,51.86,9.744e-22,17,20,swarm_regressed_working_set
ION3,IONIZATION,CHF3,CF2+ + HF,17.6,1,52.46,9.985e-22,17,20,swarm_regressed_working_set
ION3,IONIZATION,CHF3,CF2+ + HF,17.6,1,53.07,1.023e-21,17,20,swarm_regressed_working_set
ION3,IONIZATION,CHF3,CF2+ + HF,17.6,1,53.67,1.047e-21,17,20,swarm_regressed_working_set
ION3,IONIZATION,CHF3,CF2+ + HF,17.6,1,54.27,1.071e-21,17,20,swarm_regressed_working_set
ION3,IONIZATION,CHF3,CF2+ + HF,17.6,1,54.87,1.095e-21,17,20,swarm_regressed_working_set
ION3,IONIZATION,CHF3,CF2+ + HF,17.6,1,55.48,1.119e-21,17,20,swarm_regressed_working_set
ION3,IONIZATION,CHF3,CF2+ + HF,17.6,1,56.08,1.143e-21,17,20,swarm_regressed_working_set
ION3,IONIZATION,CHF3,CF2+ + HF,17.6,1,56.68,1.167e-21,17,20,swarm_regressed_working_set
ION3,IONIZATION,CHF3,CF2+ + HF,17.6,1,57.29,1.191e-21,17,20,swarm_regressed_working_set
ION3,IONIZATION,CHF3,CF2+ + HF,17.6,1,57.89,1.216e-21,17,20,swarm_regressed_working_set
ION3,IONIZATION,CHF3,CF2+ + HF,17.6,1,58.49,1.24e-21,17,20,swarm_regressed_working_set
ION3,IONIZATION,CHF3,CF2+ + HF,17.6,1,59.1,1.264e-21,17,20,swarm_regressed_working_set
ION3,IONIZATION,CHF3,CF2+ + HF,17.6,1,59.7,1.288e-21,17,20,swarm_regressed_working_set
ION3,IONIZATION,CHF3,CF2+ + HF,17.6,1,60.3,1.312e-21,17,20,swarm_regressed_working_set
ION3,IONIZATION,CHF3,CF2+ + HF,17.6,1,60.9,1.336e-21,17,20,swarm_regressed_working_set
ION3,IONIZATION,CHF3,CF2+ + HF,17.6,1,61.51,1.36e-21,17,20,swarm_regressed_working_set
ION3,IONIZATION,CHF3,CF2+ + HF,17.6,1,62.11,1.384e-21,17,20,swarm_regressed_working_set
ION3,IONIZATION,CHF3,CF2+ + HF,17.6,1,62.71,1.409e-21,17,20,swarm_regressed_working_set
ION3,IONIZATION,CHF3,CF2+ + HF,17.6,1,63.32,1.433e-21,17,20,swarm_regressed_working_set
ION3,IONIZATION,CHF3,CF2+ + HF,17.6,1,63.92,1.457e-21,17,20,swarm_regressed_working_set
ION3,IONIZATION,CHF3,CF2+ + HF,17.6,1,64.52,1.481e-21,17,20,swarm_regressed_working_set
ION3,IONIZATION,CHF3,CF2+ + HF,17.6,1,65.13,1.505e-21,17,20,swarm_regressed_working_set
ION3,IONIZATION,CHF3,CF2+ + HF,17.6,1,65.73,1.529e-21,17,20,swarm_regressed_working_set
ION3,IONIZATION,CHF3,CF2+ + HF,17.6,1,66.33,1.553e-21,17,20,swarm_regressed_working_set
ION3,IONIZATION,CHF3,CF2+ + HF,17.6,1,66.93,1.577e-21,17,20,swarm_regressed_working_set
ION3,IONIZATION,CHF3,CF2+ + HF,17.6,1,67.54,1.602e-21,17,20,swarm_regressed_working_set
ION3,IONIZATION,CHF3,CF2+ + HF,17.6,1,68.14,1.626e-21,17,20,swarm_regressed_working_set
ION3,IONIZATION,CHF3,CF2+ + HF,17.6,1,68.74,1.65e-21,17,20,swarm_regressed_working_set
ION3,IONIZATION,CHF3,CF2+ + HF,17.6,1,69.35,1.674e-21,17,20,swarm_regressed_working_set
ION3,IONIZATION,CHF3,CF2+ + HF,17.6,1,69.95,1.698e-21,17,20,swarm_regressed_working_set
ION3,IONIZATION,CHF3,CF2+ + HF,17.6,1,70.55,1.711e-21,17,20,swarm_regressed_working_set
ION3,IONIZATION,CHF3,CF2+ + HF,17.6,1,71.16,1.723e-21,17,20,swarm_regressed_working_set
ION3,IONIZATION,CHF3,CF2+ + HF,17.6,1,71.76,1.735e-21,17,20,swarm_regressed_working_set
ION3,IONIZATION,CHF3,CF2+ + HF,17.6,1,72.36,1.747e-21,17,20,swarm_regressed_working_set
ION3,IONIZATION,CHF3,CF2+ + HF,17.6,1,72.96,1.759e-21,17,20,swarm_regressed_working_set
ION3,IONIZATION,CHF3,CF2+ + HF,17.6,1,73.57,1.771e-21,17,20,swarm_regressed_working_set
ION3,IONIZATION,CHF3,CF2+ + HF,17.6,1,74.17,1.783e-21,17,20,swarm_regressed_working_set
ION3,IONIZATION,CHF3,CF2+ + HF,17.6,1,74.77,1.795e-21,17,20,swarm_regressed_working_set
ION3,IONIZATION,CHF3,CF2+ + HF,17.6,1,75.38,1.808e-21,17,20,swarm_regressed_working_set
ION3,IONIZATION,CHF3,CF2+ + HF,17.6,1,75.98,1.82e-21,17,20,swarm_regressed_working_set
ION3,IONIZATION,CHF3,CF2+ + HF,17.6,1,76.58,1.832e-21,17,20,swarm_regressed_working_set
ION3,IONIZATION,CHF3,CF2+ + HF,17.6,1,77.19,1.844e-21,17,20,swarm_regressed_working_set
ION3,IONIZATION,CHF3,CF2+ + HF,17.6,1,77.79,1.856e-21,17,20,swarm_regressed_working_set
ION3,IONIZATION,CHF3,CF2+ + HF,17.6,1,78.39,1.868e-21,17,20,swarm_regressed_working_set
ION3,IONIZATION,CHF3,CF2+ + HF,17.6,1,78.99,1.88e-21,17,20,swarm_regressed_working_set
ION3,IONIZATION,CHF3,CF2+ + HF,17.6,1,79.6,1.892e-21,17,20,swarm_regressed_working_set
ION3,IONIZATION,CHF3,CF2+ + HF,17.6,1,80.2,1.904e-21,17,20,swarm_regressed_working_set
ION3,IONIZATION,CHF3,CF2+ + HF,17.6,1,80.8,1.916e-21,17,20,swarm_regressed_working_set
ION3,IONIZATION,CHF3,CF2+ + HF,17.6,1,81.41,1.928e-21,17,20,swarm_regressed_working_set
ION3,IONIZATION,CHF3,CF2+ + HF,17.6,1,82.01,1.94e-21,17,20,swarm_regressed_working_set
ION3,IONIZATION,CHF3,CF2+ + HF,17.6,1,82.61,1.952e-21,17,20,swarm_regressed_working_set
ION3,IONIZATION,CHF3,CF2+ + HF,17.6,1,83.22,1.964e-21,17,20,swarm_regressed_working_set
ION3,IONIZATION,CHF3,CF2+ + HF,17.6,1,83.82,1.976e-21,17,20,swarm_regressed_working_set
ION3,IONIZATION,CHF3,CF2+ + HF,17.6,1,84.42,1.988e-21,17,20,swarm_regressed_working_set
ION3,IONIZATION,CHF3,CF2+ + HF,17.6,1,85.03,2.001e-21,17,20,swarm_regressed_working_set
ION3,IONIZATION,CHF3,CF2+ + HF,17.6,1,85.63,2.013e-21,17,20,swarm_regressed_working_set
ION3,IONIZATION,CHF3,CF2+ + HF,17.6,1,86.23,2.025e-21,17,20,swarm_regressed_working_set
ION3,IONIZATION,CHF3,CF2+ + HF,17.6,1,86.83,2.037e-21,17,20,swarm_regressed_working_set
ION3,IONIZATION,CHF3,CF2+ + HF,17.6,1,87.44,2.049e-21,17,20,swarm_regressed_working_set
ION3,IONIZATION,CHF3,CF2+ + HF,17.6,1,88.04,2.061e-21,17,20,swarm_regressed_working_set
ION3,IONIZATION,CHF3,CF2+ + HF,17.6,1,88.64,2.073e-21,17,20,swarm_regressed_working_set
ION3,IONIZATION,CHF3,CF2+ + HF,17.6,1,89.25,2.085e-21,17,20,swarm_regressed_working_set
ION3,IONIZATION,CHF3,CF2+ + HF,17.6,1,89.85,2.097e-21,17,20,swarm_regressed_working_set
ION3,IONIZATION,CHF3,CF2+ + HF,17.6,1,90.45,2.109e-21,17,20,swarm_regressed_working_set
ION3,IONIZATION,CHF3,CF2+ + HF,17.6,1,91.06,2.121e-21,17,20,swarm_regressed_working_set
ION3,IONIZATION,CHF3,CF2+ + HF,17.6,1,91.66,2.133e-21,17,20,swarm_regressed_working_set
ION3,IONIZATION,CHF3,CF2+ + HF,17.6,1,92.26,2.145e-21,17,20,swarm_regressed_working_set
ION3,IONIZATION,CHF3,CF2+ + HF,17.6,1,92.86,2.157e-21,17,20,swarm_regressed_working_set
ION3,IONIZATION,CHF3,CF2+ + HF,17.6,1,93.47,2.169e-21,17,20,swarm_regressed_working_set
ION3,IONIZATION,CHF3,CF2+ + HF,17.6,1,94.07,2.181e-21,17,20,swarm_regressed_working_set
ION3,IONIZATION,CHF3,CF2+ + HF,17.6,1,94.67,2.193e-21,17,20,swarm_regressed_working_set
ION3,IONIZATION,CHF3,CF2+ + HF,17.6,1,95.28,2.206e-21,17,20,swarm_regressed_working_set
ION3,IONIZATION,CHF3,CF2+ + HF,17.6,1,95.88,2.218e-21,17,20,swarm_regressed_working_set
ION3,IONIZATION,CHF3,CF2+ + HF,17.6,1,96.48,2.23e-21,17,20,swarm_regressed_working_set
ION3,IONIZATION,CHF3,CF2+ + HF,17.6,1,97.09,2.242e-21,17,20,swarm_regressed_working_set
ION3,IONIZATION,CHF3,CF2+ + HF,17.6,1,97.69,2.254e-21,17,20,swarm_regressed_working_set
ION3,IONIZATION,CHF3,CF2+ + HF,17.6,1,98.29,2.266e-21,17,20,swarm_regressed_working_set
ION3,IONIZATION,CHF3,CF2+ + HF,17.6,1,98.89,2.278e-21,17,20,swarm_regressed_working_set
ION3,IONIZATION,CHF3,CF2+ + HF,17.6,1,99.5,2.29e-21,17,20,swarm_regressed_working_set
ION3,IONIZATION,CHF3,CF2+ + HF,17.6,1,100.1,2.301e-21,17,20,swarm_regressed_working_set
ION3,IONIZATION,CHF3,CF2+ + HF,17.6,1,100.7,2.307e-21,17,20,swarm_regressed_working_set
ION3,IONIZATION,CHF3,CF2+ + HF,17.6,1,101.3,2.313e-21,17,20,swarm_regressed_working_set
ION3,IONIZATION,CHF3,CF2+ + HF,17.6,1,101.9,2.319e-21,17,20,swarm_regressed_working_set
ION3,IONIZATION,CHF3,CF2+ + HF,17.6,1,102.5,2.325e-21,17,20,swarm_regressed_working_set
ION3,IONIZATION,CHF3,CF2+ + HF,17.6,1,103.1,2.331e-21,17,20,swarm_regressed_working_set
ION3,IONIZATION,CHF3,CF2+ + HF,17.6,1,103.7,2.337e-21,17,20,swarm_regressed_working_set
ION3,IONIZATION,CHF3,CF2+ + HF,17.6,1,104.3,2.343e-21,17,20,swarm_regressed_working_set
ION3,IONIZATION,CHF3,CF2+ + HF,17.6,1,104.9,2.349e-21,17,20,swarm_regressed_working_set
ION3,IONIZATION,CHF3,CF2+ + HF,17.6,1,105.5,2.355e-21,17,20,swarm_regressed_working_set
ION3,IONIZATION,CHF3,CF2+ + HF,17.6,1,106.1,2.361e-21,17,20,swarm_regressed_working_set
ION3,IONIZATION,CHF3,CF2+ + HF,17.6,1,106.7,2.367e-21,17,20,swarm_regressed_working_set
ION3,IONIZATION,CHF3,CF2+ + HF,17.6,1,107.3,2.373e-21,17,20,swarm_regressed_working_set
ION3,IONIZATION,CHF3,CF2+ + HF,17.6,1,107.9,2.379e-21,17,20,swarm_regressed_working_set
ION3,IONIZATION,CHF3,CF2+ + HF,17.6,1,108.5,2.385e-21,17,20,swarm_regressed_working_set
ION3,IONIZATION,CHF3,CF2+ + HF,17.6,1,109.1,2.391e-21,17,20,swarm_regressed_working_set
ION3,IONIZATION,CHF3,CF2+ + HF,17.6,1,109.7,2.397e-21,17,20,swarm_regressed_working_set
ION3,IONIZATION,CHF3,CF2+ + HF,17.6,1,110.4,2.404e-21,17,20,swarm_regressed_working_set
ION3,IONIZATION,CHF3,CF2+ + HF,17.6,1,111,2.41e-21,17,20,swarm_regressed_working_set
ION3,IONIZATION,CHF3,CF2+ + HF,17.6,1,111.6,2.416e-21,17,20,swarm_regressed_working_set
ION3,IONIZATION,CHF3,CF2+ + HF,17.6,1,112.2,2.422e-21,17,20,swarm_regressed_working_set
ION3,IONIZATION,CHF3,CF2+ + HF,17.6,1,112.8,2.428e-21,17,20,swarm_regressed_working_set
ION3,IONIZATION,CHF3,CF2+ + HF,17.6,1,113.4,2.434e-21,17,20,swarm_regressed_working_set
ION3,IONIZATION,CHF3,CF2+ + HF,17.6,1,114,2.44e-21,17,20,swarm_regressed_working_set
ION3,IONIZATION,CHF3,CF2+ + HF,17.6,1,114.6,2.446e-21,17,20,swarm_regressed_working_set
ION3,IONIZATION,CHF3,CF2+ + HF,17.6,1,115.2,2.452e-21,17,20,swarm_regressed_working_set
ION3,IONIZATION,CHF3,CF2+ + HF,17.6,1,115.8,2.458e-21,17,20,swarm_regressed_working_set
ION3,IONIZATION,CHF3,CF2+ + HF,17.6,1,116.4,2.464e-21,17,20,swarm_regressed_working_set
ION3,IONIZATION,CHF3,CF2+ + HF,17.6,1,117,2.47e-21,17,20,swarm_regressed_working_set
ION3,IONIZATION,CHF3,CF2+ + HF,17.6,1,117.6,2.476e-21,17,20,swarm_regressed_working_set
ION3,IONIZATION,CHF3,CF2+ + HF,17.6,1,118.2,2.482e-21,17,20,swarm_regressed_working_set
ION3,IONIZATION,CHF3,CF2+ + HF,17.6,1,118.8,2.488e-21,17,20,swarm_regressed_working_set
ION3,IONIZATION,CHF3,CF2+ + HF,17.6,1,119.4,2.494e-21,17,20,swarm_regressed_working_set
ION3,IONIZATION,CHF3,CF2+ + HF,17.6,1,120,2.5e-21,17,20,swarm_regressed_working_set
ION4,IONIZATION,CHF3,CHF+ + F + F,19.8,1,0,0,17,21,swarm_regressed_working_set
ION4,IONIZATION,CHF3,CHF+ + F + F,19.8,1,0.603,0,17,21,swarm_regressed_working_set
ION4,IONIZATION,CHF3,CHF+ + F + F,19.8,1,1.206,0,17,21,swarm_regressed_working_set
ION4,IONIZATION,CHF3,CHF+ + F + F,19.8,1,1.809,0,17,21,swarm_regressed_working_set
ION4,IONIZATION,CHF3,CHF+ + F + F,19.8,1,2.412,0,17,21,swarm_regressed_working_set
ION4,IONIZATION,CHF3,CHF+ + F + F,19.8,1,3.015,0,17,21,swarm_regressed_working_set
ION4,IONIZATION,CHF3,CHF+ + F + F,19.8,1,3.618,0,17,21,swarm_regressed_working_set
ION4,IONIZATION,CHF3,CHF+ + F + F,19.8,1,4.221,0,17,21,swarm_regressed_working_set
ION4,IONIZATION,CHF3,CHF+ + F + F,19.8,1,4.824,0,17,21,swarm_regressed_working_set
ION4,IONIZATION,CHF3,CHF+ + F + F,19.8,1,5.427,0,17,21,swarm_regressed_working_set
ION4,IONIZATION,CHF3,CHF+ + F + F,19.8,1,6.03,0,17,21,swarm_regressed_working_set
ION4,IONIZATION,CHF3,CHF+ + F + F,19.8,1,6.633,0,17,21,swarm_regressed_working_set
ION4,IONIZATION,CHF3,CHF+ + F + F,19.8,1,7.236,0,17,21,swarm_regressed_working_set
ION4,IONIZATION,CHF3,CHF+ + F + F,19.8,1,7.839,0,17,21,swarm_regressed_working_set
ION4,IONIZATION,CHF3,CHF+ + F + F,19.8,1,8.442,0,17,21,swarm_regressed_working_set
ION4,IONIZATION,CHF3,CHF+ + F + F,19.8,1,9.045,0,17,21,swarm_regressed_working_set
ION4,IONIZATION,CHF3,CHF+ + F + F,19.8,1,9.648,0,17,21,swarm_regressed_working_set
ION4,IONIZATION,CHF3,CHF+ + F + F,19.8,1,10.25,0,17,21,swarm_regressed_working_set
ION4,IONIZATION,CHF3,CHF+ + F + F,19.8,1,10.85,0,17,21,swarm_regressed_working_set
ION4,IONIZATION,CHF3,CHF+ + F + F,19.8,1,11.46,0,17,21,swarm_regressed_working_set
ION4,IONIZATION,CHF3,CHF+ + F + F,19.8,1,12.06,0,17,21,swarm_regressed_working_set
ION4,IONIZATION,CHF3,CHF+ + F + F,19.8,1,12.66,0,17,21,swarm_regressed_working_set
ION4,IONIZATION,CHF3,CHF+ + F + F,19.8,1,13.27,0,17,21,swarm_regressed_working_set
ION4,IONIZATION,CHF3,CHF+ + F + F,19.8,1,13.87,0,17,21,swarm_regressed_working_set
ION4,IONIZATION,CHF3,CHF+ + F + F,19.8,1,14.47,0,17,21,swarm_regressed_working_set
ION4,IONIZATION,CHF3,CHF+ + F + F,19.8,1,15.08,0,17,21,swarm_regressed_working_set
ION4,IONIZATION,CHF3,CHF+ + F + F,19.8,1,15.68,0,17,21,swarm_regressed_working_set
ION4,IONIZATION,CHF3,CHF+ + F + F,19.8,1,16.28,0,17,21,swarm_regressed_working_set
ION4,IONIZATION,CHF3,CHF+ + F + F,19.8,1,16.88,0,17,21,swarm_regressed_working_set
ION4,IONIZATION,CHF3,CHF+ + F + F,19.8,1,17.49,0,17,21,swarm_regressed_working_set
ION4,IONIZATION,CHF3,CHF+ + F + F,19.8,1,18.09,0,17,21,swarm_regressed_working_set
ION4,IONIZATION,CHF3,CHF+ + F + F,19.8,1,18.69,0,17,21,swarm_regressed_working_set
ION4,IONIZATION,CHF3,CHF+ + F + F,19.8,1,19.3,0,17,21,swarm_regressed_working_set
ION4,IONIZATION,CHF3,CHF+ + F + F,19.8,1,19.9,5.74e-24,17,21,swarm_regressed_working_set
ION4,IONIZATION,CHF3,CHF+ + F + F,19.8,1,20.5,4.053e-23,17,21,swarm_regressed_working_set
ION4,IONIZATION,CHF3,CHF+ + F + F,19.8,1,21.11,7.532e-23,17,21,swarm_regressed_working_set
ION4,IONIZATION,CHF3,CHF+ + F + F,19.8,1,21.71,1.101e-22,17,21,swarm_regressed_working_set
ION4,IONIZATION,CHF3,CHF+ + F + F,19.8,1,22.31,1.449e-22,17,21,swarm_regressed_working_set
ION4,IONIZATION,CHF3,CHF+ + F + F,19.8,1,22.91,1.797e-22,17,21,swarm_regressed_working_set
ION4,IONIZATION,CHF3,CHF+ + F + F,19.8,1,23.52,2.145e-22,17,21,swarm_regressed_working_set
ION4,IONIZATION,CHF3,CHF+ + F + F,19.8,1,24.12,2.493e-22,17,21,swarm_regressed_working_set
ION4,IONIZATION,CHF3,CHF+ + F + F,19.8,1,24.72,2.841e-22,17,21,swarm_regressed_working_set
ION4,IONIZATION,CHF3,CHF+ + F + F,19.8,1,25.33,3.131e-22,17,21,swarm_regressed_working_set
ION4,IONIZATION,CHF3,CHF+ + F + F,19.8,1,25.93,3.372e-22,17,21,swarm_regressed_working_set
ION4,IONIZATION,CHF3,CHF+ + F + F,19.8,1,26.53,3.613e-22,17,21,swarm_regressed_working_set
ION4,IONIZATION,CHF3,CHF+ + F + F,19.8,1,27.14,3.854e-22,17,21,swarm_regressed_working_set
ION4,IONIZATION,CHF3,CHF+ + F + F,19.8,1,27.74,4.095e-22,17,21,swarm_regressed_working_set
ION4,IONIZATION,CHF3,CHF+ + F + F,19.8,1,28.34,4.337e-22,17,21,swarm_regressed_working_set
ION4,IONIZATION,CHF3,CHF+ + F + F,19.8,1,28.94,4.578e-22,17,21,swarm_regressed_working_set
ION4,IONIZATION,CHF3,CHF+ + F + F,19.8,1,29.55,4.819e-22,17,21,swarm_regressed_working_set
ION4,IONIZATION,CHF3,CHF+ + F + F,19.8,1,30.15,5.151e-22,17,21,swarm_regressed_working_set
ION4,IONIZATION,CHF3,CHF+ + F + F,19.8,1,30.75,5.754e-22,17,21,swarm_regressed_working_set
ION4,IONIZATION,CHF3,CHF+ + F + F,19.8,1,31.36,6.357e-22,17,21,swarm_regressed_working_set
ION4,IONIZATION,CHF3,CHF+ + F + F,19.8,1,31.96,6.96e-22,17,21,swarm_regressed_working_set
ION4,IONIZATION,CHF3,CHF+ + F + F,19.8,1,32.56,7.563e-22,17,21,swarm_regressed_working_set
ION4,IONIZATION,CHF3,CHF+ + F + F,19.8,1,33.17,8.166e-22,17,21,swarm_regressed_working_set
ION4,IONIZATION,CHF3,CHF+ + F + F,19.8,1,33.77,8.769e-22,17,21,swarm_regressed_working_set
ION4,IONIZATION,CHF3,CHF+ + F + F,19.8,1,34.37,9.372e-22,17,21,swarm_regressed_working_set
ION4,IONIZATION,CHF3,CHF+ + F + F,19.8,1,34.97,9.975e-22,17,21,swarm_regressed_working_set
ION4,IONIZATION,CHF3,CHF+ + F + F,19.8,1,35.58,1.058e-21,17,21,swarm_regressed_working_set
ION4,IONIZATION,CHF3,CHF+ + F + F,19.8,1,36.18,1.118e-21,17,21,swarm_regressed_working_set
ION4,IONIZATION,CHF3,CHF+ + F + F,19.8,1,36.78,1.178e-21,17,21,swarm_regressed_working_set
ION4,IONIZATION,CHF3,CHF+ + F + F,19.8,1,37.39,1.239e-21,17,21,swarm_regressed_working_set
ION4,IONIZATION,CHF3,CHF+ + F + F,19.8,1,37.99,1.299e-21,17,21,swarm_regressed_working_set
ION4,IONIZATION,CHF3,CHF+ + F + F,19.8,1,38.59,1.359e-21,17,21,swarm_regressed_working_set
ION4,IONIZATION,CHF3,CHF+ + F + F,19.8,1,39.2,1.42e-21,17,21,swarm_regressed_working_set
ION4,IONIZATION,CHF3,CHF+ + F + F,19.8,1,39.8,1.48e-21,17,21,swarm_regressed_working_set
ION4,IONIZATION,CHF3,CHF+ + F + F,19.8,1,40.4,1.54e-21,17,21,swarm_regressed_working_set
ION4,IONIZATION,CHF3,CHF+ + F + F,19.8,1,41.01,1.601e-21,17,21,swarm_regressed_working_set
ION4,IONIZATION,CHF3,CHF+ + F + F,19.8,1,41.61,1.661e-21,17,21,swarm_regressed_working_set
ION4,IONIZATION,CHF3,CHF+ + F + F,19.8,1,42.21,1.721e-21,17,21,swarm_regressed_working_set
ION4,IONIZATION,CHF3,CHF+ + F + F,19.8,1,42.81,1.781e-21,17,21,swarm_regressed_working_set
ION4,IONIZATION,CHF3,CHF+ + F + F,19.8,1,43.42,1.842e-21,17,21,swarm_regressed_working_set
ION4,IONIZATION,CHF3,CHF+ + F + F,19.8,1,44.02,1.902e-21,17,21,swarm_regressed_working_set
ION4,IONIZATION,CHF3,CHF+ + F + F,19.8,1,44.62,1.962e-21,17,21,swarm_regressed_working_set
ION4,IONIZATION,CHF3,CHF+ + F + F,19.8,1,45.23,2.027e-21,17,21,swarm_regressed_working_set
ION4,IONIZATION,CHF3,CHF+ + F + F,19.8,1,45.83,2.099e-21,17,21,swarm_regressed_working_set
ION4,IONIZATION,CHF3,CHF+ + F + F,19.8,1,46.43,2.172e-21,17,21,swarm_regressed_working_set
ION4,IONIZATION,CHF3,CHF+ + F + F,19.8,1,47.04,2.244e-21,17,21,swarm_regressed_working_set
ION4,IONIZATION,CHF3,CHF+ + F + F,19.8,1,47.64,2.317e-21,17,21,swarm_regressed_working_set
ION4,IONIZATION,CHF3,CHF+ + F + F,19.8,1,48.24,2.389e-21,17,21,swarm_regressed_working_set
ION4,IONIZATION,CHF3,CHF+ + F + F,19.8,1,48.84,2.461e-21,17,21,swarm_regressed_working_set
ION4,IONIZATION,CHF3,CHF+ + F + F,19.8,1,49.45,2.534e-21,17,21,swarm_regressed_working_set
ION4,IONIZATION,CHF3,CHF+ + F + F,19.8,1,50.05,2.605e-21,17,21,swarm_regressed_working_set
ION4,IONIZATION,CHF3,CHF+ + F + F,19.8,1,50.65,2.665e-21,17,21,swarm_regressed_working_set
ION4,IONIZATION,CHF3,CHF+ + F + F,19.8,1,51.26,2.726e-21,17,21,swarm_regressed_working_set
ION4,IONIZATION,CHF3,CHF+ + F + F,19.8,1,51.86,2.786e-21,17,21,swarm_regressed_working_set
ION4,IONIZATION,CHF3,CHF+ + F + F,19.8,1,52.46,2.846e-21,17,21,swarm_regressed_working_set
ION4,IONIZATION,CHF3,CHF+ + F + F,19.8,1,53.07,2.907e-21,17,21,swarm_regressed_working_set
ION4,IONIZATION,CHF3,CHF+ + F + F,19.8,1,53.67,2.967e-21,17,21,swarm_regressed_working_set
ION4,IONIZATION,CHF3,CHF+ + F + F,19.8,1,54.27,3.027e-21,17,21,swarm_regressed_working_set
ION4,IONIZATION,CHF3,CHF+ + F + F,19.8,1,54.87,3.087e-21,17,21,swarm_regressed_working_set
ION4,IONIZATION,CHF3,CHF+ + F + F,19.8,1,55.48,3.148e-21,17,21,swarm_regressed_working_set
ION4,IONIZATION,CHF3,CHF+ + F + F,19.8,1,56.08,3.208e-21,17,21,swarm_regressed_working_set
ION4,IONIZATION,CHF3,CHF+ + F + F,19.8,1,56.68,3.268e-21,17,21,swarm_regressed_working_set
ION4,IONIZATION,CHF3,CHF+ + F + F,19.8,1,57.29,3.329e-21,17,21,swarm_regressed_working_set
ION4,IONIZATION,CHF3,CHF+ + F + F,19.8,1,57.89,3.389e-21,17,21,swarm_regressed_working_set
ION4,IONIZATION,CHF3,CHF+ + F + F,19.8,1,58.49,3.449e-21,17,21,swarm_regressed_working_set
ION4,IONIZATION,CHF3,CHF+ + F + F,19.8,1,59.1,3.51e-21,17,21,swarm_regressed_working_set
ION4,IONIZATION,CHF3,CHF+ + F + F,19.8,1,59.7,3.57e-21,17,21,swarm_regressed_working_set
ION4,IONIZATION,CHF3,CHF+ + F + F,19.8,1,60.3,3.618e-21,17,21,swarm_regressed_working_set
ION4,IONIZATION,CHF3,CHF+ + F + F,19.8,1,60.9,3.654e-21,17,21,swarm_regressed_working_set
ION4,IONIZATION,CHF3,CHF+ + F + F,19.8,1,61.51,3.69e-21,17,21,swarm_regressed_working_set
ION4,IONIZATION,CHF3,CHF+ + F + F,19.8,1,62.11,3.727e-21,17,21,swarm_regressed_working_set
ION4,IONIZATION,CHF3,CHF+ + F + F,19.8,1,62.71,3.763e-21,17,21,swarm_regressed_working_set
ION4,IONIZATION,CHF3,CHF+ + F + F,19.8,1,63.32,3.799e-21,17,21,swarm_regressed_working_set
ION4,IONIZATION,CHF3,CHF+ + F + F,19.8,1,63.92,3.835e-21,17,21,swarm_regressed_working_set
ION4,IONIZATION,CHF3,CHF+ + F + F,19.8,1,64.52,3.871e-21,17,21,swarm_regressed_working_set
ION4,IONIZATION,CHF3,CHF+ + F + F,19.8,1,65.13,3.908e-21,17,21,swarm_regressed_working_set
ION4,IONIZATION,CHF3,CHF+ + F + F,19.8,1,65.73,3.944e-21,17,21,swarm_regressed_working_set
ION4,IONIZATION,CHF3,CHF+ + F + F,19.8,1,66.33,3.98e-21,17,21,swarm_regressed_working_set
ION4,IONIZATION,CHF3,CHF+ + F + F,19.8,1,66.93,4.016e-21,17,21,swarm_regressed_working_set
ION4,IONIZATION,CHF3,CHF+ + F + F,19.8,1,67.54,4.052e-21,17,21,swarm_regressed_working_set
ION4,IONIZATION,CHF3,CHF+ + F + F,19.8,1,68.14,4.088e-21,17,21,swarm_regressed_working_set
ION4,IONIZATION,CHF3,CHF+ + F + F,19.8,1,68.74,4.125e-21,17,21,swarm_regressed_working_set
ION4,IONIZATION,CHF3,CHF+ + F + F,19.8,1,69.35,4.161e-21,17,21,swarm_regressed_working_set
ION4,IONIZATION,CHF3,CHF+ + F + F,19.8,1,69.95,4.197e-21,17,21,swarm_regressed_working_set
ION4,IONIZATION,CHF3,CHF+ + F + F,19.8,1,70.55,4.239e-21,17,21,swarm_regressed_working_set
ION4,IONIZATION,CHF3,CHF+ + F + F,19.8,1,71.16,4.281e-21,17,21,swarm_regressed_working_set
ION4,IONIZATION,CHF3,CHF+ + F + F,19.8,1,71.76,4.323e-21,17,21,swarm_regressed_working_set
ION4,IONIZATION,CHF3,CHF+ + F + F,19.8,1,72.36,4.365e-21,17,21,swarm_regressed_working_set
ION4,IONIZATION,CHF3,CHF+ + F + F,19.8,1,72.96,4.408e-21,17,21,swarm_regressed_working_set
ION4,IONIZATION,CHF3,CHF+ + F + F,19.8,1,73.57,4.45e-21,17,21,swarm_regressed_working_set
ION4,IONIZATION,CHF3,CHF+ + F + F,19.8,1,74.17,4.492e-21,17,21,swarm_regressed_working_set
ION4,IONIZATION,CHF3,CHF+ + F + F,19.8,1,74.77,4.534e-21,17,21,swarm_regressed_working_set
ION4,IONIZATION,CHF3,CHF+ + F + F,19.8,1,75.38,4.576e-21,17,21,swarm_regressed_working_set
ION4,IONIZATION,CHF3,CHF+ + F + F,19.8,1,75.98,4.619e-21,17,21,swarm_regressed_working_set
ION4,IONIZATION,CHF3,CHF+ + F + F,19.8,1,76.58,4.661e-21,17,21,swarm_regressed_working_set
ION4,IONIZATION,CHF3,CHF+ + F + F,19.8,1,77.19,4.703e-21,17,21,swarm_regressed_working_set
ION4,IONIZATION,CHF3,CHF+ + F + F,19.8,1,77.79,4.745e-21,17,21,swarm_regressed_working_set
ION4,IONIZATION,CHF3,CHF+ + F + F,19.8,1,78.39,4.787e-21,17,21,swarm_regressed_working_set
ION4,IONIZATION,CHF3,CHF+ + F + F,19.8,1,78.99,4.83e-21,17,21,swarm_regressed_working_set
ION4,IONIZATION,CHF3,CHF+ + F + F,19.8,1,79.6,4.872e-21,17,21,swarm_regressed_working_set
ION4,IONIZATION,CHF3,CHF+ + F + F,19.8,1,80.2,4.908e-21,17,21,swarm_regressed_working_set
ION4,IONIZATION,CHF3,CHF+ + F + F,19.8,1,80.8,4.932e-21,17,21,swarm_regressed_working_set
ION4,IONIZATION,CHF3,CHF+ + F + F,19.8,1,81.41,4.956e-21,17,21,swarm_regressed_working_set
ION4,IONIZATION,CHF3,CHF+ + F + F,19.8,1,82.01,4.98e-21,17,21,swarm_regressed_working_set
ION4,IONIZATION,CHF3,CHF+ + F + F,19.8,1,82.61,5.005e-21,17,21,swarm_regressed_working_set
ION4,IONIZATION,CHF3,CHF+ + F + F,19.8,1,83.22,5.029e-21,17,21,swarm_regressed_working_set
ION4,IONIZATION,CHF3,CHF+ + F + F,19.8,1,83.82,5.053e-21,17,21,swarm_regressed_working_set
ION4,IONIZATION,CHF3,CHF+ + F + F,19.8,1,84.42,5.077e-21,17,21,swarm_regressed_working_set
ION4,IONIZATION,CHF3,CHF+ + F + F,19.8,1,85.03,5.101e-21,17,21,swarm_regressed_working_set
ION4,IONIZATION,CHF3,CHF+ + F + F,19.8,1,85.63,5.125e-21,17,21,swarm_regressed_working_set
ION4,IONIZATION,CHF3,CHF+ + F + F,19.8,1,86.23,5.149e-21,17,21,swarm_regressed_working_set
ION4,IONIZATION,CHF3,CHF+ + F + F,19.8,1,86.83,5.173e-21,17,21,swarm_regressed_working_set
ION4,IONIZATION,CHF3,CHF+ + F + F,19.8,1,87.44,5.197e-21,17,21,swarm_regressed_working_set
ION4,IONIZATION,CHF3,CHF+ + F + F,19.8,1,88.04,5.222e-21,17,21,swarm_regressed_working_set
ION4,IONIZATION,CHF3,CHF+ + F + F,19.8,1,88.64,5.246e-21,17,21,swarm_regressed_working_set
ION4,IONIZATION,CHF3,CHF+ + F + F,19.8,1,89.25,5.27e-21,17,21,swarm_regressed_working_set
ION4,IONIZATION,CHF3,CHF+ + F + F,19.8,1,89.85,5.294e-21,17,21,swarm_regressed_working_set
ION4,IONIZATION,CHF3,CHF+ + F + F,19.8,1,90.45,5.314e-21,17,21,swarm_regressed_working_set
ION4,IONIZATION,CHF3,CHF+ + F + F,19.8,1,91.06,5.332e-21,17,21,swarm_regressed_working_set
ION4,IONIZATION,CHF3,CHF+ + F + F,19.8,1,91.66,5.35e-21,17,21,swarm_regressed_working_set
ION4,IONIZATION,CHF3,CHF+ + F + F,19.8,1,92.26,5.368e-21,17,21,swarm_regressed_working_set
ION4,IONIZATION,CHF3,CHF+ + F + F,19.8,1,92.86,5.386e-21,17,21,swarm_regressed_working_set
ION4,IONIZATION,CHF3,CHF+ + F + F,19.8,1,93.47,5.404e-21,17,21,swarm_regressed_working_set
ION4,IONIZATION,CHF3,CHF+ + F + F,19.8,1,94.07,5.422e-21,17,21,swarm_regressed_working_set
ION4,IONIZATION,CHF3,CHF+ + F + F,19.8,1,94.67,5.44e-21,17,21,swarm_regressed_working_set
ION4,IONIZATION,CHF3,CHF+ + F + F,19.8,1,95.28,5.458e-21,17,21,swarm_regressed_working_set
ION4,IONIZATION,CHF3,CHF+ + F + F,19.8,1,95.88,5.476e-21,17,21,swarm_regressed_working_set
ION4,IONIZATION,CHF3,CHF+ + F + F,19.8,1,96.48,5.494e-21,17,21,swarm_regressed_working_set
ION4,IONIZATION,CHF3,CHF+ + F + F,19.8,1,97.09,5.513e-21,17,21,swarm_regressed_working_set
ION4,IONIZATION,CHF3,CHF+ + F + F,19.8,1,97.69,5.531e-21,17,21,swarm_regressed_working_set
ION4,IONIZATION,CHF3,CHF+ + F + F,19.8,1,98.29,5.549e-21,17,21,swarm_regressed_working_set
ION4,IONIZATION,CHF3,CHF+ + F + F,19.8,1,98.89,5.567e-21,17,21,swarm_regressed_working_set
ION4,IONIZATION,CHF3,CHF+ + F + F,19.8,1,99.5,5.585e-21,17,21,swarm_regressed_working_set
ION4,IONIZATION,CHF3,CHF+ + F + F,19.8,1,100.1,5.602e-21,17,21,swarm_regressed_working_set
ION4,IONIZATION,CHF3,CHF+ + F + F,19.8,1,100.7,5.614e-21,17,21,swarm_regressed_working_set
ION4,IONIZATION,CHF3,CHF+ + F + F,19.8,1,101.3,5.626e-21,17,21,swarm_regressed_working_set
ION4,IONIZATION,CHF3,CHF+ + F + F,19.8,1,101.9,5.638e-21,17,21,swarm_regressed_working_set
ION4,IONIZATION,CHF3,CHF+ + F + F,19.8,1,102.5,5.65e-21,17,21,swarm_regressed_working_set
ION4,IONIZATION,CHF3,CHF+ + F + F,19.8,1,103.1,5.662e-21,17,21,swarm_regressed_working_set
ION4,IONIZATION,CHF3,CHF+ + F + F,19.8,1,103.7,5.674e-21,17,21,swarm_regressed_working_set
ION4,IONIZATION,CHF3,CHF+ + F + F,19.8,1,104.3,5.686e-21,17,21,swarm_regressed_working_set
ION4,IONIZATION,CHF3,CHF+ + F + F,19.8,1,104.9,5.698e-21,17,21,swarm_regressed_working_set
ION4,IONIZATION,CHF3,CHF+ + F + F,19.8,1,105.5,5.711e-21,17,21,swarm_regressed_working_set
ION4,IONIZATION,CHF3,CHF+ + F + F,19.8,1,106.1,5.723e-21,17,21,swarm_regressed_working_set
ION4,IONIZATION,CHF3,CHF+ + F + F,19.8,1,106.7,5.735e-21,17,21,swarm_regressed_working_set
ION4,IONIZATION,CHF3,CHF+ + F + F,19.8,1,107.3,5.747e-21,17,21,swarm_regressed_working_set
ION4,IONIZATION,CHF3,CHF+ + F + F,19.8,1,107.9,5.759e-21,17,21,swarm_regressed_working_set
ION4,IONIZATION,CHF3,CHF+ + F + F,19.8,1,108.5,5.771e-21,17,21,swarm_regressed_working_set
ION4,IONIZATION,CHF3,CHF+ + F + F,19.8,1,109.1,5.783e-21,17,21,swarm_regressed_working_set
ION4,IONIZATION,CHF3,CHF+ + F + F,19.8,1,109.7,5.795e-21,17,21,swarm_regressed_working_set
ION4,IONIZATION,CHF3,CHF+ + F + F,19.8,1,110.4,5.807e-21,17,21,swarm_regressed_working_set
ION4,IONIZATION,CHF3,CHF+ + F + F,19.8,1,111,5.819e-21,17,21,swarm_regressed_working_set
ION4,IONIZATION,CHF3,CHF+ + F + F,19.8,1,111.6,5.831e-21,17,21,swarm_regressed_working_set
ION4,IONIZATION,CHF3,CHF+ + F + F,19.8,1,112.2,5.843e-21,17,21,swarm_regressed_working_set
ION4,IONIZATION,CHF3,CHF+ + F + F,19.8,1,112.8,5.855e-21,17,21,swarm_regressed_working_set
ION4,IONIZATION,CHF3,CHF+ + F + F,19.8,1,113.4,5.867e-21,17,21,swarm_regressed_working_set
ION4,IONIZATION,CHF3,CHF+ + F + F,19.8,1,114,5.879e-21,17,21,swarm_regressed_working_set
ION4,IONIZATION,CHF3,CHF+ + F + F,19.8,1,114.6,5.891e-21,17,21,swarm_regressed_working_set
ION4,IONIZATION,CHF3,CHF+ + F + F,19.8,1,115.2,5.904e-21,17,21,swarm_regressed_working_set
ION4,IONIZATION,CHF3,CHF+ + F + F,19.8,1,115.8,5.916e-21,17,21,swarm_regressed_working_set
ION4,IONIZATION,CHF3,CHF+ + F + F,19.8,1,116.4,5.928e-21,17,21,swarm_regressed_working_set
ION4,IONIZATION,CHF3,CHF+ + F + F,19.8,1,117,5.94e-21,17,21,swarm_regressed_working_set
ION4,IONIZATION,CHF3,CHF+ + F + F,19.8,1,117.6,5.952e-21,17,21,swarm_regressed_working_set
ION4,IONIZATION,CHF3,CHF+ + F + F,19.8,1,118.2,5.964e-21,17,21,swarm_regressed_working_set
ION4,IONIZATION,CHF3,CHF+ + F + F,19.8,1,118.8,5.976e-21,17,21,swarm_regressed_working_set
ION4,IONIZATION,CHF3,CHF+ + F + F,19.8,1,119.4,5.988e-21,17,21,swarm_regressed_working_set
ION4,IONIZATION,CHF3,CHF+ + F + F,19.8,1,120,6e-21,17,21,swarm_regressed_working_set
ION5,IONIZATION,CHF3,CF+ + HF + F,20.9,1,0,0,17,22,swarm_regressed_working_set
ION5,IONIZATION,CHF3,CF+ + HF + F,20.9,1,0.603,0,17,22,swarm_regressed_working_set
ION5,IONIZATION,CHF3,CF+ + HF + F,20.9,1,1.206,0,17,22,swarm_regressed_working_set
ION5,IONIZATION,CHF3,CF+ + HF + F,20.9,1,1.809,0,17,22,swarm_regressed_working_set
ION5,IONIZATION,CHF3,CF+ + HF + F,20.9,1,2.412,0,17,22,swarm_regressed_working_set
ION5,IONIZATION,CHF3,CF+ + HF + F,20.9,1,3.015,0,17,22,swarm_regressed_working_set
ION5,IONIZATION,CHF3,CF+ + HF + F,20.9,1,3.618,0,17,22,swarm_regressed_working_set
ION5,IONIZATION,CHF3,CF+ + HF + F,20.9,1,4.221,0,17,22,swarm_regressed_working_set
ION5,IONIZATION,CHF3,CF+ + HF + F,20.9,1,4.824,0,17,22,swarm_regressed_working_set
ION5,IONIZATION,CHF3,CF+ + HF + F,20.9,1,5.427,0,17,22,swarm_regressed_working_set
ION5,IONIZATION,CHF3,CF+ + HF + F,20.9,1,6.03,0,17,22,swarm_regressed_working_set
ION5,IONIZATION,CHF3,CF+ + HF + F,20.9,1,6.633,0,17,22,swarm_regressed_working_set
ION5,IONIZATION,CHF3,CF+ + HF + F,20.9,1,7.236,0,17,22,swarm_regressed_working_set
ION5,IONIZATION,CHF3,CF+ + HF + F,20.9,1,7.839,0,17,22,swarm_regressed_working_set
ION5,IONIZATION,CHF3,CF+ + HF + F,20.9,1,8.442,0,17,22,swarm_regressed_working_set
ION5,IONIZATION,CHF3,CF+ + HF + F,20.9,1,9.045,0,17,22,swarm_regressed_working_set
ION5,IONIZATION,CHF3,CF+ + HF + F,20.9,1,9.648,0,17,22,swarm_regressed_working_set
ION5,IONIZATION,CHF3,CF+ + HF + F,20.9,1,10.25,0,17,22,swarm_regressed_working_set
ION5,IONIZATION,CHF3,CF+ + HF + F,20.9,1,10.85,0,17,22,swarm_regressed_working_set
ION5,IONIZATION,CHF3,CF+ + HF + F,20.9,1,11.46,0,17,22,swarm_regressed_working_set
ION5,IONIZATION,CHF3,CF+ + HF + F,20.9,1,12.06,0,17,22,swarm_regressed_working_set
ION5,IONIZATION,CHF3,CF+ + HF + F,20.9,1,12.66,0,17,22,swarm_regressed_working_set
ION5,IONIZATION,CHF3,CF+ + HF + F,20.9,1,13.27,0,17,22,swarm_regressed_working_set
ION5,IONIZATION,CHF3,CF+ + HF + F,20.9,1,13.87,0,17,22,swarm_regressed_working_set
ION5,IONIZATION,CHF3,CF+ + HF + F,20.9,1,14.47,0,17,22,swarm_regressed_working_set
ION5,IONIZATION,CHF3,CF+ + HF + F,20.9,1,15.08,0,17,22,swarm_regressed_working_set
ION5,IONIZATION,CHF3,CF+ + HF + F,20.9,1,15.68,0,17,22,swarm_regressed_working_set
ION5,IONIZATION,CHF3,CF+ + HF + F,20.9,1,16.28,0,17,22,swarm_regressed_working_set
ION5,IONIZATION,CHF3,CF+ + HF + F,20.9,1,16.88,0,17,22,swarm_regressed_working_set
ION5,IONIZATION,CHF3,CF+ + HF + F,20.9,1,17.49,0,17,22,swarm_regressed_working_set
ION5,IONIZATION,CHF3,CF+ + HF + F,20.9,1,18.09,0,17,22,swarm_regressed_working_set
ION5,IONIZATION,CHF3,CF+ + HF + F,20.9,1,18.69,0,17,22,swarm_regressed_working_set
ION5,IONIZATION,CHF3,CF+ + HF + F,20.9,1,19.3,0,17,22,swarm_regressed_working_set
ION5,IONIZATION,CHF3,CF+ + HF + F,20.9,1,19.9,0,17,22,swarm_regressed_working_set
ION5,IONIZATION,CHF3,CF+ + HF + F,20.9,1,20.5,0,17,22,swarm_regressed_working_set
ION5,IONIZATION,CHF3,CF+ + HF + F,20.9,1,21.11,3.008e-23,17,22,swarm_regressed_working_set
ION5,IONIZATION,CHF3,CF+ + HF + F,20.9,1,21.71,1.183e-22,17,22,swarm_regressed_working_set
ION5,IONIZATION,CHF3,CF+ + HF + F,20.9,1,22.31,2.066e-22,17,22,swarm_regressed_working_set
ION5,IONIZATION,CHF3,CF+ + HF + F,20.9,1,22.91,2.948e-22,17,22,swarm_regressed_working_set
ION5,IONIZATION,CHF3,CF+ + HF + F,20.9,1,23.52,3.831e-22,17,22,swarm_regressed_working_set
ION5,IONIZATION,CHF3,CF+ + HF + F,20.9,1,24.12,4.713e-22,17,22,swarm_regressed_working_set
ION5,IONIZATION,CHF3,CF+ + HF + F,20.9,1,24.72,5.596e-22,17,22,swarm_regressed_working_set
ION5,IONIZATION,CHF3,CF+ + HF + F,20.9,1,25.33,7.307e-22,17,22,swarm_regressed_working_set
ION5,IONIZATION,CHF3,CF+ + HF + F,20.9,1,25.93,9.719e-22,17,22,swarm_regressed_working_set
ION5,IONIZATION,CHF3,CF+ + HF + F,20.9,1,26.53,1.213e-21,17,22,swarm_regressed_working_set
ION5,IONIZATION,CHF3,CF+ + HF + F,20.9,1,27.14,1.454e-21,17,22,swarm_regressed_working_set
ION5,IONIZATION,CHF3,CF+ + HF + F,20.9,1,27.74,1.695e-21,17,22,swarm_regressed_working_set
ION5,IONIZATION,CHF3,CF+ + HF + F,20.9,1,28.34,1.937e-21,17,22,swarm_regressed_working_set
ION5,IONIZATION,CHF3,CF+ + HF + F,20.9,1,28.94,2.178e-21,17,22,swarm_regressed_working_set
ION5,IONIZATION,CHF3,CF+ + HF + F,20.9,1,29.55,2.419e-21,17,22,swarm_regressed_working_set
ION5,IONIZATION,CHF3,CF+ + HF + F,20.9,1,30.15,2.681e-21,17,22,swarm_regressed_working_set
ION5,IONIZATION,CHF3,CF+ + HF + F,20.9,1,30.75,3.007e-21,17,22,swarm_regressed_working_set
ION5,IONIZATION,CHF3,CF+ + HF + F,20.9,1,31.36,3.333e-21,17,22,swarm_regressed_working_set
ION5,IONIZATION,CHF3,CF+ + HF + F,20.9,1,31.96,3.658e-21,17,22,swarm_regressed_working_set
ION5,IONIZATION,CHF3,CF+ + HF + F,20.9,1,32.56,3.984e-21,17,22,swarm_regressed_working_set
ION5,IONIZATION,CHF3,CF+ + HF + F,20.9,1,33.17,4.31e-21,17,22,swarm_regressed_working_set
ION5,IONIZATION,CHF3,CF+ + HF + F,20.9,1,33.77,4.635e-21,17,22,swarm_regressed_working_set
ION5,IONIZATION,CHF3,CF+ + HF + F,20.9,1,34.37,4.961e-21,17,22,swarm_regressed_working_set
ION5,IONIZATION,CHF3,CF+ + HF + F,20.9,1,34.97,5.286e-21,17,22,swarm_regressed_working_set
ION5,IONIZATION,CHF3,CF+ + HF + F,20.9,1,35.58,5.624e-21,17,22,swarm_regressed_working_set
ION5,IONIZATION,CHF3,CF+ + HF + F,20.9,1,36.18,5.961e-21,17,22,swarm_regressed_working_set
ION5,IONIZATION,CHF3,CF+ + HF + F,20.9,1,36.78,6.299e-21,17,22,swarm_regressed_working_set
ION5,IONIZATION,CHF3,CF+ + HF + F,20.9,1,37.39,6.637e-21,17,22,swarm_regressed_working_set
ION5,IONIZATION,CHF3,CF+ + HF + F,20.9,1,37.99,6.974e-21,17,22,swarm_regressed_working_set
ION5,IONIZATION,CHF3,CF+ + HF + F,20.9,1,38.59,7.312e-21,17,22,swarm_regressed_working_set
ION5,IONIZATION,CHF3,CF+ + HF + F,20.9,1,39.2,7.65e-21,17,22,swarm_regressed_working_set
ION5,IONIZATION,CHF3,CF+ + HF + F,20.9,1,39.8,7.987e-21,17,22,swarm_regressed_working_set
ION5,IONIZATION,CHF3,CF+ + HF + F,20.9,1,40.4,8.349e-21,17,22,swarm_regressed_working_set
ION5,IONIZATION,CHF3,CF+ + HF + F,20.9,1,41.01,8.723e-21,17,22,swarm_regressed_working_set
ION5,IONIZATION,CHF3,CF+ + HF + F,20.9,1,41.61,9.097e-21,17,22,swarm_regressed_working_set
ION5,IONIZATION,CHF3,CF+ + HF + F,20.9,1,42.21,9.471e-21,17,22,swarm_regressed_working_set
ION5,IONIZATION,CHF3,CF+ + HF + F,20.9,1,42.81,9.845e-21,17,22,swarm_regressed_working_set
ION5,IONIZATION,CHF3,CF+ + HF + F,20.9,1,43.42,1.022e-20,17,22,swarm_regressed_working_set
ION5,IONIZATION,CHF3,CF+ + HF + F,20.9,1,44.02,1.059e-20,17,22,swarm_regressed_working_set
ION5,IONIZATION,CHF3,CF+ + HF + F,20.9,1,44.62,1.097e-20,17,22,swarm_regressed_working_set
ION5,IONIZATION,CHF3,CF+ + HF + F,20.9,1,45.23,1.135e-20,17,22,swarm_regressed_working_set
ION5,IONIZATION,CHF3,CF+ + HF + F,20.9,1,45.83,1.176e-20,17,22,swarm_regressed_working_set
ION5,IONIZATION,CHF3,CF+ + HF + F,20.9,1,46.43,1.217e-20,17,22,swarm_regressed_working_set
ION5,IONIZATION,CHF3,CF+ + HF + F,20.9,1,47.04,1.258e-20,17,22,swarm_regressed_working_set
ION5,IONIZATION,CHF3,CF+ + HF + F,20.9,1,47.64,1.299e-20,17,22,swarm_regressed_working_set
ION5,IONIZATION,CHF3,CF+ + HF + F,20.9,1,48.24,1.34e-20,17,22,swarm_regressed_working_set
ION5,IONIZATION,CHF3,CF+ + HF + F,20.9,1,48.84,1.381e-20,17,22,swarm_regressed_working_set
ION5,IONIZATION,CHF3,CF+ + HF + F,20.9,1,49.45,1.422e-20,17,22,swarm_regressed_working_set
ION5,IONIZATION,CHF3,CF+ + HF + F,20.9,1,50.05,1.462e-20,17,22,swarm_regressed_working_set
ION5,IONIZATION,CHF3,CF+ + HF + F,20.9,1,50.65,1.491e-20,17,22,swarm_regressed_working_set
ION5,IONIZATION,CHF3,CF+ + HF + F,20.9,1,51.26,1.52e-20,17,22,swarm_regressed_working_set
ION5,IONIZATION,CHF3,CF+ + HF + F,20.9,1,51.86,1.549e-20,17,22,swarm_regressed_working_set
ION5,IONIZATION,CHF3,CF+ + HF + F,20.9,1,52.46,1.578e-20,17,22,swarm_regressed_working_set
ION5,IONIZATION,CHF3,CF+ + HF + F,20.9,1,53.07,1.607e-20,17,22,swarm_regressed_working_set
ION5,IONIZATION,CHF3,CF+ + HF + F,20.9,1,53.67,1.636e-20,17,22,swarm_regressed_working_set
ION5,IONIZATION,CHF3,CF+ + HF + F,20.9,1,54.27,1.665e-20,17,22,swarm_regressed_working_set
ION5,IONIZATION,CHF3,CF+ + HF + F,20.9,1,54.87,1.694e-20,17,22,swarm_regressed_working_set
ION5,IONIZATION,CHF3,CF+ + HF + F,20.9,1,55.48,1.723e-20,17,22,swarm_regressed_working_set
ION5,IONIZATION,CHF3,CF+ + HF + F,20.9,1,56.08,1.752e-20,17,22,swarm_regressed_working_set
ION5,IONIZATION,CHF3,CF+ + HF + F,20.9,1,56.68,1.781e-20,17,22,swarm_regressed_working_set
ION5,IONIZATION,CHF3,CF+ + HF + F,20.9,1,57.29,1.81e-20,17,22,swarm_regressed_working_set
ION5,IONIZATION,CHF3,CF+ + HF + F,20.9,1,57.89,1.839e-20,17,22,swarm_regressed_working_set
ION5,IONIZATION,CHF3,CF+ + HF + F,20.9,1,58.49,1.868e-20,17,22,swarm_regressed_working_set
ION5,IONIZATION,CHF3,CF+ + HF + F,20.9,1,59.1,1.897e-20,17,22,swarm_regressed_working_set
ION5,IONIZATION,CHF3,CF+ + HF + F,20.9,1,59.7,1.926e-20,17,22,swarm_regressed_working_set
ION5,IONIZATION,CHF3,CF+ + HF + F,20.9,1,60.3,1.952e-20,17,22,swarm_regressed_working_set
ION5,IONIZATION,CHF3,CF+ + HF + F,20.9,1,60.9,1.977e-20,17,22,swarm_regressed_working_set
ION5,IONIZATION,CHF3,CF+ + HF + F,20.9,1,61.51,2.002e-20,17,22,swarm_regressed_working_set
ION5,IONIZATION,CHF3,CF+ + HF + F,20.9,1,62.11,2.027e-20,17,22,swarm_regressed_working_set
ION5,IONIZATION,CHF3,CF+ + HF + F,20.9,1,62.71,2.051e-20,17,22,swarm_regressed_working_set
ION5,IONIZATION,CHF3,CF+ + HF + F,20.9,1,63.32,2.076e-20,17,22,swarm_regressed_working_set
ION5,IONIZATION,CHF3,CF+ + HF + F,20.9,1,63.92,2.101e-20,17,22,swarm_regressed_working_set
ION5,IONIZATION,CHF3,CF+ + HF + F,20.9,1,64.52,2.125e-20,17,22,swarm_regressed_working_set
ION5,IONIZATION,CHF3,CF+ + HF + F,20.9,1,65.13,2.15e-20,17,22,swarm_regressed_working_set
ION5,IONIZATION,CHF3,CF+ + HF + F,20.9,1,65.73,2.175e-20,17,22,swarm_regressed_working_set
ION5,IONIZATION,CHF3,CF+ + HF + F,20.9,1,66.33,2.2e-20,17,22,swarm_regressed_working_set
ION5,IONIZATION,CHF3,CF+ + HF + F,20.9,1,66.93,2.224e-20,17,22,swarm_regressed_working_set
ION5,IONIZATION,CHF3,CF+ + HF + F,20.9,1,67.54,2.249e-20,17,22,swarm_regressed_working_set
ION5,IONIZATION,CHF3,CF+ + HF + F,20.9,1,68.14,2.274e-20,17,22,swarm_regressed_working_set
ION5,IONIZATION,CHF3,CF+ + HF + F,20.9,1,68.74,2.298e-20,17,22,swarm_regressed_working_set
ION5,IONIZATION,CHF3,CF+ + HF + F,20.9,1,69.35,2.323e-20,17,22,swarm_regressed_working_set
ION5,IONIZATION,CHF3,CF+ + HF + F,20.9,1,69.95,2.348e-20,17,22,swarm_regressed_working_set
ION5,IONIZATION,CHF3,CF+ + HF + F,20.9,1,70.55,2.358e-20,17,22,swarm_regressed_working_set
ION5,IONIZATION,CHF3,CF+ + HF + F,20.9,1,71.16,2.367e-20,17,22,swarm_regressed_working_set
ION5,IONIZATION,CHF3,CF+ + HF + F,20.9,1,71.76,2.376e-20,17,22,swarm_regressed_working_set
ION5,IONIZATION,CHF3,CF+ + HF + F,20.9,1,72.36,2.385e-20,17,22,swarm_regressed_working_set
ION5,IONIZATION,CHF3,CF+ + HF + F,20.9,1,72.96,2.394e-20,17,22,swarm_regressed_working_set
ION5,IONIZATION,CHF3,CF+ + HF + F,20.9,1,73.57,2.404e-20,17,22,swarm_regressed_working_set
ION5,IONIZATION,CHF3,CF+ + HF + F,20.9,1,74.17,2.413e-20,17,22,swarm_regressed_working_set
ION5,IONIZATION,CHF3,CF+ + HF + F,20.9,1,74.77,2.422e-20,17,22,swarm_regressed_working_set
ION5,IONIZATION,CHF3,CF+ + HF + F,20.9,1,75.38,2.431e-20,17,22,swarm_regressed_working_set
ION5,IONIZATION,CHF3,CF+ + HF + F,20.9,1,75.98,2.44e-20,17,22,swarm_regressed_working_set
ION5,IONIZATION,CHF3,CF+ + HF + F,20.9,1,76.58,2.449e-20,17,22,swarm_regressed_working_set
ION5,IONIZATION,CHF3,CF+ + HF + F,20.9,1,77.19,2.458e-20,17,22,swarm_regressed_working_set
ION5,IONIZATION,CHF3,CF+ + HF + F,20.9,1,77.79,2.467e-20,17,22,swarm_regressed_working_set
ION5,IONIZATION,CHF3,CF+ + HF + F,20.9,1,78.39,2.476e-20,17,22,swarm_regressed_working_set
ION5,IONIZATION,CHF3,CF+ + HF + F,20.9,1,78.99,2.485e-20,17,22,swarm_regressed_working_set
ION5,IONIZATION,CHF3,CF+ + HF + F,20.9,1,79.6,2.494e-20,17,22,swarm_regressed_working_set
ION5,IONIZATION,CHF3,CF+ + HF + F,20.9,1,80.2,2.504e-20,17,22,swarm_regressed_working_set
ION5,IONIZATION,CHF3,CF+ + HF + F,20.9,1,80.8,2.517e-20,17,22,swarm_regressed_working_set
ION5,IONIZATION,CHF3,CF+ + HF + F,20.9,1,81.41,2.53e-20,17,22,swarm_regressed_working_set
ION5,IONIZATION,CHF3,CF+ + HF + F,20.9,1,82.01,2.542e-20,17,22,swarm_regressed_working_set
ION5,IONIZATION,CHF3,CF+ + HF + F,20.9,1,82.61,2.555e-20,17,22,swarm_regressed_working_set
ION5,IONIZATION,CHF3,CF+ + HF + F,20.9,1,83.22,2.568e-20,17,22,swarm_regressed_working_set
ION5,IONIZATION,CHF3,CF+ + HF + F,20.9,1,83.82,2.58e-20,17,22,swarm_regressed_working_set
ION5,IONIZATION,CHF3,CF+ + HF + F,20.9,1,84.42,2.593e-20,17,22,swarm_regressed_working_set
ION5,IONIZATION,CHF3,CF+ + HF + F,20.9,1,85.03,2.606e-20,17,22,swarm_regressed_working_set
ION5,IONIZATION,CHF3,CF+ + HF + F,20.9,1,85.63,2.618e-20,17,22,swarm_regressed_working_set
ION5,IONIZATION,CHF3,CF+ + HF + F,20.9,1,86.23,2.631e-20,17,22,swarm_regressed_working_set
ION5,IONIZATION,CHF3,CF+ + HF + F,20.9,1,86.83,2.644e-20,17,22,swarm_regressed_working_set
ION5,IONIZATION,CHF3,CF+ + HF + F,20.9,1,87.44,2.656e-20,17,22,swarm_regressed_working_set
ION5,IONIZATION,CHF3,CF+ + HF + F,20.9,1,88.04,2.669e-20,17,22,swarm_regressed_working_set
ION5,IONIZATION,CHF3,CF+ + HF + F,20.9,1,88.64,2.682e-20,17,22,swarm_regressed_working_set
ION5,IONIZATION,CHF3,CF+ + HF + F,20.9,1,89.25,2.694e-20,17,22,swarm_regressed_working_set
ION5,IONIZATION,CHF3,CF+ + HF + F,20.9,1,89.85,2.707e-20,17,22,swarm_regressed_working_set
ION5,IONIZATION,CHF3,CF+ + HF + F,20.9,1,90.45,2.712e-20,17,22,swarm_regressed_working_set
ION5,IONIZATION,CHF3,CF+ + HF + F,20.9,1,91.06,2.714e-20,17,22,swarm_regressed_working_set
ION5,IONIZATION,CHF3,CF+ + HF + F,20.9,1,91.66,2.717e-20,17,22,swarm_regressed_working_set
ION5,IONIZATION,CHF3,CF+ + HF + F,20.9,1,92.26,2.719e-20,17,22,swarm_regressed_working_set
ION5,IONIZATION,CHF3,CF+ + HF + F,20.9,1,92.86,2.721e-20,17,22,swarm_regressed_working_set
ION5,IONIZATION,CHF3,CF+ + HF + F,20.9,1,93.47,2.724e-20,17,22,swarm_regressed_working_set
ION5,IONIZATION,CHF3,CF+ + HF + F,20.9,1,94.07,2.726e-20,17,22,swarm_regressed_working_set
ION5,IONIZATION,CHF3,CF+ + HF + F,20.9,1,94.67,2.729e-20,17,22,swarm_regressed_working_set
ION5,IONIZATION,CHF3,CF+ + HF + F,20.9,1,95.28,2.731e-20,17,22,swarm_regressed_working_set
ION5,IONIZATION,CHF3,CF+ + HF + F,20.9,1,95.88,2.734e-20,17,22,swarm_regressed_working_set
ION5,IONIZATION,CHF3,CF+ + HF + F,20.9,1,96.48,2.736e-20,17,22,swarm_regressed_working_set
ION5,IONIZATION,CHF3,CF+ + HF + F,20.9,1,97.09,2.738e-20,17,22,swarm_regressed_working_set
ION5,IONIZATION,CHF3,CF+ + HF + F,20.9,1,97.69,2.741e-20,17,22,swarm_regressed_working_set
ION5,IONIZATION,CHF3,CF+ + HF + F,20.9,1,98.29,2.743e-20,17,22,swarm_regressed_working_set
ION5,IONIZATION,CHF3,CF+ + HF + F,20.9,1,98.89,2.746e-20,17,22,swarm_regressed_working_set
ION5,IONIZATION,CHF3,CF+ + HF + F,20.9,1,99.5,2.748e-20,17,22,swarm_regressed_working_set
ION5,IONIZATION,CHF3,CF+ + HF + F,20.9,1,100.1,2.751e-20,17,22,swarm_regressed_working_set
ION5,IONIZATION,CHF3,CF+ + HF + F,20.9,1,100.7,2.758e-20,17,22,swarm_regressed_working_set
ION5,IONIZATION,CHF3,CF+ + HF + F,20.9,1,101.3,2.766e-20,17,22,swarm_regressed_working_set
ION5,IONIZATION,CHF3,CF+ + HF + F,20.9,1,101.9,2.773e-20,17,22,swarm_regressed_working_set
ION5,IONIZATION,CHF3,CF+ + HF + F,20.9,1,102.5,2.78e-20,17,22,swarm_regressed_working_set
ION5,IONIZATION,CHF3,CF+ + HF + F,20.9,1,103.1,2.787e-20,17,22,swarm_regressed_working_set
ION5,IONIZATION,CHF3,CF+ + HF + F,20.9,1,103.7,2.795e-20,17,22,swarm_regressed_working_set
ION5,IONIZATION,CHF3,CF+ + HF + F,20.9,1,104.3,2.802e-20,17,22,swarm_regressed_working_set
ION5,IONIZATION,CHF3,CF+ + HF + F,20.9,1,104.9,2.809e-20,17,22,swarm_regressed_working_set
ION5,IONIZATION,CHF3,CF+ + HF + F,20.9,1,105.5,2.816e-20,17,22,swarm_regressed_working_set
ION5,IONIZATION,CHF3,CF+ + HF + F,20.9,1,106.1,2.824e-20,17,22,swarm_regressed_working_set
ION5,IONIZATION,CHF3,CF+ + HF + F,20.9,1,106.7,2.831e-20,17,22,swarm_regressed_working_set
ION5,IONIZATION,CHF3,CF+ + HF + F,20.9,1,107.3,2.838e-20,17,22,swarm_regressed_working_set
ION5,IONIZATION,CHF3,CF+ + HF + F,20.9,1,107.9,2.845e-20,17,22,swarm_regressed_working_set
ION5,IONIZATION,CHF3,CF+ + HF + F,20.9,1,108.5,2.853e-20,17,22,swarm_regressed_working_set
ION5,IONIZATION,CHF3,CF+ + HF + F,20.9,1,109.1,2.86e-20,17,22,swarm_regressed_working_set
ION5,IONIZATION,CHF3,CF+ + HF + F,20.9,1,109.7,2.867e-20,17,22,swarm_regressed_working_set
ION5,IONIZATION,CHF3,CF+ + HF + F,20.9,1,110.4,2.87e-20,17,22,swarm_regressed_working_set
ION5,IONIZATION,CHF3,CF+ + HF + F,20.9,1,111,2.871e-20,17,22,swarm_regressed_working_set
ION5,IONIZATION,CHF3,CF+ + HF + F,20.9,1,111.6,2.872e-20,17,22,swarm_regressed_working_set
ION5,IONIZATION,CHF3,CF+ + HF + F,20.9,1,112.2,2.872e-20,17,22,swarm_regressed_working_set
ION5,IONIZATION,CHF3,CF+ + HF + F,20.9,1,112.8,2.873e-20,17,22,swarm_regressed_working_set
ION5,IONIZATION,CHF3,CF+ + HF + F,20.9,1,113.4,2.873e-20,17,22,swarm_regressed_working_set
ION5,IONIZATION,CHF3,CF+ + HF + F,20.9,1,114,2.874e-20,17,22,swarm_regressed_working_set
ION5,IONIZATION,CHF3,CF+ + HF + F,20.9,1,114.6,2.875e-20,17,22,swarm_regressed_working_set
ION5,IONIZATION,CHF3,CF+ + HF + F,20.9,1,115.2,2.875e-20,17,22,swarm_regressed_working_set
ION5,IONIZATION,CHF3,CF+ + HF + F,20.9,1,115.8,2.876e-20,17,22,swarm_regressed_working_set
ION5,IONIZATION,CHF3,CF+ + HF + F,20.9,1,116.4,2.876e-20,17,22,swarm_regressed_working_set
ION5,IONIZATION,CHF3,CF+ + HF + F,20.9,1,117,2.877e-20,17,22,swarm_regressed_working_set
ION5,IONIZATION,CHF3,CF+ + HF + F,20.9,1,117.6,2.878e-20,17,22,swarm_regressed_working_set
ION5,IONIZATION,CHF3,CF+ + HF + F,20.9,1,118.2,2.878e-20,17,22,swarm_regressed_working_set
ION5,IONIZATION,CHF3,CF+ + HF + F,20.9,1,118.8,2.879e-20,17,22,swarm_regressed_working_set
ION5,IONIZATION,CHF3,CF+ + HF + F,20.9,1,119.4,2.879e-20,17,22,swarm_regressed_working_set
ION5,IONIZATION,CHF3,CF+ + HF + F,20.9,1,120,2.88e-20,17,22,swarm_regressed_working_set
ION6,IONIZATION,CHF3,CH+ + F2 + F,33.5,1,0,0,17,23,swarm_regressed_working_set
ION6,IONIZATION,CHF3,CH+ + F2 + F,33.5,1,0.603,0,17,23,swarm_regressed_working_set
ION6,IONIZATION,CHF3,CH+ + F2 + F,33.5,1,1.206,0,17,23,swarm_regressed_working_set
ION6,IONIZATION,CHF3,CH+ + F2 + F,33.5,1,1.809,0,17,23,swarm_regressed_working_set
ION6,IONIZATION,CHF3,CH+ + F2 + F,33.5,1,2.412,0,17,23,swarm_regressed_working_set
ION6,IONIZATION,CHF3,CH+ + F2 + F,33.5,1,3.015,0,17,23,swarm_regressed_working_set
ION6,IONIZATION,CHF3,CH+ + F2 + F,33.5,1,3.618,0,17,23,swarm_regressed_working_set
ION6,IONIZATION,CHF3,CH+ + F2 + F,33.5,1,4.221,0,17,23,swarm_regressed_working_set
ION6,IONIZATION,CHF3,CH+ + F2 + F,33.5,1,4.824,0,17,23,swarm_regressed_working_set
ION6,IONIZATION,CHF3,CH+ + F2 + F,33.5,1,5.427,0,17,23,swarm_regressed_working_set
ION6,IONIZATION,CHF3,CH+ + F2 + F,33.5,1,6.03,0,17,23,swarm_regressed_working_set
ION6,IONIZATION,CHF3,CH+ + F2 + F,33.5,1,6.633,0,17,23,swarm_regressed_working_set
ION6,IONIZATION,CHF3,CH+ + F2 + F,33.5,1,7.236,0,17,23,swarm_regressed_working_set
ION6,IONIZATION,CHF3,CH+ + F2 + F,33.5,1,7.839,0,17,23,swarm_regressed_working_set
ION6,IONIZATION,CHF3,CH+ + F2 + F,33.5,1,8.442,0,17,23,swarm_regressed_working_set
ION6,IONIZATION,CHF3,CH+ + F2 + F,33.5,1,9.045,0,17,23,swarm_regressed_working_set
ION6,IONIZATION,CHF3,CH+ + F2 + F,33.5,1,9.648,0,17,23,swarm_regressed_working_set
ION6,IONIZATION,CHF3,CH+ + F2 + F,33.5,1,10.25,0,17,23,swarm_regressed_working_set
ION6,IONIZATION,CHF3,CH+ + F2 + F,33.5,1,10.85,0,17,23,swarm_regressed_working_set
ION6,IONIZATION,CHF3,CH+ + F2 + F,33.5,1,11.46,0,17,23,swarm_regressed_working_set
ION6,IONIZATION,CHF3,CH+ + F2 + F,33.5,1,12.06,0,17,23,swarm_regressed_working_set
ION6,IONIZATION,CHF3,CH+ + F2 + F,33.5,1,12.66,0,17,23,swarm_regressed_working_set
ION6,IONIZATION,CHF3,CH+ + F2 + F,33.5,1,13.27,0,17,23,swarm_regressed_working_set
ION6,IONIZATION,CHF3,CH+ + F2 + F,33.5,1,13.87,0,17,23,swarm_regressed_working_set
ION6,IONIZATION,CHF3,CH+ + F2 + F,33.5,1,14.47,0,17,23,swarm_regressed_working_set
ION6,IONIZATION,CHF3,CH+ + F2 + F,33.5,1,15.08,0,17,23,swarm_regressed_working_set
ION6,IONIZATION,CHF3,CH+ + F2 + F,33.5,1,15.68,0,17,23,swarm_regressed_working_set
ION6,IONIZATION,CHF3,CH+ + F2 + F,33.5,1,16.28,0,17,23,swarm_regressed_working_set
ION6,IONIZATION,CHF3,CH+ + F2 + F,33.5,1,16.88,0,17,23,swarm_regressed_working_set
ION6,IONIZATION,CHF3,CH+ + F2 + F,33.5,1,17.49,0,17,23,swarm_regressed_working_set
ION6,IONIZATION,CHF3,CH+ + F2 + F,33.5,1,18.09,0,17,23,swarm_regressed_working_set
ION6,IONIZATION,CHF3,CH+ + F2 + F,33.5,1,18.69,0,17,23,swarm_regressed_working_set
ION6,IONIZATION,CHF3,CH+ + F2 + F,33.5,1,19.3,0,17,23,swarm_regressed_working_set
ION6,IONIZATION,CHF3,CH+ + F2 + F,33.5,1,19.9,0,17,23,swarm_regressed_working_set
ION6,IONIZATION,CHF3,CH+ + F2 + F,33.5,1,20.5,0,17,23,swarm_regressed_working_set
ION6,IONIZATION,CHF3,CH+ + F2 + F,33.5,1,21.11,0,17,23,swarm_regressed_working_set
ION6,IONIZATION,CHF3,CH+ + F2 + F,33.5,1,21.71,0,17,23,swarm_regressed_working_set
ION6,IONIZATION,CHF3,CH+ + F2 + F,33.5,1,22.31,0,17,23,swarm_regressed_working_set
ION6,IONIZATION,CHF3,CH+ + F2 + F,33.5,1,22.91,0,17,23,swarm_regressed_working_set
ION6,IONIZATION,CHF3,CH+ + F2 + F,33.5,1,23.52,0,17,23,swarm_regressed_working_set
ION6,IONIZATION,CHF3,CH+ + F2 + F,33.5,1,24.12,0,17,23,swarm_regressed_working_set
ION6,IONIZATION,CHF3,CH+ + F2 + F,33.5,1,24.72,0,17,23,swarm_regressed_working_set
ION6,IONIZATION,CHF3,CH+ + F2 + F,33.5,1,25.33,0,17,23,swarm_regressed_working_set
ION6,IONIZATION,CHF3,CH+ + F2 + F,33.5,1,25.93,0,17,23,swarm_regressed_working_set
ION6,IONIZATION,CHF3,CH+ + F2 + F,33.5,1,26.53,0,17,23,swarm_regressed_working_set
ION6,IONIZATION,CHF3,CH+ + F2 + F,33.5,1,27.14,0,17,23,swarm_regressed_working_set
ION6,IONIZATION,CHF3,CH+ + F2 + F,33.5,1,27.74,0,17,23,swarm_regressed_working_set
ION6,IONIZATION,CHF3,CH+ + F2 + F,33.5,1,28.34,0,17,23,swarm_regressed_working_set
ION6,IONIZATION,CHF3,CH+ + F2 + F,33.5,1,28.94,0,17,23,swarm_regressed_working_set
ION6,IONIZATION,CHF3,CH+ + F2 + F,33.5,1,29.55,0,17,23,swarm_regressed_working_set
ION6,IONIZATION,CHF3,CH+ + F2 + F,33.5,1,30.15,0,17,23,swarm_regressed_working_set
ION6,IONIZATION,CHF3,CH+ + F2 + F,33.5,1,30.75,0,17,23,swarm_regressed_working_set
ION6,IONIZATION,CHF3,CH+ + F2 + F,33.5,1,31.36,0,17,23,swarm_regressed_working_set
ION6,IONIZATION,CHF3,CH+ + F2 + F,33.5,1,31.96,0,17,23,swarm_regressed_working_set
ION6,IONIZATION,CHF3,CH+ + F2 + F,33.5,1,32.56,0,17,23,swarm_regressed_working_set
ION6,IONIZATION,CHF3,CH+ + F2 + F,33.5,1,33.17,0,17,23,swarm_regressed_working_set
ION6,IONIZATION,CHF3,CH+ + F2 + F,33.5,1,33.77,1.792e-24,17,23,swarm_regressed_working_set
ION6,IONIZATION,CHF3,CH+ + F2 + F,33.5,1,34.37,5.812e-24,17,23,swarm_regressed_working_set
ION6,IONIZATION,CHF3,CH+ + F2 + F,33.5,1,34.97,9.832e-24,17,23,swarm_regressed_working_set
ION6,IONIZATION,CHF3,CH+ + F2 + F,33.5,1,35.58,1.462e-23,17,23,swarm_regressed_working_set
ION6,IONIZATION,CHF3,CH+ + F2 + F,33.5,1,36.18,1.945e-23,17,23,swarm_regressed_working_set
ION6,IONIZATION,CHF3,CH+ + F2 + F,33.5,1,36.78,2.427e-23,17,23,swarm_regressed_working_set
ION6,IONIZATION,CHF3,CH+ + F2 + F,33.5,1,37.39,2.91e-23,17,23,swarm_regressed_working_set
ION6,IONIZATION,CHF3,CH+ + F2 + F,33.5,1,37.99,3.392e-23,17,23,swarm_regressed_working_set
ION6,IONIZATION,CHF3,CH+ + F2 + F,33.5,1,38.59,3.874e-23,17,23,swarm_regressed_working_set
ION6,IONIZATION,CHF3,CH+ + F2 + F,33.5,1,39.2,4.357e-23,17,23,swarm_regressed_working_set
ION6,IONIZATION,CHF3,CH+ + F2 + F,33.5,1,39.8,4.839e-23,17,23,swarm_regressed_working_set
ION6,IONIZATION,CHF3,CH+ + F2 + F,33.5,1,40.4,5.563e-23,17,23,swarm_regressed_working_set
ION6,IONIZATION,CHF3,CH+ + F2 + F,33.5,1,41.01,6.407e-23,17,23,swarm_regressed_working_set
ION6,IONIZATION,CHF3,CH+ + F2 + F,33.5,1,41.61,7.251e-23,17,23,swarm_regressed_working_set
ION6,IONIZATION,CHF3,CH+ + F2 + F,33.5,1,42.21,8.095e-23,17,23,swarm_regressed_working_set
ION6,IONIZATION,CHF3,CH+ + F2 + F,33.5,1,42.81,8.94e-23,17,23,swarm_regressed_working_set
ION6,IONIZATION,CHF3,CH+ + F2 + F,33.5,1,43.42,9.784e-23,17,23,swarm_regressed_working_set
ION6,IONIZATION,CHF3,CH+ + F2 + F,33.5,1,44.02,1.063e-22,17,23,swarm_regressed_working_set
ION6,IONIZATION,CHF3,CH+ + F2 + F,33.5,1,44.62,1.147e-22,17,23,swarm_regressed_working_set
ION6,IONIZATION,CHF3,CH+ + F2 + F,33.5,1,45.23,1.223e-22,17,23,swarm_regressed_working_set
ION6,IONIZATION,CHF3,CH+ + F2 + F,33.5,1,45.83,1.283e-22,17,23,swarm_regressed_working_set
ION6,IONIZATION,CHF3,CH+ + F2 + F,33.5,1,46.43,1.343e-22,17,23,swarm_regressed_working_set
ION6,IONIZATION,CHF3,CH+ + F2 + F,33.5,1,47.04,1.404e-22,17,23,swarm_regressed_working_set
ION6,IONIZATION,CHF3,CH+ + F2 + F,33.5,1,47.64,1.464e-22,17,23,swarm_regressed_working_set
ION6,IONIZATION,CHF3,CH+ + F2 + F,33.5,1,48.24,1.524e-22,17,23,swarm_regressed_working_set
ION6,IONIZATION,CHF3,CH+ + F2 + F,33.5,1,48.84,1.584e-22,17,23,swarm_regressed_working_set
ION6,IONIZATION,CHF3,CH+ + F2 + F,33.5,1,49.45,1.645e-22,17,23,swarm_regressed_working_set
ION6,IONIZATION,CHF3,CH+ + F2 + F,33.5,1,50.05,1.702e-22,17,23,swarm_regressed_working_set
ION6,IONIZATION,CHF3,CH+ + F2 + F,33.5,1,50.65,1.726e-22,17,23,swarm_regressed_working_set
ION6,IONIZATION,CHF3,CH+ + F2 + F,33.5,1,51.26,1.75e-22,17,23,swarm_regressed_working_set
ION6,IONIZATION,CHF3,CH+ + F2 + F,33.5,1,51.86,1.774e-22,17,23,swarm_regressed_working_set
ION6,IONIZATION,CHF3,CH+ + F2 + F,33.5,1,52.46,1.798e-22,17,23,swarm_regressed_working_set
ION6,IONIZATION,CHF3,CH+ + F2 + F,33.5,1,53.07,1.823e-22,17,23,swarm_regressed_working_set
ION6,IONIZATION,CHF3,CH+ + F2 + F,33.5,1,53.67,1.847e-22,17,23,swarm_regressed_working_set
ION6,IONIZATION,CHF3,CH+ + F2 + F,33.5,1,54.27,1.871e-22,17,23,swarm_regressed_working_set
ION6,IONIZATION,CHF3,CH+ + F2 + F,33.5,1,54.87,1.895e-22,17,23,swarm_regressed_working_set
ION6,IONIZATION,CHF3,CH+ + F2 + F,33.5,1,55.48,1.919e-22,17,23,swarm_regressed_working_set
ION6,IONIZATION,CHF3,CH+ + F2 + F,33.5,1,56.08,1.943e-22,17,23,swarm_regressed_working_set
ION6,IONIZATION,CHF3,CH+ + F2 + F,33.5,1,56.68,1.967e-22,17,23,swarm_regressed_working_set
ION6,IONIZATION,CHF3,CH+ + F2 + F,33.5,1,57.29,1.991e-22,17,23,swarm_regressed_working_set
ION6,IONIZATION,CHF3,CH+ + F2 + F,33.5,1,57.89,2.016e-22,17,23,swarm_regressed_working_set
ION6,IONIZATION,CHF3,CH+ + F2 + F,33.5,1,58.49,2.04e-22,17,23,swarm_regressed_working_set
ION6,IONIZATION,CHF3,CH+ + F2 + F,33.5,1,59.1,2.064e-22,17,23,swarm_regressed_working_set
ION6,IONIZATION,CHF3,CH+ + F2 + F,33.5,1,59.7,2.088e-22,17,23,swarm_regressed_working_set
ION6,IONIZATION,CHF3,CH+ + F2 + F,33.5,1,60.3,2.106e-22,17,23,swarm_regressed_working_set
ION6,IONIZATION,CHF3,CH+ + F2 + F,33.5,1,60.9,2.118e-22,17,23,swarm_regressed_working_set
ION6,IONIZATION,CHF3,CH+ + F2 + F,33.5,1,61.51,2.13e-22,17,23,swarm_regressed_working_set
ION6,IONIZATION,CHF3,CH+ + F2 + F,33.5,1,62.11,2.142e-22,17,23,swarm_regressed_working_set
ION6,IONIZATION,CHF3,CH+ + F2 + F,33.5,1,62.71,2.154e-22,17,23,swarm_regressed_working_set
ION6,IONIZATION,CHF3,CH+ + F2 + F,33.5,1,63.32,2.166e-22,17,23,swarm_regressed_working_set
ION6,IONIZATION,CHF3,CH+ + F2 + F,33.5,1,63.92,2.178e-22,17,23,swarm_regressed_working_set
ION6,IONIZATION,CHF3,CH+ + F2 + F,33.5,1,64.52,2.19e-22,17,23,swarm_regressed_working_set
ION6,IONIZATION,CHF3,CH+ + F2 + F,33.5,1,65.13,2.203e-22,17,23,swarm_regressed_working_set
ION6,IONIZATION,CHF3,CH+ + F2 + F,33.5,1,65.73,2.215e-22,17,23,swarm_regressed_working_set
ION6,IONIZATION,CHF3,CH+ + F2 + F,33.5,1,66.33,2.227e-22,17,23,swarm_regressed_working_set
ION6,IONIZATION,CHF3,CH+ + F2 + F,33.5,1,66.93,2.239e-22,17,23,swarm_regressed_working_set
ION6,IONIZATION,CHF3,CH+ + F2 + F,33.5,1,67.54,2.251e-22,17,23,swarm_regressed_working_set
ION6,IONIZATION,CHF3,CH+ + F2 + F,33.5,1,68.14,2.263e-22,17,23,swarm_regressed_working_set
ION6,IONIZATION,CHF3,CH+ + F2 + F,33.5,1,68.74,2.275e-22,17,23,swarm_regressed_working_set
ION6,IONIZATION,CHF3,CH+ + F2 + F,33.5,1,69.35,2.287e-22,17,23,swarm_regressed_working_set
ION6,IONIZATION,CHF3,CH+ + F2 + F,33.5,1,69.95,2.299e-22,17,23,swarm_regressed_working_set
ION6,IONIZATION,CHF3,CH+ + F2 + F,33.5,1,70.55,2.311e-22,17,23,swarm_regressed_working_set
ION6,IONIZATION,CHF3,CH+ + F2 + F,33.5,1,71.16,2.323e-22,17,23,swarm_regressed_working_set
ION6,IONIZATION,CHF3,CH+ + F2 + F,33.5,1,71.76,2.335e-22,17,23,swarm_regressed_working_set
ION6,IONIZATION,CHF3,CH+ + F2 + F,33.5,1,72.36,2.347e-22,17,23,swarm_regressed_working_set
ION6,IONIZATION,CHF3,CH+ + F2 + F,33.5,1,72.96,2.359e-22,17,23,swarm_regressed_working_set
ION6,IONIZATION,CHF3,CH+ + F2 + F,33.5,1,73.57,2.371e-22,17,23,swarm_regressed_working_set
ION6,IONIZATION,CHF3,CH+ + F2 + F,33.5,1,74.17,2.383e-22,17,23,swarm_regressed_working_set
ION6,IONIZATION,CHF3,CH+ + F2 + F,33.5,1,74.77,2.395e-22,17,23,swarm_regressed_working_set
ION6,IONIZATION,CHF3,CH+ + F2 + F,33.5,1,75.38,2.408e-22,17,23,swarm_regressed_working_set
ION6,IONIZATION,CHF3,CH+ + F2 + F,33.5,1,75.98,2.42e-22,17,23,swarm_regressed_working_set
ION6,IONIZATION,CHF3,CH+ + F2 + F,33.5,1,76.58,2.432e-22,17,23,swarm_regressed_working_set
ION6,IONIZATION,CHF3,CH+ + F2 + F,33.5,1,77.19,2.444e-22,17,23,swarm_regressed_working_set
ION6,IONIZATION,CHF3,CH+ + F2 + F,33.5,1,77.79,2.456e-22,17,23,swarm_regressed_working_set
ION6,IONIZATION,CHF3,CH+ + F2 + F,33.5,1,78.39,2.468e-22,17,23,swarm_regressed_working_set
ION6,IONIZATION,CHF3,CH+ + F2 + F,33.5,1,78.99,2.48e-22,17,23,swarm_regressed_working_set
ION6,IONIZATION,CHF3,CH+ + F2 + F,33.5,1,79.6,2.492e-22,17,23,swarm_regressed_working_set
ION6,IONIZATION,CHF3,CH+ + F2 + F,33.5,1,80.2,2.5e-22,17,23,swarm_regressed_working_set
ION6,IONIZATION,CHF3,CH+ + F2 + F,33.5,1,80.8,2.5e-22,17,23,swarm_regressed_working_set
ION6,IONIZATION,CHF3,CH+ + F2 + F,33.5,1,81.41,2.5e-22,17,23,swarm_regressed_working_set
ION6,IONIZATION,CHF3,CH+ + F2 + F,33.5,1,82.01,2.5e-22,17,23,swarm_regressed_working_set
ION6,IONIZATION,CHF3,CH+ + F2 + F,33.5,1,82.61,2.5e-22,17,23,swarm_regressed_working_set
ION6,IONIZATION,CHF3,CH+ + F2 + F,33.5,1,83.22,2.5e-22,17,23,swarm_regressed_working_set
ION6,IONIZATION,CHF3,CH+ + F2 + F,33.5,1,83.82,2.5e-22,17,23,swarm_regressed_working_set
ION6,IONIZATION,CHF3,CH+ + F2 + F,33.5,1,84.42,2.5e-22,17,23,swarm_regressed_working_set
ION6,IONIZATION,CHF3,CH+ + F2 + F,33.5,1,85.03,2.5e-22,17,23,swarm_regressed_working_set
ION6,IONIZATION,CHF3,CH+ + F2 + F,33.5,1,85.63,2.5e-22,17,23,swarm_regressed_working_set
ION6,IONIZATION,CHF3,CH+ + F2 + F,33.5,1,86.23,2.5e-22,17,23,swarm_regressed_working_set
ION6,IONIZATION,CHF3,CH+ + F2 + F,33.5,1,86.83,2.5e-22,17,23,swarm_regressed_working_set
ION6,IONIZATION,CHF3,CH+ + F2 + F,33.5,1,87.44,2.5e-22,17,23,swarm_regressed_working_set
ION6,IONIZATION,CHF3,CH+ + F2 + F,33.5,1,88.04,2.5e-22,17,23,swarm_regressed_working_set
ION6,IONIZATION,CHF3,CH+ + F2 + F,33.5,1,88.64,2.5e-22,17,23,swarm_regressed_working_set
ION6,IONIZATION,CHF3,CH+ + F2 + F,33.5,1,89.25,2.5e-22,17,23,swarm_regressed_working_set
ION6,IONIZATION,CHF3,CH+ + F2 + F,33.5,1,89.85,2.5e-22,17,23,swarm_regressed_working_set
ION6,IONIZATION,CHF3,CH+ + F2 + F,33.5,1,90.45,2.495e-22,17,23,swarm_regressed_working_set
ION6,IONIZATION,CHF3,CH+ + F2 + F,33.5,1,91.06,2.489e-22,17,23,swarm_regressed_working_set
ION6,IONIZATION,CHF3,CH+ + F2 + F,33.5,1,91.66,2.483e-22,17,23,swarm_regressed_working_set
ION6,IONIZATION,CHF3,CH+ + F2 + F,33.5,1,92.26,2.477e-22,17,23,swarm_regressed_working_set
ION6,IONIZATION,CHF3,CH+ + F2 + F,33.5,1,92.86,2.471e-22,17,23,swarm_regressed_working_set
ION6,IONIZATION,CHF3,CH+ + F2 + F,33.5,1,93.47,2.465e-22,17,23,swarm_regressed_working_set
ION6,IONIZATION,CHF3,CH+ + F2 + F,33.5,1,94.07,2.459e-22,17,23,swarm_regressed_working_set
ION6,IONIZATION,CHF3,CH+ + F2 + F,33.5,1,94.67,2.453e-22,17,23,swarm_regressed_working_set
ION6,IONIZATION,CHF3,CH+ + F2 + F,33.5,1,95.28,2.447e-22,17,23,swarm_regressed_working_set
ION6,IONIZATION,CHF3,CH+ + F2 + F,33.5,1,95.88,2.441e-22,17,23,swarm_regressed_working_set
ION6,IONIZATION,CHF3,CH+ + F2 + F,33.5,1,96.48,2.435e-22,17,23,swarm_regressed_working_set
ION6,IONIZATION,CHF3,CH+ + F2 + F,33.5,1,97.09,2.429e-22,17,23,swarm_regressed_working_set
ION6,IONIZATION,CHF3,CH+ + F2 + F,33.5,1,97.69,2.423e-22,17,23,swarm_regressed_working_set
ION6,IONIZATION,CHF3,CH+ + F2 + F,33.5,1,98.29,2.417e-22,17,23,swarm_regressed_working_set
ION6,IONIZATION,CHF3,CH+ + F2 + F,33.5,1,98.89,2.411e-22,17,23,swarm_regressed_working_set
ION6,IONIZATION,CHF3,CH+ + F2 + F,33.5,1,99.5,2.405e-22,17,23,swarm_regressed_working_set
ION6,IONIZATION,CHF3,CH+ + F2 + F,33.5,1,100.1,2.399e-22,17,23,swarm_regressed_working_set
ION6,IONIZATION,CHF3,CH+ + F2 + F,33.5,1,100.7,2.393e-22,17,23,swarm_regressed_working_set
ION6,IONIZATION,CHF3,CH+ + F2 + F,33.5,1,101.3,2.387e-22,17,23,swarm_regressed_working_set
ION6,IONIZATION,CHF3,CH+ + F2 + F,33.5,1,101.9,2.381e-22,17,23,swarm_regressed_working_set
ION6,IONIZATION,CHF3,CH+ + F2 + F,33.5,1,102.5,2.375e-22,17,23,swarm_regressed_working_set
ION6,IONIZATION,CHF3,CH+ + F2 + F,33.5,1,103.1,2.369e-22,17,23,swarm_regressed_working_set
ION6,IONIZATION,CHF3,CH+ + F2 + F,33.5,1,103.7,2.363e-22,17,23,swarm_regressed_working_set
ION6,IONIZATION,CHF3,CH+ + F2 + F,33.5,1,104.3,2.357e-22,17,23,swarm_regressed_working_set
ION6,IONIZATION,CHF3,CH+ + F2 + F,33.5,1,104.9,2.351e-22,17,23,swarm_regressed_working_set
ION6,IONIZATION,CHF3,CH+ + F2 + F,33.5,1,105.5,2.345e-22,17,23,swarm_regressed_working_set
ION6,IONIZATION,CHF3,CH+ + F2 + F,33.5,1,106.1,2.339e-22,17,23,swarm_regressed_working_set
ION6,IONIZATION,CHF3,CH+ + F2 + F,33.5,1,106.7,2.333e-22,17,23,swarm_regressed_working_set
ION6,IONIZATION,CHF3,CH+ + F2 + F,33.5,1,107.3,2.327e-22,17,23,swarm_regressed_working_set
ION6,IONIZATION,CHF3,CH+ + F2 + F,33.5,1,107.9,2.321e-22,17,23,swarm_regressed_working_set
ION6,IONIZATION,CHF3,CH+ + F2 + F,33.5,1,108.5,2.315e-22,17,23,swarm_regressed_working_set
ION6,IONIZATION,CHF3,CH+ + F2 + F,33.5,1,109.1,2.309e-22,17,23,swarm_regressed_working_set
ION6,IONIZATION,CHF3,CH+ + F2 + F,33.5,1,109.7,2.303e-22,17,23,swarm_regressed_working_set
ION6,IONIZATION,CHF3,CH+ + F2 + F,33.5,1,110.4,2.293e-22,17,23,swarm_regressed_working_set
ION6,IONIZATION,CHF3,CH+ + F2 + F,33.5,1,111,2.281e-22,17,23,swarm_regressed_working_set
ION6,IONIZATION,CHF3,CH+ + F2 + F,33.5,1,111.6,2.269e-22,17,23,swarm_regressed_working_set
ION6,IONIZATION,CHF3,CH+ + F2 + F,33.5,1,112.2,2.257e-22,17,23,swarm_regressed_working_set
ION6,IONIZATION,CHF3,CH+ + F2 + F,33.5,1,112.8,2.245e-22,17,23,swarm_regressed_working_set
ION6,IONIZATION,CHF3,CH+ + F2 + F,33.5,1,113.4,2.233e-22,17,23,swarm_regressed_working_set
ION6,IONIZATION,CHF3,CH+ + F2 + F,33.5,1,114,2.221e-22,17,23,swarm_regressed_working_set
ION6,IONIZATION,CHF3,CH+ + F2 + F,33.5,1,114.6,2.209e-22,17,23,swarm_regressed_working_set
ION6,IONIZATION,CHF3,CH+ + F2 + F,33.5,1,115.2,2.196e-22,17,23,swarm_regressed_working_set
ION6,IONIZATION,CHF3,CH+ + F2 + F,33.5,1,115.8,2.184e-22,17,23,swarm_regressed_working_set
ION6,IONIZATION,CHF3,CH+ + F2 + F,33.5,1,116.4,2.172e-22,17,23,swarm_regressed_working_set
ION6,IONIZATION,CHF3,CH+ + F2 + F,33.5,1,117,2.16e-22,17,23,swarm_regressed_working_set
ION6,IONIZATION,CHF3,CH+ + F2 + F,33.5,1,117.6,2.148e-22,17,23,swarm_regressed_working_set
ION6,IONIZATION,CHF3,CH+ + F2 + F,33.5,1,118.2,2.136e-22,17,23,swarm_regressed_working_set
ION6,IONIZATION,CHF3,CH+ + F2 + F,33.5,1,118.8,2.124e-22,17,23,swarm_regressed_working_set
ION6,IONIZATION,CHF3,CH+ + F2 + F,33.5,1,119.4,2.112e-22,17,23,swarm_regressed_working_set
ION6,IONIZATION,CHF3,CH+ + F2 + F,33.5,1,120,2.1e-22,17,23,swarm_regressed_working_set
ION7,IONIZATION,CHF3,F+ + CHF2,37,1,0,0,17,24,swarm_regressed_working_set
ION7,IONIZATION,CHF3,F+ + CHF2,37,1,0.603,0,17,24,swarm_regressed_working_set
ION7,IONIZATION,CHF3,F+ + CHF2,37,1,1.206,0,17,24,swarm_regressed_working_set
ION7,IONIZATION,CHF3,F+ + CHF2,37,1,1.809,0,17,24,swarm_regressed_working_set
ION7,IONIZATION,CHF3,F+ + CHF2,37,1,2.412,0,17,24,swarm_regressed_working_set
ION7,IONIZATION,CHF3,F+ + CHF2,37,1,3.015,0,17,24,swarm_regressed_working_set
ION7,IONIZATION,CHF3,F+ + CHF2,37,1,3.618,0,17,24,swarm_regressed_working_set
ION7,IONIZATION,CHF3,F+ + CHF2,37,1,4.221,0,17,24,swarm_regressed_working_set
ION7,IONIZATION,CHF3,F+ + CHF2,37,1,4.824,0,17,24,swarm_regressed_working_set
ION7,IONIZATION,CHF3,F+ + CHF2,37,1,5.427,0,17,24,swarm_regressed_working_set
ION7,IONIZATION,CHF3,F+ + CHF2,37,1,6.03,0,17,24,swarm_regressed_working_set
ION7,IONIZATION,CHF3,F+ + CHF2,37,1,6.633,0,17,24,swarm_regressed_working_set
ION7,IONIZATION,CHF3,F+ + CHF2,37,1,7.236,0,17,24,swarm_regressed_working_set
ION7,IONIZATION,CHF3,F+ + CHF2,37,1,7.839,0,17,24,swarm_regressed_working_set
ION7,IONIZATION,CHF3,F+ + CHF2,37,1,8.442,0,17,24,swarm_regressed_working_set
ION7,IONIZATION,CHF3,F+ + CHF2,37,1,9.045,0,17,24,swarm_regressed_working_set
ION7,IONIZATION,CHF3,F+ + CHF2,37,1,9.648,0,17,24,swarm_regressed_working_set
ION7,IONIZATION,CHF3,F+ + CHF2,37,1,10.25,0,17,24,swarm_regressed_working_set
ION7,IONIZATION,CHF3,F+ + CHF2,37,1,10.85,0,17,24,swarm_regressed_working_set
ION7,IONIZATION,CHF3,F+ + CHF2,37,1,11.46,0,17,24,swarm_regressed_working_set
ION7,IONIZATION,CHF3,F+ + CHF2,37,1,12.06,0,17,24,swarm_regressed_working_set
ION7,IONIZATION,CHF3,F+ + CHF2,37,1,12.66,0,17,24,swarm_regressed_working_set
ION7,IONIZATION,CHF3,F+ + CHF2,37,1,13.27,0,17,24,swarm_regressed_working_set
ION7,IONIZATION,CHF3,F+ + CHF2,37,1,13.87,0,17,24,swarm_regressed_working_set
ION7,IONIZATION,CHF3,F+ + CHF2,37,1,14.47,0,17,24,swarm_regressed_working_set
ION7,IONIZATION,CHF3,F+ + CHF2,37,1,15.08,0,17,24,swarm_regressed_working_set
ION7,IONIZATION,CHF3,F+ + CHF2,37,1,15.68,0,17,24,swarm_regressed_working_set
ION7,IONIZATION,CHF3,F+ + CHF2,37,1,16.28,0,17,24,swarm_regressed_working_set
ION7,IONIZATION,CHF3,F+ + CHF2,37,1,16.88,0,17,24,swarm_regressed_working_set
ION7,IONIZATION,CHF3,F+ + CHF2,37,1,17.49,0,17,24,swarm_regressed_working_set
ION7,IONIZATION,CHF3,F+ + CHF2,37,1,18.09,0,17,24,swarm_regressed_working_set
ION7,IONIZATION,CHF3,F+ + CHF2,37,1,18.69,0,17,24,swarm_regressed_working_set
ION7,IONIZATION,CHF3,F+ + CHF2,37,1,19.3,0,17,24,swarm_regressed_working_set
ION7,IONIZATION,CHF3,F+ + CHF2,37,1,19.9,0,17,24,swarm_regressed_working_set
ION7,IONIZATION,CHF3,F+ + CHF2,37,1,20.5,0,17,24,swarm_regressed_working_set
ION7,IONIZATION,CHF3,F+ + CHF2,37,1,21.11,0,17,24,swarm_regressed_working_set
ION7,IONIZATION,CHF3,F+ + CHF2,37,1,21.71,0,17,24,swarm_regressed_working_set
ION7,IONIZATION,CHF3,F+ + CHF2,37,1,22.31,0,17,24,swarm_regressed_working_set
ION7,IONIZATION,CHF3,F+ + CHF2,37,1,22.91,0,17,24,swarm_regressed_working_set
ION7,IONIZATION,CHF3,F+ + CHF2,37,1,23.52,0,17,24,swarm_regressed_working_set
ION7,IONIZATION,CHF3,F+ + CHF2,37,1,24.12,0,17,24,swarm_regressed_working_set
ION7,IONIZATION,CHF3,F+ + CHF2,37,1,24.72,0,17,24,swarm_regressed_working_set
ION7,IONIZATION,CHF3,F+ + CHF2,37,1,25.33,0,17,24,swarm_regressed_working_set
ION7,IONIZATION,CHF3,F+ + CHF2,37,1,25.93,0,17,24,swarm_regressed_working_set
ION7,IONIZATION,CHF3,F+ + CHF2,37,1,26.53,0,17,24,swarm_regressed_working_set
ION7,IONIZATION,CHF3,F+ + CHF2,37,1,27.14,0,17,24,swarm_regressed_working_set
ION7,IONIZATION,CHF3,F+ + CHF2,37,1,27.74,0,17,24,swarm_regressed_working_set
ION7,IONIZATION,CHF3,F+ + CHF2,37,1,28.34,0,17,24,swarm_regressed_working_set
ION7,IONIZATION,CHF3,F+ + CHF2,37,1,28.94,0,17,24,swarm_regressed_working_set
ION7,IONIZATION,CHF3,F+ + CHF2,37,1,29.55,0,17,24,swarm_regressed_working_set
ION7,IONIZATION,CHF3,F+ + CHF2,37,1,30.15,0,17,24,swarm_regressed_working_set
ION7,IONIZATION,CHF3,F+ + CHF2,37,1,30.75,0,17,24,swarm_regressed_working_set
ION7,IONIZATION,CHF3,F+ + CHF2,37,1,31.36,0,17,24,swarm_regressed_working_set
ION7,IONIZATION,CHF3,F+ + CHF2,37,1,31.96,0,17,24,swarm_regressed_working_set
ION7,IONIZATION,CHF3,F+ + CHF2,37,1,32.56,0,17,24,swarm_regressed_working_set
ION7,IONIZATION,CHF3,F+ + CHF2,37,1,33.17,0,17,24,swarm_regressed_working_set
ION7,IONIZATION,CHF3,F+ + CHF2,37,1,33.77,0,17,24,swarm_regressed_working_set
ION7,IONIZATION,CHF3,F+ + CHF2,37,1,34.37,0,17,24,swarm_regressed_working_set
ION7,IONIZATION,CHF3,F+ + CHF2,37,1,34.97,0,17,24,swarm_regressed_working_set
ION7,IONIZATION,CHF3,F+ + CHF2,37,1,35.58,0,17,24,swarm_regressed_working_set
ION7,IONIZATION,CHF3,F+ + CHF2,37,1,36.18,0,17,24,swarm_regressed_working_set
ION7,IONIZATION,CHF3,F+ + CHF2,37,1,36.78,0,17,24,swarm_regressed_working_set
ION7,IONIZATION,CHF3,F+ + CHF2,37,1,37.39,7.739e-24,17,24,swarm_regressed_working_set
ION7,IONIZATION,CHF3,F+ + CHF2,37,1,37.99,1.98e-23,17,24,swarm_regressed_working_set
ION7,IONIZATION,CHF3,F+ + CHF2,37,1,38.59,3.186e-23,17,24,swarm_regressed_working_set
ION7,IONIZATION,CHF3,F+ + CHF2,37,1,39.2,4.392e-23,17,24,swarm_regressed_working_set
ION7,IONIZATION,CHF3,F+ + CHF2,37,1,39.8,5.598e-23,17,24,swarm_regressed_working_set
ION7,IONIZATION,CHF3,F+ + CHF2,37,1,40.4,7.367e-23,17,24,swarm_regressed_working_set
ION7,IONIZATION,CHF3,F+ + CHF2,37,1,41.01,9.417e-23,17,24,swarm_regressed_working_set
ION7,IONIZATION,CHF3,F+ + CHF2,37,1,41.61,1.147e-22,17,24,swarm_regressed_working_set
ION7,IONIZATION,CHF3,F+ + CHF2,37,1,42.21,1.352e-22,17,24,swarm_regressed_working_set
ION7,IONIZATION,CHF3,F+ + CHF2,37,1,42.81,1.557e-22,17,24,swarm_regressed_working_set
ION7,IONIZATION,CHF3,F+ + CHF2,37,1,43.42,1.762e-22,17,24,swarm_regressed_working_set
ION7,IONIZATION,CHF3,F+ + CHF2,37,1,44.02,1.967e-22,17,24,swarm_regressed_working_set
ION7,IONIZATION,CHF3,F+ + CHF2,37,1,44.62,2.172e-22,17,24,swarm_regressed_working_set
ION7,IONIZATION,CHF3,F+ + CHF2,37,1,45.23,2.39e-22,17,24,swarm_regressed_working_set
ION7,IONIZATION,CHF3,F+ + CHF2,37,1,45.83,2.632e-22,17,24,swarm_regressed_working_set
ION7,IONIZATION,CHF3,F+ + CHF2,37,1,46.43,2.873e-22,17,24,swarm_regressed_working_set
ION7,IONIZATION,CHF3,F+ + CHF2,37,1,47.04,3.114e-22,17,24,swarm_regressed_working_set
ION7,IONIZATION,CHF3,F+ + CHF2,37,1,47.64,3.355e-22,17,24,swarm_regressed_working_set
ION7,IONIZATION,CHF3,F+ + CHF2,37,1,48.24,3.596e-22,17,24,swarm_regressed_working_set
ION7,IONIZATION,CHF3,F+ + CHF2,37,1,48.84,3.838e-22,17,24,swarm_regressed_working_set
ION7,IONIZATION,CHF3,F+ + CHF2,37,1,49.45,4.079e-22,17,24,swarm_regressed_working_set
ION7,IONIZATION,CHF3,F+ + CHF2,37,1,50.05,4.316e-22,17,24,swarm_regressed_working_set
ION7,IONIZATION,CHF3,F+ + CHF2,37,1,50.65,4.503e-22,17,24,swarm_regressed_working_set
ION7,IONIZATION,CHF3,F+ + CHF2,37,1,51.26,4.689e-22,17,24,swarm_regressed_working_set
ION7,IONIZATION,CHF3,F+ + CHF2,37,1,51.86,4.876e-22,17,24,swarm_regressed_working_set
ION7,IONIZATION,CHF3,F+ + CHF2,37,1,52.46,5.063e-22,17,24,swarm_regressed_working_set
ION7,IONIZATION,CHF3,F+ + CHF2,37,1,53.07,5.25e-22,17,24,swarm_regressed_working_set
ION7,IONIZATION,CHF3,F+ + CHF2,37,1,53.67,5.437e-22,17,24,swarm_regressed_working_set
ION7,IONIZATION,CHF3,F+ + CHF2,37,1,54.27,5.624e-22,17,24,swarm_regressed_working_set
ION7,IONIZATION,CHF3,F+ + CHF2,37,1,54.87,5.811e-22,17,24,swarm_regressed_working_set
ION7,IONIZATION,CHF3,F+ + CHF2,37,1,55.48,5.998e-22,17,24,swarm_regressed_working_set
ION7,IONIZATION,CHF3,F+ + CHF2,37,1,56.08,6.185e-22,17,24,swarm_regressed_working_set
ION7,IONIZATION,CHF3,F+ + CHF2,37,1,56.68,6.372e-22,17,24,swarm_regressed_working_set
ION7,IONIZATION,CHF3,F+ + CHF2,37,1,57.29,6.559e-22,17,24,swarm_regressed_working_set
ION7,IONIZATION,CHF3,F+ + CHF2,37,1,57.89,6.746e-22,17,24,swarm_regressed_working_set
ION7,IONIZATION,CHF3,F+ + CHF2,37,1,58.49,6.933e-22,17,24,swarm_regressed_working_set
ION7,IONIZATION,CHF3,F+ + CHF2,37,1,59.1,7.12e-22,17,24,swarm_regressed_working_set
ION7,IONIZATION,CHF3,F+ + CHF2,37,1,59.7,7.307e-22,17,24,swarm_regressed_working_set
ION7,IONIZATION,CHF3,F+ + CHF2,37,1,60.3,7.49e-22,17,24,swarm_regressed_working_set
ION7,IONIZATION,CHF3,F+ + CHF2,37,1,60.9,7.671e-22,17,24,swarm_regressed_working_set
ION7,IONIZATION,CHF3,F+ + CHF2,37,1,61.51,7.852e-22,17,24,swarm_regressed_working_set
ION7,IONIZATION,CHF3,F+ + CHF2,37,1,62.11,8.033e-22,17,24,swarm_regressed_working_set
ION7,IONIZATION,CHF3,F+ + CHF2,37,1,62.71,8.214e-22,17,24,swarm_regressed_working_set
ION7,IONIZATION,CHF3,F+ + CHF2,37,1,63.32,8.395e-22,17,24,swarm_regressed_working_set
ION7,IONIZATION,CHF3,F+ + CHF2,37,1,63.92,8.576e-22,17,24,swarm_regressed_working_set
ION7,IONIZATION,CHF3,F+ + CHF2,37,1,64.52,8.757e-22,17,24,swarm_regressed_working_set
ION7,IONIZATION,CHF3,F+ + CHF2,37,1,65.13,8.938e-22,17,24,swarm_regressed_working_set
ION7,IONIZATION,CHF3,F+ + CHF2,37,1,65.73,9.119e-22,17,24,swarm_regressed_working_set
ION7,IONIZATION,CHF3,F+ + CHF2,37,1,66.33,9.299e-22,17,24,swarm_regressed_working_set
ION7,IONIZATION,CHF3,F+ + CHF2,37,1,66.93,9.48e-22,17,24,swarm_regressed_working_set
ION7,IONIZATION,CHF3,F+ + CHF2,37,1,67.54,9.661e-22,17,24,swarm_regressed_working_set
ION7,IONIZATION,CHF3,F+ + CHF2,37,1,68.14,9.842e-22,17,24,swarm_regressed_working_set
ION7,IONIZATION,CHF3,F+ + CHF2,37,1,68.74,1.002e-21,17,24,swarm_regressed_working_set
ION7,IONIZATION,CHF3,F+ + CHF2,37,1,69.35,1.02e-21,17,24,swarm_regressed_working_set
ION7,IONIZATION,CHF3,F+ + CHF2,37,1,69.95,1.038e-21,17,24,swarm_regressed_working_set
ION7,IONIZATION,CHF3,F+ + CHF2,37,1,70.55,1.048e-21,17,24,swarm_regressed_working_set
ION7,IONIZATION,CHF3,F+ + CHF2,37,1,71.16,1.057e-21,17,24,swarm_regressed_working_set
ION7,IONIZATION,CHF3,F+ + CHF2,37,1,71.76,1.066e-21,17,24,swarm_regressed_working_set
ION7,IONIZATION,CHF3,F+ + CHF2,37,1,72.36,1.075e-21,17,24,swarm_regressed_working_set
ION7,IONIZATION,CHF3,F+ + CHF2,37,1,72.96,1.084e-21,17,24,swarm_regressed_working_set
ION7,IONIZATION,CHF3,F+ + CHF2,37,1,73.57,1.094e-21,17,24,swarm_regressed_working_set
ION7,IONIZATION,CHF3,F+ + CHF2,37,1,74.17,1.103e-21,17,24,swarm_regressed_working_set
ION7,IONIZATION,CHF3,F+ + CHF2,37,1,74.77,1.112e-21,17,24,swarm_regressed_working_set
ION7,IONIZATION,CHF3,F+ + CHF2,37,1,75.38,1.121e-21,17,24,swarm_regressed_working_set
ION7,IONIZATION,CHF3,F+ + CHF2,37,1,75.98,1.13e-21,17,24,swarm_regressed_working_set
ION7,IONIZATION,CHF3,F+ + CHF2,37,1,76.58,1.139e-21,17,24,swarm_regressed_working_set
ION7,IONIZATION,CHF3,F+ + CHF2,37,1,77.19,1.148e-21,17,24,swarm_regressed_working_set
ION7,IONIZATION,CHF3,F+ + CHF2,37,1,77.79,1.157e-21,17,24,swarm_regressed_working_set
ION7,IONIZATION,CHF3,F+ + CHF2,37,1,78.39,1.166e-21,17,24,swarm_regressed_working_set
ION7,IONIZATION,CHF3,F+ + CHF2,37,1,78.99,1.175e-21,17,24,swarm_regressed_working_set
ION7,IONIZATION,CHF3,F+ + CHF2,37,1,79.6,1.184e-21,17,24,swarm_regressed_working_set
ION7,IONIZATION,CHF3,F+ + CHF2,37,1,80.2,1.193e-21,17,24,swarm_regressed_working_set
ION7,IONIZATION,CHF3,F+ + CHF2,37,1,80.8,1.2e-21,17,24,swarm_regressed_working_set
ION7,IONIZATION,CHF3,F+ + CHF2,37,1,81.41,1.208e-21,17,24,swarm_regressed_working_set
ION7,IONIZATION,CHF3,F+ + CHF2,37,1,82.01,1.216e-21,17,24,swarm_regressed_working_set
ION7,IONIZATION,CHF3,F+ + CHF2,37,1,82.61,1.224e-21,17,24,swarm_regressed_working_set
ION7,IONIZATION,CHF3,F+ + CHF2,37,1,83.22,1.232e-21,17,24,swarm_regressed_working_set
ION7,IONIZATION,CHF3,F+ + CHF2,37,1,83.82,1.24e-21,17,24,swarm_regressed_working_set
ION7,IONIZATION,CHF3,F+ + CHF2,37,1,84.42,1.247e-21,17,24,swarm_regressed_working_set
ION7,IONIZATION,CHF3,F+ + CHF2,37,1,85.03,1.255e-21,17,24,swarm_regressed_working_set
ION7,IONIZATION,CHF3,F+ + CHF2,37,1,85.63,1.263e-21,17,24,swarm_regressed_working_set
ION7,IONIZATION,CHF3,F+ + CHF2,37,1,86.23,1.271e-21,17,24,swarm_regressed_working_set
ION7,IONIZATION,CHF3,F+ + CHF2,37,1,86.83,1.279e-21,17,24,swarm_regressed_working_set
ION7,IONIZATION,CHF3,F+ + CHF2,37,1,87.44,1.287e-21,17,24,swarm_regressed_working_set
ION7,IONIZATION,CHF3,F+ + CHF2,37,1,88.04,1.295e-21,17,24,swarm_regressed_working_set
ION7,IONIZATION,CHF3,F+ + CHF2,37,1,88.64,1.302e-21,17,24,swarm_regressed_working_set
ION7,IONIZATION,CHF3,F+ + CHF2,37,1,89.25,1.31e-21,17,24,swarm_regressed_working_set
ION7,IONIZATION,CHF3,F+ + CHF2,37,1,89.85,1.318e-21,17,24,swarm_regressed_working_set
ION7,IONIZATION,CHF3,F+ + CHF2,37,1,90.45,1.325e-21,17,24,swarm_regressed_working_set
ION7,IONIZATION,CHF3,F+ + CHF2,37,1,91.06,1.331e-21,17,24,swarm_regressed_working_set
ION7,IONIZATION,CHF3,F+ + CHF2,37,1,91.66,1.337e-21,17,24,swarm_regressed_working_set
ION7,IONIZATION,CHF3,F+ + CHF2,37,1,92.26,1.343e-21,17,24,swarm_regressed_working_set
ION7,IONIZATION,CHF3,F+ + CHF2,37,1,92.86,1.349e-21,17,24,swarm_regressed_working_set
ION7,IONIZATION,CHF3,F+ + CHF2,37,1,93.47,1.355e-21,17,24,swarm_regressed_working_set
ION7,IONIZATION,CHF3,F+ + CHF2,37,1,94.07,1.361e-21,17,24,swarm_regressed_working_set
ION7,IONIZATION,CHF3,F+ + CHF2,37,1,94.67,1.367e-21,17,24,swarm_regressed_working_set
ION7,IONIZATION,CHF3,F+ + CHF2,37,1,95.28,1.373e-21,17,24,swarm_regressed_working_set
ION7,IONIZATION,CHF3,F+ + CHF2,37,1,95.88,1.379e-21,17,24,swarm_regressed_working_set
ION7,IONIZATION,CHF3,F+ + CHF2,37,1,96.48,1.385e-21,17,24,swarm_regressed_working_set
ION7,IONIZATION,CHF3,F+ + CHF2,37,1,97.09,1.391e-21,17,24,swarm_regressed_working_set
ION7,IONIZATION,CHF3,F+ + CHF2,37,1,97.69,1.397e-21,17,24,swarm_regressed_working_set
ION7,IONIZATION,CHF3,F+ + CHF2,37,1,98.29,1.403e-21,17,24,swarm_regressed_working_set
ION7,IONIZATION,CHF3,F+ + CHF2,37,1,98.89,1.409e-21,17,24,swarm_regressed_working_set
ION7,IONIZATION,CHF3,F+ + CHF2,37,1,99.5,1.415e-21,17,24,swarm_regressed_working_set
ION7,IONIZATION,CHF3,F+ + CHF2,37,1,100.1,1.421e-21,17,24,swarm_regressed_working_set
ION7,IONIZATION,CHF3,F+ + CHF2,37,1,100.7,1.424e-21,17,24,swarm_regressed_working_set
ION7,IONIZATION,CHF3,F+ + CHF2,37,1,101.3,1.428e-21,17,24,swarm_regressed_working_set
ION7,IONIZATION,CHF3,F+ + CHF2,37,1,101.9,1.431e-21,17,24,swarm_regressed_working_set
ION7,IONIZATION,CHF3,F+ + CHF2,37,1,102.5,1.435e-21,17,24,swarm_regressed_working_set
ION7,IONIZATION,CHF3,F+ + CHF2,37,1,103.1,1.439e-21,17,24,swarm_regressed_working_set
ION7,IONIZATION,CHF3,F+ + CHF2,37,1,103.7,1.442e-21,17,24,swarm_regressed_working_set
ION7,IONIZATION,CHF3,F+ + CHF2,37,1,104.3,1.446e-21,17,24,swarm_regressed_working_set
ION7,IONIZATION,CHF3,F+ + CHF2,37,1,104.9,1.45e-21,17,24,swarm_regressed_working_set
ION7,IONIZATION,CHF3,F+ + CHF2,37,1,105.5,1.453e-21,17,24,swarm_regressed_working_set
ION7,IONIZATION,CHF3,F+ + CHF2,37,1,106.1,1.457e-21,17,24,swarm_regressed_working_set
ION7,IONIZATION,CHF3,F+ + CHF2,37,1,106.7,1.46e-21,17,24,swarm_regressed_working_set
ION7,IONIZATION,CHF3,F+ + CHF2,37,1,107.3,1.464e-21,17,24,swarm_regressed_working_set
ION7,IONIZATION,CHF3,F+ + CHF2,37,1,107.9,1.468e-21,17,24,swarm_regressed_working_set
ION7,IONIZATION,CHF3,F+ + CHF2,37,1,108.5,1.471e-21,17,24,swarm_regressed_working_set
ION7,IONIZATION,CHF3,F+ + CHF2,37,1,109.1,1.475e-21,17,24,swarm_regressed_working_set
ION7,IONIZATION,CHF3,F+ + CHF2,37,1,109.7,1.478e-21,17,24,swarm_regressed_working_set
ION7,IONIZATION,CHF3,F+ + CHF2,37,1,110.4,1.481e-21,17,24,swarm_regressed_working_set
ION7,IONIZATION,CHF3,F+ + CHF2,37,1,111,1.483e-21,17,24,swarm_regressed_working_set
ION7,IONIZATION,CHF3,F+ + CHF2,37,1,111.6,1.485e-21,17,24,swarm_regressed_working_set
ION7,IONIZATION,CHF3,F+ + CHF2,37,1,112.2,1.486e-21,17,24,swarm_regressed_working_set
ION7,IONIZATION,CHF3,F+ + CHF2,37,1,112.8,1.488e-21,17,24,swarm_regressed_working_set
ION7,IONIZATION,CHF3,F+ + CHF2,37,1,113.4,1.49e-21,17,24,swarm_regressed_working_set
ION7,IONIZATION,CHF3,F+ + CHF2,37,1,114,1.492e-21,17,24,swarm_regressed_working_set
ION7,IONIZATION,CHF3,F+ + CHF2,37,1,114.6,1.494e-21,17,24,swarm_regressed_working_set
ION7,IONIZATION,CHF3,F+ + CHF2,37,1,115.2,1.496e-21,17,24,swarm_regressed_working_set
ION7,IONIZATION,CHF3,F+ + CHF2,37,1,115.8,1.497e-21,17,24,swarm_regressed_working_set
ION7,IONIZATION,CHF3,F+ + CHF2,37,1,116.4,1.499e-21,17,24,swarm_regressed_working_set
ION7,IONIZATION,CHF3,F+ + CHF2,37,1,117,1.501e-21,17,24,swarm_regressed_working_set
ION7,IONIZATION,CHF3,F+ + CHF2,37,1,117.6,1.503e-21,17,24,swarm_regressed_working_set
ION7,IONIZATION,CHF3,F+ + CHF2,37,1,118.2,1.505e-21,17,24,swarm_regressed_working_set
ION7,IONIZATION,CHF3,F+ + CHF2,37,1,118.8,1.506e-21,17,24,swarm_regressed_working_set
ION7,IONIZATION,CHF3,F+ + CHF2,37,1,119.4,1.508e-21,17,24,swarm_regressed_working_set
ION7,IONIZATION,CHF3,F+ + CHF2,37,1,120,1.51e-21,17,24,swarm_regressed_working_set
ATT1,ATTACHMENT,CHF3,CHF2 + F-,0,-1,0,0,26,27,swarm_regressed_working_set
ATT1,ATTACHMENT,CHF3,CHF2 + F-,0,-1,0.11055,6.374e-26,26,27,swarm_regressed_working_set
ATT1,ATTACHMENT,CHF3,CHF2 + F-,0,-1,0.22111,1.8011e-25,26,27,swarm_regressed_working_set
ATT1,ATTACHMENT,CHF3,CHF2 + F-,0,-1,0.33166,2.9648e-25,26,27,swarm_regressed_working_set
ATT1,ATTACHMENT,CHF3,CHF2 + F-,0,-1,0.44221,4.1285e-25,26,27,swarm_regressed_working_set
ATT1,ATTACHMENT,CHF3,CHF2 + F-,0,-1,0.55276,5.2923e-25,26,27,swarm_regressed_working_set
ATT1,ATTACHMENT,CHF3,CHF2 + F-,0,-1,0.66332,6.456e-25,26,27,swarm_regressed_working_set
ATT1,ATTACHMENT,CHF3,CHF2 + F-,0,-1,0.77387,7.6197e-25,26,27,swarm_regressed_working_set
ATT1,ATTACHMENT,CHF3,CHF2 + F-,0,-1,0.88442,8.7834e-25,26,27,swarm_regressed_working_set
ATT1,ATTACHMENT,CHF3,CHF2 + F-,0,-1,0.99497,9.9471e-25,26,27,swarm_regressed_working_set
ATT1,ATTACHMENT,CHF3,CHF2 + F-,0,-1,1.1055,9.3405e-25,26,27,swarm_regressed_working_set
ATT1,ATTACHMENT,CHF3,CHF2 + F-,0,-1,1.2161,8.6495e-25,26,27,swarm_regressed_working_set
ATT1,ATTACHMENT,CHF3,CHF2 + F-,0,-1,1.3266,7.9585e-25,26,27,swarm_regressed_working_set
ATT1,ATTACHMENT,CHF3,CHF2 + F-,0,-1,1.4372,7.2676e-25,26,27,swarm_regressed_working_set
ATT1,ATTACHMENT,CHF3,CHF2 + F-,0,-1,1.5477,6.5766e-25,26,27,swarm_regressed_working_set
ATT1,ATTACHMENT,CHF3,CHF2 + F-,0,-1,1.6583,5.8857e-25,26,27,swarm_regressed_working_set
ATT1,ATTACHMENT,CHF3,CHF2 + F-,0,-1,1.7688,5.1947e-25,26,27,swarm_regressed_working_set
ATT1,ATTACHMENT,CHF3,CHF2 + F-,0,-1,1.8794,4.5038e-25,26,27,swarm_regressed_working_set
ATT1,ATTACHMENT,CHF3,CHF2 + F-,0,-1,1.9899,3.8128e-25,26,27,swarm_regressed_working_set
ATT1,ATTACHMENT,CHF3,CHF2 + F-,0,-1,2.1005,3.1219e-25,26,27,swarm_regressed_working_set
ATT1,ATTACHMENT,CHF3,CHF2 + F-,0,-1,2.2111,2.5768e-25,26,27,swarm_regressed_working_set
ATT1,ATTACHMENT,CHF3,CHF2 + F-,0,-1,2.3216,3.3445e-25,26,27,swarm_regressed_working_set
ATT1,ATTACHMENT,CHF3,CHF2 + F-,0,-1,2.4322,4.1122e-25,26,27,swarm_regressed_working_set
ATT1,ATTACHMENT,CHF3,CHF2 + F-,0,-1,2.5427,4.88e-25,26,27,swarm_regressed_working_set
ATT1,ATTACHMENT,CHF3,CHF2 + F-,0,-1,2.6533,5.6477e-25,26,27,swarm_regressed_working_set
ATT1,ATTACHMENT,CHF3,CHF2 + F-,0,-1,2.7638,6.4154e-25,26,27,swarm_regressed_working_set
ATT1,ATTACHMENT,CHF3,CHF2 + F-,0,-1,2.8744,7.1831e-25,26,27,swarm_regressed_working_set
ATT1,ATTACHMENT,CHF3,CHF2 + F-,0,-1,2.9849,7.9509e-25,26,27,swarm_regressed_working_set
ATT1,ATTACHMENT,CHF3,CHF2 + F-,0,-1,3.0955,8.7186e-25,26,27,swarm_regressed_working_set
ATT1,ATTACHMENT,CHF3,CHF2 + F-,0,-1,3.206,9.4863e-25,26,27,swarm_regressed_working_set
ATT1,ATTACHMENT,CHF3,CHF2 + F-,0,-1,3.3166,1.0254e-24,26,27,swarm_regressed_working_set
ATT1,ATTACHMENT,CHF3,CHF2 + F-,0,-1,3.4271,1.1022e-24,26,27,swarm_regressed_working_set
ATT1,ATTACHMENT,CHF3,CHF2 + F-,0,-1,3.5377,1.179e-24,26,27,swarm_regressed_working_set
ATT1,ATTACHMENT,CHF3,CHF2 + F-,0,-1,3.6482,1.2557e-24,26,27,swarm_regressed_working_set
ATT1,ATTACHMENT,CHF3,CHF2 + F-,0,-1,3.7588,1.3325e-24,26,27,swarm_regressed_working_set
ATT1,ATTACHMENT,CHF3,CHF2 + F-,0,-1,3.8693,1.4093e-24,26,27,swarm_regressed_working_set
ATT1,ATTACHMENT,CHF3,CHF2 + F-,0,-1,3.9799,1.486e-24,26,27,swarm_regressed_working_set
ATT1,ATTACHMENT,CHF3,CHF2 + F-,0,-1,4.0905,1.5e-24,26,27,swarm_regressed_working_set
ATT1,ATTACHMENT,CHF3,CHF2 + F-,0,-1,4.201,1.5e-24,26,27,swarm_regressed_working_set
ATT1,ATTACHMENT,CHF3,CHF2 + F-,0,-1,4.3116,1.5e-24,26,27,swarm_regressed_working_set
ATT1,ATTACHMENT,CHF3,CHF2 + F-,0,-1,4.4221,1.5e-24,26,27,swarm_regressed_working_set
ATT1,ATTACHMENT,CHF3,CHF2 + F-,0,-1,4.5327,1.5e-24,26,27,swarm_regressed_working_set
ATT1,ATTACHMENT,CHF3,CHF2 + F-,0,-1,4.6432,1.5e-24,26,27,swarm_regressed_working_set
ATT1,ATTACHMENT,CHF3,CHF2 + F-,0,-1,4.7538,1.5e-24,26,27,swarm_regressed_working_set
ATT1,ATTACHMENT,CHF3,CHF2 + F-,0,-1,4.8643,1.5e-24,26,27,swarm_regressed_working_set
ATT1,ATTACHMENT,CHF3,CHF2 + F-,0,-1,4.9749,1.5e-24,26,27,swarm_regressed_working_set
ATT1,ATTACHMENT,CHF3,CHF2 + F-,0,-1,5.0854,1.5e-24,26,27,swarm_regressed_working_set
ATT1,ATTACHMENT,CHF3,CHF2 + F-,0,-1,5.196,1.5e-24,26,27,swarm_regressed_working_set
ATT1,ATTACHMENT,CHF3,CHF2 + F-,0,-1,5.3065,1.5e-24,26,27,swarm_regressed_working_set
ATT1,ATTACHMENT,CHF3,CHF2 + F-,0,-1,5.4171,1.5e-24,26,27,swarm_regressed_working_set
ATT1,ATTACHMENT,CHF3,CHF2 + F-,0,-1,5.5276,1.5e-24,26,27,swarm_regressed_working_set
ATT1,ATTACHMENT,CHF3,CHF2 + F-,0,-1,5.6382,1.5e-24,26,27,swarm_regressed_working_set
ATT1,ATTACHMENT,CHF3,CHF2 + F-,0,-1,5.7487,1.5e-24,26,27,swarm_regressed_working_set
ATT1,ATTACHMENT,CHF3,CHF2 + F-,0,-1,5.8593,1.5e-24,26,27,swarm_regressed_working_set
ATT1,ATTACHMENT,CHF3,CHF2 + F-,0,-1,5.9698,1.5e-24,26,27,swarm_regressed_working_set
ATT1,ATTACHMENT,CHF3,CHF2 + F-,0,-1,6.0804,1.4397e-24,26,27,swarm_regressed_working_set
ATT1,ATTACHMENT,CHF3,CHF2 + F-,0,-1,6.191,1.3568e-24,26,27,swarm_regressed_working_set
ATT1,ATTACHMENT,CHF3,CHF2 + F-,0,-1,6.3015,1.2739e-24,26,27,swarm_regressed_working_set
ATT1,ATTACHMENT,CHF3,CHF2 + F-,0,-1,6.4121,1.191e-24,26,27,swarm_regressed_working_set
ATT1,ATTACHMENT,CHF3,CHF2 + F-,0,-1,6.5226,1.108e-24,26,27,swarm_regressed_working_set
ATT1,ATTACHMENT,CHF3,CHF2 + F-,0,-1,6.6332,1.0251e-24,26,27,swarm_regressed_working_set
ATT1,ATTACHMENT,CHF3,CHF2 + F-,0,-1,6.7437,9.4221e-25,26,27,swarm_regressed_working_set
ATT1,ATTACHMENT,CHF3,CHF2 + F-,0,-1,6.8543,8.593e-25,26,27,swarm_regressed_working_set
ATT1,ATTACHMENT,CHF3,CHF2 + F-,0,-1,6.9648,7.7638e-25,26,27,swarm_regressed_working_set
ATT1,ATTACHMENT,CHF3,CHF2 + F-,0,-1,7.0754,7.3116e-25,26,27,swarm_regressed_working_set
ATT1,ATTACHMENT,CHF3,CHF2 + F-,0,-1,7.1859,7.0352e-25,26,27,swarm_regressed_working_set
ATT1,ATTACHMENT,CHF3,CHF2 + F-,0,-1,7.2965,6.7588e-25,26,27,swarm_regressed_working_set
ATT1,ATTACHMENT,CHF3,CHF2 + F-,0,-1,7.407,6.4824e-25,26,27,swarm_regressed_working_set
ATT1,ATTACHMENT,CHF3,CHF2 + F-,0,-1,7.5176,6.206e-25,26,27,swarm_regressed_working_set
ATT1,ATTACHMENT,CHF3,CHF2 + F-,0,-1,7.6281,5.9296e-25,26,27,swarm_regressed_working_set
ATT1,ATTACHMENT,CHF3,CHF2 + F-,0,-1,7.7387,5.6533e-25,26,27,swarm_regressed_working_set
ATT1,ATTACHMENT,CHF3,CHF2 + F-,0,-1,7.8492,5.3769e-25,26,27,swarm_regressed_working_set
ATT1,ATTACHMENT,CHF3,CHF2 + F-,0,-1,7.9598,5.1005e-25,26,27,swarm_regressed_working_set
ATT1,ATTACHMENT,CHF3,CHF2 + F-,0,-1,8.0704,8.8693e-25,26,27,swarm_regressed_working_set
ATT1,ATTACHMENT,CHF3,CHF2 + F-,0,-1,8.1809,1.495e-24,26,27,swarm_regressed_working_set
ATT1,ATTACHMENT,CHF3,CHF2 + F-,0,-1,8.2915,2.103e-24,26,27,swarm_regressed_working_set
ATT1,ATTACHMENT,CHF3,CHF2 + F-,0,-1,8.402,2.7111e-24,26,27,swarm_regressed_working_set
ATT1,ATTACHMENT,CHF3,CHF2 + F-,0,-1,8.5126,3.3191e-24,26,27,swarm_regressed_working_set
ATT1,ATTACHMENT,CHF3,CHF2 + F-,0,-1,8.6231,3.9271e-24,26,27,swarm_regressed_working_set
ATT1,ATTACHMENT,CHF3,CHF2 + F-,0,-1,8.7337,4.5352e-24,26,27,swarm_regressed_working_set
ATT1,ATTACHMENT,CHF3,CHF2 + F-,0,-1,8.8442,5.1432e-24,26,27,swarm_regressed_working_set
ATT1,ATTACHMENT,CHF3,CHF2 + F-,0,-1,8.9548,5.7513e-24,26,27,swarm_regressed_working_set
ATT1,ATTACHMENT,CHF3,CHF2 + F-,0,-1,9.0653,7.1759e-24,26,27,swarm_regressed_working_set
ATT1,ATTACHMENT,CHF3,CHF2 + F-,0,-1,9.1759,9.1658e-24,26,27,swarm_regressed_working_set
ATT1,ATTACHMENT,CHF3,CHF2 + F-,0,-1,9.2864,1.1156e-23,26,27,swarm_regressed_working_set
ATT1,ATTACHMENT,CHF3,CHF2 + F-,0,-1,9.397,1.3146e-23,26,27,swarm_regressed_working_set
ATT1,ATTACHMENT,CHF3,CHF2 + F-,0,-1,9.5075,1.5136e-23,26,27,swarm_regressed_working_set
ATT1,ATTACHMENT,CHF3,CHF2 + F-,0,-1,9.6181,1.7126e-23,26,27,swarm_regressed_working_set
ATT1,ATTACHMENT,CHF3,CHF2 + F-,0,-1,9.7286,1.9116e-23,26,27,swarm_regressed_working_set
ATT1,ATTACHMENT,CHF3,CHF2 + F-,0,-1,9.8392,2.1106e-23,26,27,swarm_regressed_working_set
ATT1,ATTACHMENT,CHF3,CHF2 + F-,0,-1,9.9497,2.3095e-23,26,27,swarm_regressed_working_set
ATT1,ATTACHMENT,CHF3,CHF2 + F-,0,-1,10.06,2.3332e-23,26,27,swarm_regressed_working_set
ATT1,ATTACHMENT,CHF3,CHF2 + F-,0,-1,10.171,2.2108e-23,26,27,swarm_regressed_working_set
ATT1,ATTACHMENT,CHF3,CHF2 + F-,0,-1,10.281,2.0884e-23,26,27,swarm_regressed_working_set
ATT1,ATTACHMENT,CHF3,CHF2 + F-,0,-1,10.392,1.966e-23,26,27,swarm_regressed_working_set
ATT1,ATTACHMENT,CHF3,CHF2 + F-,0,-1,10.503,1.8436e-23,26,27,swarm_regressed_working_set
ATT1,ATTACHMENT,CHF3,CHF2 + F-,0,-1,10.613,1.7212e-23,26,27,swarm_regressed_working_set
ATT1,ATTACHMENT,CHF3,CHF2 + F-,0,-1,10.724,1.6073e-23,26,27,swarm_regressed_working_set
ATT1,ATTACHMENT,CHF3,CHF2 + F-,0,-1,10.834,1.5244e-23,26,27,swarm_regressed_working_set
ATT1,ATTACHMENT,CHF3,CHF2 + F-,0,-1,10.945,1.4415e-23,26,27,swarm_regressed_working_set
ATT1,ATTACHMENT,CHF3,CHF2 + F-,0,-1,11.055,1.3585e-23,26,27,swarm_regressed_working_set
ATT1,ATTACHMENT,CHF3,CHF2 + F-,0,-1,11.166,1.2756e-23,26,27,swarm_regressed_working_set
ATT1,ATTACHMENT,CHF3,CHF2 + F-,0,-1,11.276,1.2023e-23,26,27,swarm_regressed_working_set
ATT1,ATTACHMENT,CHF3,CHF2 + F-,0,-1,11.387,1.1332e-23,26,27,swarm_regressed_working_set
ATT1,ATTACHMENT,CHF3,CHF2 + F-,0,-1,11.497,1.0641e-23,26,27,swarm_regressed_working_set
ATT1,ATTACHMENT,CHF3,CHF2 + F-,0,-1,11.608,9.9497e-24,26,27,swarm_regressed_working_set
ATT1,ATTACHMENT,CHF3,CHF2 + F-,0,-1,11.719,9.2588e-24,26,27,swarm_regressed_working_set
ATT1,ATTACHMENT,CHF3,CHF2 + F-,0,-1,11.829,8.5678e-24,26,27,swarm_regressed_working_set
ATT1,ATTACHMENT,CHF3,CHF2 + F-,0,-1,11.94,7.8769e-24,26,27,swarm_regressed_working_set
ATT1,ATTACHMENT,CHF3,CHF2 + F-,0,-1,12.05,7.3116e-24,26,27,swarm_regressed_working_set
ATT1,ATTACHMENT,CHF3,CHF2 + F-,0,-1,12.161,6.897e-24,26,27,swarm_regressed_working_set
ATT1,ATTACHMENT,CHF3,CHF2 + F-,0,-1,12.271,6.4824e-24,26,27,swarm_regressed_working_set
ATT1,ATTACHMENT,CHF3,CHF2 + F-,0,-1,12.382,6.0678e-24,26,27,swarm_regressed_working_set
ATT1,ATTACHMENT,CHF3,CHF2 + F-,0,-1,12.492,5.6533e-24,26,27,swarm_regressed_working_set
ATT1,ATTACHMENT,CHF3,CHF2 + F-,0,-1,12.603,5.2387e-24,26,27,swarm_regressed_working_set
ATT1,ATTACHMENT,CHF3,CHF2 + F-,0,-1,12.714,4.8241e-24,26,27,swarm_regressed_working_set
ATT1,ATTACHMENT,CHF3,CHF2 + F-,0,-1,12.824,4.4095e-24,26,27,swarm_regressed_working_set
ATT1,ATTACHMENT,CHF3,CHF2 + F-,0,-1,12.935,3.995e-24,26,27,swarm_regressed_working_set
ATT1,ATTACHMENT,CHF3,CHF2 + F-,0,-1,13.045,3.5804e-24,26,27,swarm_regressed_working_set
ATT1,ATTACHMENT,CHF3,CHF2 + F-,0,-1,13.156,3.1658e-24,26,27,swarm_regressed_working_set
ATT1,ATTACHMENT,CHF3,CHF2 + F-,0,-1,13.266,2.7513e-24,26,27,swarm_regressed_working_set
ATT1,ATTACHMENT,CHF3,CHF2 + F-,0,-1,13.377,2.3367e-24,26,27,swarm_regressed_working_set
ATT1,ATTACHMENT,CHF3,CHF2 + F-,0,-1,13.487,1.9221e-24,26,27,swarm_regressed_working_set
ATT1,ATTACHMENT,CHF3,CHF2 + F-,0,-1,13.598,1.5075e-24,26,27,swarm_regressed_working_set
ATT1,ATTACHMENT,CHF3,CHF2 + F-,0,-1,13.709,1.093e-24,26,27,swarm_regressed_working_set
ATT1,ATTACHMENT,CHF3,CHF2 + F-,0,-1,13.819,6.7839e-25,26,27,swarm_regressed_working_set
ATT1,ATTACHMENT,CHF3,CHF2 + F-,0,-1,13.93,2.6382e-25,26,27,swarm_regressed_working_set
ATT1,ATTACHMENT,CHF3,CHF2 + F-,0,-1,14.04,0,26,27,swarm_regressed_working_set
ATT1,ATTACHMENT,CHF3,CHF2 + F-,0,-1,14.151,0,26,27,swarm_regressed_working_set
ATT1,ATTACHMENT,CHF3,CHF2 + F-,0,-1,14.261,0,26,27,swarm_regressed_working_set
ATT1,ATTACHMENT,CHF3,CHF2 + F-,0,-1,14.372,0,26,27,swarm_regressed_working_set
ATT1,ATTACHMENT,CHF3,CHF2 + F-,0,-1,14.482,0,26,27,swarm_regressed_working_set
ATT1,ATTACHMENT,CHF3,CHF2 + F-,0,-1,14.593,0,26,27,swarm_regressed_working_set
ATT1,ATTACHMENT,CHF3,CHF2 + F-,0,-1,14.704,0,26,27,swarm_regressed_working_set
ATT1,ATTACHMENT,CHF3,CHF2 + F-,0,-1,14.814,0,26,27,swarm_regressed_working_set
ATT1,ATTACHMENT,CHF3,CHF2 + F-,0,-1,14.925,0,26,27,swarm_regressed_working_set
ATT1,ATTACHMENT,CHF3,CHF2 + F-,0,-1,15.035,0,26,27,swarm_regressed_working_set
ATT1,ATTACHMENT,CHF3,CHF2 + F-,0,-1,15.146,0,26,27,swarm_regressed_working_set
ATT1,ATTACHMENT,CHF3,CHF2 + F-,0,-1,15.256,0,26,27,swarm_regressed_working_set
ATT1,ATTACHMENT,CHF3,CHF2 + F-,0,-1,15.367,0,26,27,swarm_regressed_working_set
ATT1,ATTACHMENT,CHF3,CHF2 + F-,0,-1,15.477,0,26,27,swarm_regressed_working_set
ATT1,ATTACHMENT,CHF3,CHF2 + F-,0,-1,15.588,0,26,27,swarm_regressed_working_set
ATT1,ATTACHMENT,CHF3,CHF2 + F-,0,-1,15.698,0,26,27,swarm_regressed_working_set
ATT1,ATTACHMENT,CHF3,CHF2 + F-,0,-1,15.809,0,26,27,swarm_regressed_working_set
ATT1,ATTACHMENT,CHF3,CHF2 + F-,0,-1,15.92,0,26,27,swarm_regressed_working_set
ATT1,ATTACHMENT,CHF3,CHF2 + F-,0,-1,16.03,0,26,27,swarm_regressed_working_set
ATT1,ATTACHMENT,CHF3,CHF2 + F-,0,-1,16.141,0,26,27,swarm_regressed_working_set
ATT1,ATTACHMENT,CHF3,CHF2 + F-,0,-1,16.251,0,26,27,swarm_regressed_working_set
ATT1,ATTACHMENT,CHF3,CHF2 + F-,0,-1,16.362,0,26,27,swarm_regressed_working_set
ATT1,ATTACHMENT,CHF3,CHF2 + F-,0,-1,16.472,0,26,27,swarm_regressed_working_set
ATT1,ATTACHMENT,CHF3,CHF2 + F-,0,-1,16.583,0,26,27,swarm_regressed_working_set
ATT1,ATTACHMENT,CHF3,CHF2 + F-,0,-1,16.693,0,26,27,swarm_regressed_working_set
ATT1,ATTACHMENT,CHF3,CHF2 + F-,0,-1,16.804,0,26,27,swarm_regressed_working_set
ATT1,ATTACHMENT,CHF3,CHF2 + F-,0,-1,16.915,0,26,27,swarm_regressed_working_set
ATT1,ATTACHMENT,CHF3,CHF2 + F-,0,-1,17.025,0,26,27,swarm_regressed_working_set
ATT1,ATTACHMENT,CHF3,CHF2 + F-,0,-1,17.136,0,26,27,swarm_regressed_working_set
ATT1,ATTACHMENT,CHF3,CHF2 + F-,0,-1,17.246,0,26,27,swarm_regressed_working_set
ATT1,ATTACHMENT,CHF3,CHF2 + F-,0,-1,17.357,0,26,27,swarm_regressed_working_set
ATT1,ATTACHMENT,CHF3,CHF2 + F-,0,-1,17.467,0,26,27,swarm_regressed_working_set
ATT1,ATTACHMENT,CHF3,CHF2 + F-,0,-1,17.578,0,26,27,swarm_regressed_working_set
ATT1,ATTACHMENT,CHF3,CHF2 + F-,0,-1,17.688,0,26,27,swarm_regressed_working_set
ATT1,ATTACHMENT,CHF3,CHF2 + F-,0,-1,17.799,0,26,27,swarm_regressed_working_set
ATT1,ATTACHMENT,CHF3,CHF2 + F-,0,-1,17.91,0,26,27,swarm_regressed_working_set
ATT1,ATTACHMENT,CHF3,CHF2 + F-,0,-1,18.02,0,26,27,swarm_regressed_working_set
ATT1,ATTACHMENT,CHF3,CHF2 + F-,0,-1,18.131,0,26,27,swarm_regressed_working_set
ATT1,ATTACHMENT,CHF3,CHF2 + F-,0,-1,18.241,0,26,27,swarm_regressed_working_set
ATT1,ATTACHMENT,CHF3,CHF2 + F-,0,-1,18.352,0,26,27,swarm_regressed_working_set
ATT1,ATTACHMENT,CHF3,CHF2 + F-,0,-1,18.462,0,26,27,swarm_regressed_working_set
ATT1,ATTACHMENT,CHF3,CHF2 + F-,0,-1,18.573,0,26,27,swarm_regressed_working_set
ATT1,ATTACHMENT,CHF3,CHF2 + F-,0,-1,18.683,0,26,27,swarm_regressed_working_set
ATT1,ATTACHMENT,CHF3,CHF2 + F-,0,-1,18.794,0,26,27,swarm_regressed_working_set
ATT1,ATTACHMENT,CHF3,CHF2 + F-,0,-1,18.905,0,26,27,swarm_regressed_working_set
ATT1,ATTACHMENT,CHF3,CHF2 + F-,0,-1,19.015,0,26,27,swarm_regressed_working_set
ATT1,ATTACHMENT,CHF3,CHF2 + F-,0,-1,19.126,0,26,27,swarm_regressed_working_set
ATT1,ATTACHMENT,CHF3,CHF2 + F-,0,-1,19.236,0,26,27,swarm_regressed_working_set
ATT1,ATTACHMENT,CHF3,CHF2 + F-,0,-1,19.347,0,26,27,swarm_regressed_working_set
ATT1,ATTACHMENT,CHF3,CHF2 + F-,0,-1,19.457,0,26,27,swarm_regressed_working_set
ATT1,ATTACHMENT,CHF3,CHF2 + F-,0,-1,19.568,0,26,27,swarm_regressed_working_set
ATT1,ATTACHMENT,CHF3,CHF2 + F-,0,-1,19.678,0,26,27,swarm_regressed_working_set
ATT1,ATTACHMENT,CHF3,CHF2 + F-,0,-1,19.789,0,26,27,swarm_regressed_working_set
ATT1,ATTACHMENT,CHF3,CHF2 + F-,0,-1,19.899,0,26,27,swarm_regressed_working_set
ATT1,ATTACHMENT,CHF3,CHF2 + F-,0,-1,20.01,0,26,27,swarm_regressed_working_set
ATT1,ATTACHMENT,CHF3,CHF2 + F-,0,-1,20.121,0,26,27,swarm_regressed_working_set
ATT2,EXCITATION,CHF3,CHF2+ + F-,11.5,0,0,0,26,28,swarm_regressed_working_set
ATT2,EXCITATION,CHF3,CHF2+ + F-,11.5,0,0.11055,0,26,28,swarm_regressed_working_set
ATT2,EXCITATION,CHF3,CHF2+ + F-,11.5,0,0.22111,0,26,28,swarm_regressed_working_set
ATT2,EXCITATION,CHF3,CHF2+ + F-,11.5,0,0.33166,0,26,28,swarm_regressed_working_set
ATT2,EXCITATION,CHF3,CHF2+ + F-,11.5,0,0.44221,0,26,28,swarm_regressed_working_set
ATT2,EXCITATION,CHF3,CHF2+ + F-,11.5,0,0.55276,0,26,28,swarm_regressed_working_set
ATT2,EXCITATION,CHF3,CHF2+ + F-,11.5,0,0.66332,0,26,28,swarm_regressed_working_set
ATT2,EXCITATION,CHF3,CHF2+ + F-,11.5,0,0.77387,0,26,28,swarm_regressed_working_set
ATT2,EXCITATION,CHF3,CHF2+ + F-,11.5,0,0.88442,0,26,28,swarm_regressed_working_set
ATT2,EXCITATION,CHF3,CHF2+ + F-,11.5,0,0.99497,0,26,28,swarm_regressed_working_set
ATT2,EXCITATION,CHF3,CHF2+ + F-,11.5,0,1.1055,0,26,28,swarm_regressed_working_set
ATT2,EXCITATION,CHF3,CHF2+ + F-,11.5,0,1.2161,0,26,28,swarm_regressed_working_set
ATT2,EXCITATION,CHF3,CHF2+ + F-,11.5,0,1.3266,0,26,28,swarm_regressed_working_set
ATT2,EXCITATION,CHF3,CHF2+ + F-,11.5,0,1.4372,0,26,28,swarm_regressed_working_set
ATT2,EXCITATION,CHF3,CHF2+ + F-,11.5,0,1.5477,0,26,28,swarm_regressed_working_set
ATT2,EXCITATION,CHF3,CHF2+ + F-,11.5,0,1.6583,0,26,28,swarm_regressed_working_set
ATT2,EXCITATION,CHF3,CHF2+ + F-,11.5,0,1.7688,0,26,28,swarm_regressed_working_set
ATT2,EXCITATION,CHF3,CHF2+ + F-,11.5,0,1.8794,0,26,28,swarm_regressed_working_set
ATT2,EXCITATION,CHF3,CHF2+ + F-,11.5,0,1.9899,0,26,28,swarm_regressed_working_set
ATT2,EXCITATION,CHF3,CHF2+ + F-,11.5,0,2.1005,0,26,28,swarm_regressed_working_set
ATT2,EXCITATION,CHF3,CHF2+ + F-,11.5,0,2.2111,0,26,28,swarm_regressed_working_set
ATT2,EXCITATION,CHF3,CHF2+ + F-,11.5,0,2.3216,0,26,28,swarm_regressed_working_set
ATT2,EXCITATION,CHF3,CHF2+ + F-,11.5,0,2.4322,0,26,28,swarm_regressed_working_set
ATT2,EXCITATION,CHF3,CHF2+ + F-,11.5,0,2.5427,0,26,28,swarm_regressed_working_set
ATT2,EXCITATION,CHF3,CHF2+ + F-,11.5,0,2.6533,0,26,28,swarm_regressed_working_set
ATT2,EXCITATION,CHF3,CHF2+ + F-,11.5,0,2.7638,0,26,28,swarm_regressed_working_set
ATT2,EXCITATION,CHF3,CHF2+ + F-,11.5,0,2.8744,0,26,28,swarm_regressed_working_set
ATT2,EXCITATION,CHF3,CHF2+ + F-,11.5,0,2.9849,0,26,28,swarm_regressed_working_set
ATT2,EXCITATION,CHF3,CHF2+ + F-,11.5,0,3.0955,0,26,28,swarm_regressed_working_set
ATT2,EXCITATION,CHF3,CHF2+ + F-,11.5,0,3.206,0,26,28,swarm_regressed_working_set
ATT2,EXCITATION,CHF3,CHF2+ + F-,11.5,0,3.3166,0,26,28,swarm_regressed_working_set
ATT2,EXCITATION,CHF3,CHF2+ + F-,11.5,0,3.4271,0,26,28,swarm_regressed_working_set
ATT2,EXCITATION,CHF3,CHF2+ + F-,11.5,0,3.5377,0,26,28,swarm_regressed_working_set
ATT2,EXCITATION,CHF3,CHF2+ + F-,11.5,0,3.6482,0,26,28,swarm_regressed_working_set
ATT2,EXCITATION,CHF3,CHF2+ + F-,11.5,0,3.7588,0,26,28,swarm_regressed_working_set
ATT2,EXCITATION,CHF3,CHF2+ + F-,11.5,0,3.8693,0,26,28,swarm_regressed_working_set
ATT2,EXCITATION,CHF3,CHF2+ + F-,11.5,0,3.9799,0,26,28,swarm_regressed_working_set
ATT2,EXCITATION,CHF3,CHF2+ + F-,11.5,0,4.0905,0,26,28,swarm_regressed_working_set
ATT2,EXCITATION,CHF3,CHF2+ + F-,11.5,0,4.201,0,26,28,swarm_regressed_working_set
ATT2,EXCITATION,CHF3,CHF2+ + F-,11.5,0,4.3116,0,26,28,swarm_regressed_working_set
ATT2,EXCITATION,CHF3,CHF2+ + F-,11.5,0,4.4221,0,26,28,swarm_regressed_working_set
ATT2,EXCITATION,CHF3,CHF2+ + F-,11.5,0,4.5327,0,26,28,swarm_regressed_working_set
ATT2,EXCITATION,CHF3,CHF2+ + F-,11.5,0,4.6432,0,26,28,swarm_regressed_working_set
ATT2,EXCITATION,CHF3,CHF2+ + F-,11.5,0,4.7538,0,26,28,swarm_regressed_working_set
ATT2,EXCITATION,CHF3,CHF2+ + F-,11.5,0,4.8643,0,26,28,swarm_regressed_working_set
ATT2,EXCITATION,CHF3,CHF2+ + F-,11.5,0,4.9749,0,26,28,swarm_regressed_working_set
ATT2,EXCITATION,CHF3,CHF2+ + F-,11.5,0,5.0854,0,26,28,swarm_regressed_working_set
ATT2,EXCITATION,CHF3,CHF2+ + F-,11.5,0,5.196,0,26,28,swarm_regressed_working_set
ATT2,EXCITATION,CHF3,CHF2+ + F-,11.5,0,5.3065,0,26,28,swarm_regressed_working_set
ATT2,EXCITATION,CHF3,CHF2+ + F-,11.5,0,5.4171,0,26,28,swarm_regressed_working_set
ATT2,EXCITATION,CHF3,CHF2+ + F-,11.5,0,5.5276,0,26,28,swarm_regressed_working_set
ATT2,EXCITATION,CHF3,CHF2+ + F-,11.5,0,5.6382,0,26,28,swarm_regressed_working_set
ATT2,EXCITATION,CHF3,CHF2+ + F-,11.5,0,5.7487,0,26,28,swarm_regressed_working_set
ATT2,EXCITATION,CHF3,CHF2+ + F-,11.5,0,5.8593,0,26,28,swarm_regressed_working_set
ATT2,EXCITATION,CHF3,CHF2+ + F-,11.5,0,5.9698,0,26,28,swarm_regressed_working_set
ATT2,EXCITATION,CHF3,CHF2+ + F-,11.5,0,6.0804,0,26,28,swarm_regressed_working_set
ATT2,EXCITATION,CHF3,CHF2+ + F-,11.5,0,6.191,0,26,28,swarm_regressed_working_set
ATT2,EXCITATION,CHF3,CHF2+ + F-,11.5,0,6.3015,0,26,28,swarm_regressed_working_set
ATT2,EXCITATION,CHF3,CHF2+ + F-,11.5,0,6.4121,0,26,28,swarm_regressed_working_set
ATT2,EXCITATION,CHF3,CHF2+ + F-,11.5,0,6.5226,0,26,28,swarm_regressed_working_set
ATT2,EXCITATION,CHF3,CHF2+ + F-,11.5,0,6.6332,0,26,28,swarm_regressed_working_set
ATT2,EXCITATION,CHF3,CHF2+ + F-,11.5,0,6.7437,0,26,28,swarm_regressed_working_set
ATT2,EXCITATION,CHF3,CHF2+ + F-,11.5,0,6.8543,0,26,28,swarm_regressed_working_set
ATT2,EXCITATION,CHF3,CHF2+ + F-,11.5,0,6.9648,0,26,28,swarm_regressed_working_set
ATT2,EXCITATION,CHF3,CHF2+ + F-,11.5,0,7.0754,0,26,28,swarm_regressed_working_set
ATT2,EXCITATION,CHF3,CHF2+ + F-,11.5,0,7.1859,0,26,28,swarm_regressed_working_set
ATT2,EXCITATION,CHF3,CHF2+ + F-,11.5,0,7.2965,0,26,28,swarm_regressed_working_set
ATT2,EXCITATION,CHF3,CHF2+ + F-,11.5,0,7.407,0,26,28,swarm_regressed_working_set
ATT2,EXCITATION,CHF3,CHF2+ + F-,11.5,0,7.5176,0,26,28,swarm_regressed_working_set
ATT2,EXCITATION,CHF3,CHF2+ + F-,11.5,0,7.6281,0,26,28,swarm_regressed_working_set
ATT2,EXCITATION,CHF3,CHF2+ + F-,11.5,0,7.7387,0,26,28,swarm_regressed_working_set
ATT2,EXCITATION,CHF3,CHF2+ + F-,11.5,0,7.8492,0,26,28,swarm_regressed_working_set
ATT2,EXCITATION,CHF3,CHF2+ + F-,11.5,0,7.9598,0,26,28,swarm_regressed_working_set
ATT2,EXCITATION,CHF3,CHF2+ + F-,11.5,0,8.0704,0,26,28,swarm_regressed_working_set
ATT2,EXCITATION,CHF3,CHF2+ + F-,11.5,0,8.1809,0,26,28,swarm_regressed_working_set
ATT2,EXCITATION,CHF3,CHF2+ + F-,11.5,0,8.2915,0,26,28,swarm_regressed_working_set
ATT2,EXCITATION,CHF3,CHF2+ + F-,11.5,0,8.402,0,26,28,swarm_regressed_working_set
ATT2,EXCITATION,CHF3,CHF2+ + F-,11.5,0,8.5126,0,26,28,swarm_regressed_working_set
ATT2,EXCITATION,CHF3,CHF2+ + F-,11.5,0,8.6231,0,26,28,swarm_regressed_working_set
ATT2,EXCITATION,CHF3,CHF2+ + F-,11.5,0,8.7337,0,26,28,swarm_regressed_working_set
ATT2,EXCITATION,CHF3,CHF2+ + F-,11.5,0,8.8442,0,26,28,swarm_regressed_working_set
ATT2,EXCITATION,CHF3,CHF2+ + F-,11.5,0,8.9548,0,26,28,swarm_regressed_working_set
ATT2,EXCITATION,CHF3,CHF2+ + F-,11.5,0,9.0653,0,26,28,swarm_regressed_working_set
ATT2,EXCITATION,CHF3,CHF2+ + F-,11.5,0,9.1759,0,26,28,swarm_regressed_working_set
ATT2,EXCITATION,CHF3,CHF2+ + F-,11.5,0,9.2864,0,26,28,swarm_regressed_working_set
ATT2,EXCITATION,CHF3,CHF2+ + F-,11.5,0,9.397,0,26,28,swarm_regressed_working_set
ATT2,EXCITATION,CHF3,CHF2+ + F-,11.5,0,9.5075,0,26,28,swarm_regressed_working_set
ATT2,EXCITATION,CHF3,CHF2+ + F-,11.5,0,9.6181,0,26,28,swarm_regressed_working_set
ATT2,EXCITATION,CHF3,CHF2+ + F-,11.5,0,9.7286,0,26,28,swarm_regressed_working_set
ATT2,EXCITATION,CHF3,CHF2+ + F-,11.5,0,9.8392,0,26,28,swarm_regressed_working_set
ATT2,EXCITATION,CHF3,CHF2+ + F-,11.5,0,9.9497,0,26,28,swarm_regressed_working_set
ATT2,EXCITATION,CHF3,CHF2+ + F-,11.5,0,10.06,0,26,28,swarm_regressed_working_set
ATT2,EXCITATION,CHF3,CHF2+ + F-,11.5,0,10.171,0,26,28,swarm_regressed_working_set
ATT2,EXCITATION,CHF3,CHF2+ + F-,11.5,0,10.281,0,26,28,swarm_regressed_working_set
ATT2,EXCITATION,CHF3,CHF2+ + F-,11.5,0,10.392,0,26,28,swarm_regressed_working_set
ATT2,EXCITATION,CHF3,CHF2+ + F-,11.5,0,10.503,0,26,28,swarm_regressed_working_set
ATT2,EXCITATION,CHF3,CHF2+ + F-,11.5,0,10.613,0,26,28,swarm_regressed_working_set
ATT2,EXCITATION,CHF3,CHF2+ + F-,11.5,0,10.724,0,26,28,swarm_regressed_working_set
ATT2,EXCITATION,CHF3,CHF2+ + F-,11.5,0,10.834,0,26,28,swarm_regressed_working_set
ATT2,EXCITATION,CHF3,CHF2+ + F-,11.5,0,10.945,0,26,28,swarm_regressed_working_set
ATT2,EXCITATION,CHF3,CHF2+ + F-,11.5,0,11.055,0,26,28,swarm_regressed_working_set
ATT2,EXCITATION,CHF3,CHF2+ + F-,11.5,0,11.166,0,26,28,swarm_regressed_working_set
ATT2,EXCITATION,CHF3,CHF2+ + F-,11.5,0,11.276,0,26,28,swarm_regressed_working_set
ATT2,EXCITATION,CHF3,CHF2+ + F-,11.5,0,11.387,0,26,28,swarm_regressed_working_set
ATT2,EXCITATION,CHF3,CHF2+ + F-,11.5,0,11.497,0,26,28,swarm_regressed_working_set
ATT2,EXCITATION,CHF3,CHF2+ + F-,11.5,0,11.608,7.7171e-25,26,28,swarm_regressed_working_set
ATT2,EXCITATION,CHF3,CHF2+ + F-,11.5,0,11.719,1.5614e-24,26,28,swarm_regressed_working_set
ATT2,EXCITATION,CHF3,CHF2+ + F-,11.5,0,11.829,2.351e-24,26,28,swarm_regressed_working_set
ATT2,EXCITATION,CHF3,CHF2+ + F-,11.5,0,11.94,3.1407e-24,26,28,swarm_regressed_working_set
ATT2,EXCITATION,CHF3,CHF2+ + F-,11.5,0,12.05,3.9304e-24,26,28,swarm_regressed_working_set
ATT2,EXCITATION,CHF3,CHF2+ + F-,11.5,0,12.161,4.72e-24,26,28,swarm_regressed_working_set
ATT2,EXCITATION,CHF3,CHF2+ + F-,11.5,0,12.271,5.5097e-24,26,28,swarm_regressed_working_set
ATT2,EXCITATION,CHF3,CHF2+ + F-,11.5,0,12.382,6.2994e-24,26,28,swarm_regressed_working_set
ATT2,EXCITATION,CHF3,CHF2+ + F-,11.5,0,12.492,7.089e-24,26,28,swarm_regressed_working_set
ATT2,EXCITATION,CHF3,CHF2+ + F-,11.5,0,12.603,7.8787e-24,26,28,swarm_regressed_working_set
ATT2,EXCITATION,CHF3,CHF2+ + F-,11.5,0,12.714,8.6683e-24,26,28,swarm_regressed_working_set
ATT2,EXCITATION,CHF3,CHF2+ + F-,11.5,0,12.824,9.458e-24,26,28,swarm_regressed_working_set
ATT2,EXCITATION,CHF3,CHF2+ + F-,11.5,0,12.935,1.0248e-23,26,28,swarm_regressed_working_set
ATT2,EXCITATION,CHF3,CHF2+ + F-,11.5,0,13.045,1.1037e-23,26,28,swarm_regressed_working_set
ATT2,EXCITATION,CHF3,CHF2+ + F-,11.5,0,13.156,1.1827e-23,26,28,swarm_regressed_working_set
ATT2,EXCITATION,CHF3,CHF2+ + F-,11.5,0,13.266,1.2617e-23,26,28,swarm_regressed_working_set
ATT2,EXCITATION,CHF3,CHF2+ + F-,11.5,0,13.377,1.3406e-23,26,28,swarm_regressed_working_set
ATT2,EXCITATION,CHF3,CHF2+ + F-,11.5,0,13.487,1.4196e-23,26,28,swarm_regressed_working_set
ATT2,EXCITATION,CHF3,CHF2+ + F-,11.5,0,13.598,1.4986e-23,26,28,swarm_regressed_working_set
ATT2,EXCITATION,CHF3,CHF2+ + F-,11.5,0,13.709,1.5775e-23,26,28,swarm_regressed_working_set
ATT2,EXCITATION,CHF3,CHF2+ + F-,11.5,0,13.819,1.6565e-23,26,28,swarm_regressed_working_set
ATT2,EXCITATION,CHF3,CHF2+ + F-,11.5,0,13.93,1.7355e-23,26,28,swarm_regressed_working_set
ATT2,EXCITATION,CHF3,CHF2+ + F-,11.5,0,14.04,1.8144e-23,26,28,swarm_regressed_working_set
ATT2,EXCITATION,CHF3,CHF2+ + F-,11.5,0,14.151,1.8934e-23,26,28,swarm_regressed_working_set
ATT2,EXCITATION,CHF3,CHF2+ + F-,11.5,0,14.261,1.9724e-23,26,28,swarm_regressed_working_set
ATT2,EXCITATION,CHF3,CHF2+ + F-,11.5,0,14.372,2.0513e-23,26,28,swarm_regressed_working_set
ATT2,EXCITATION,CHF3,CHF2+ + F-,11.5,0,14.482,2.1303e-23,26,28,swarm_regressed_working_set
ATT2,EXCITATION,CHF3,CHF2+ + F-,11.5,0,14.593,2.2093e-23,26,28,swarm_regressed_working_set
ATT2,EXCITATION,CHF3,CHF2+ + F-,11.5,0,14.704,2.2882e-23,26,28,swarm_regressed_working_set
ATT2,EXCITATION,CHF3,CHF2+ + F-,11.5,0,14.814,2.3672e-23,26,28,swarm_regressed_working_set
ATT2,EXCITATION,CHF3,CHF2+ + F-,11.5,0,14.925,2.4462e-23,26,28,swarm_regressed_working_set
ATT2,EXCITATION,CHF3,CHF2+ + F-,11.5,0,15.035,2.4824e-23,26,28,swarm_regressed_working_set
ATT2,EXCITATION,CHF3,CHF2+ + F-,11.5,0,15.146,2.4271e-23,26,28,swarm_regressed_working_set
ATT2,EXCITATION,CHF3,CHF2+ + F-,11.5,0,15.256,2.3719e-23,26,28,swarm_regressed_working_set
ATT2,EXCITATION,CHF3,CHF2+ + F-,11.5,0,15.367,2.3166e-23,26,28,swarm_regressed_working_set
ATT2,EXCITATION,CHF3,CHF2+ + F-,11.5,0,15.477,2.2613e-23,26,28,swarm_regressed_working_set
ATT2,EXCITATION,CHF3,CHF2+ + F-,11.5,0,15.588,2.206e-23,26,28,swarm_regressed_working_set
ATT2,EXCITATION,CHF3,CHF2+ + F-,11.5,0,15.698,2.1508e-23,26,28,swarm_regressed_working_set
ATT2,EXCITATION,CHF3,CHF2+ + F-,11.5,0,15.809,2.0955e-23,26,28,swarm_regressed_working_set
ATT2,EXCITATION,CHF3,CHF2+ + F-,11.5,0,15.92,2.0402e-23,26,28,swarm_regressed_working_set
ATT2,EXCITATION,CHF3,CHF2+ + F-,11.5,0,16.03,1.9849e-23,26,28,swarm_regressed_working_set
ATT2,EXCITATION,CHF3,CHF2+ + F-,11.5,0,16.141,1.9296e-23,26,28,swarm_regressed_working_set
ATT2,EXCITATION,CHF3,CHF2+ + F-,11.5,0,16.251,1.8744e-23,26,28,swarm_regressed_working_set
ATT2,EXCITATION,CHF3,CHF2+ + F-,11.5,0,16.362,1.8191e-23,26,28,swarm_regressed_working_set
ATT2,EXCITATION,CHF3,CHF2+ + F-,11.5,0,16.472,1.7638e-23,26,28,swarm_regressed_working_set
ATT2,EXCITATION,CHF3,CHF2+ + F-,11.5,0,16.583,1.7085e-23,26,28,swarm_regressed_working_set
ATT2,EXCITATION,CHF3,CHF2+ + F-,11.5,0,16.693,1.6533e-23,26,28,swarm_regressed_working_set
ATT2,EXCITATION,CHF3,CHF2+ + F-,11.5,0,16.804,1.598e-23,26,28,swarm_regressed_working_set
ATT2,EXCITATION,CHF3,CHF2+ + F-,11.5,0,16.915,1.5427e-23,26,28,swarm_regressed_working_set
ATT2,EXCITATION,CHF3,CHF2+ + F-,11.5,0,17.025,1.4874e-23,26,28,swarm_regressed_working_set
ATT2,EXCITATION,CHF3,CHF2+ + F-,11.5,0,17.136,1.4322e-23,26,28,swarm_regressed_working_set
ATT2,EXCITATION,CHF3,CHF2+ + F-,11.5,0,17.246,1.3769e-23,26,28,swarm_regressed_working_set
ATT2,EXCITATION,CHF3,CHF2+ + F-,11.5,0,17.357,1.3216e-23,26,28,swarm_regressed_working_set
ATT2,EXCITATION,CHF3,CHF2+ + F-,11.5,0,17.467,1.2663e-23,26,28,swarm_regressed_working_set
ATT2,EXCITATION,CHF3,CHF2+ + F-,11.5,0,17.578,1.2111e-23,26,28,swarm_regressed_working_set
ATT2,EXCITATION,CHF3,CHF2+ + F-,11.5,0,17.688,1.1558e-23,26,28,swarm_regressed_working_set
ATT2,EXCITATION,CHF3,CHF2+ + F-,11.5,0,17.799,1.1005e-23,26,28,swarm_regressed_working_set
ATT2,EXCITATION,CHF3,CHF2+ + F-,11.5,0,17.91,1.0452e-23,26,28,swarm_regressed_working_set
ATT2,EXCITATION,CHF3,CHF2+ + F-,11.5,0,18.02,9.8995e-24,26,28,swarm_regressed_working_set
ATT2,EXCITATION,CHF3,CHF2+ + F-,11.5,0,18.131,9.3467e-24,26,28,swarm_regressed_working_set
ATT2,EXCITATION,CHF3,CHF2+ + F-,11.5,0,18.241,8.794e-24,26,28,swarm_regressed_working_set
ATT2,EXCITATION,CHF3,CHF2+ + F-,11.5,0,18.352,8.2412e-24,26,28,swarm_regressed_working_set
ATT2,EXCITATION,CHF3,CHF2+ + F-,11.5,0,18.462,7.6884e-24,26,28,swarm_regressed_working_set
ATT2,EXCITATION,CHF3,CHF2+ + F-,11.5,0,18.573,7.1357e-24,26,28,swarm_regressed_working_set
ATT2,EXCITATION,CHF3,CHF2+ + F-,11.5,0,18.683,6.5829e-24,26,28,swarm_regressed_working_set
ATT2,EXCITATION,CHF3,CHF2+ + F-,11.5,0,18.794,6.0301e-24,26,28,swarm_regressed_working_set
ATT2,EXCITATION,CHF3,CHF2+ + F-,11.5,0,18.905,5.4774e-24,26,28,swarm_regressed_working_set
ATT2,EXCITATION,CHF3,CHF2+ + F-,11.5,0,19.015,4.9246e-24,26,28,swarm_regressed_working_set
ATT2,EXCITATION,CHF3,CHF2+ + F-,11.5,0,19.126,4.3719e-24,26,28,swarm_regressed_working_set
ATT2,EXCITATION,CHF3,CHF2+ + F-,11.5,0,19.236,3.8191e-24,26,28,swarm_regressed_working_set
ATT2,EXCITATION,CHF3,CHF2+ + F-,11.5,0,19.347,3.2663e-24,26,28,swarm_regressed_working_set
ATT2,EXCITATION,CHF3,CHF2+ + F-,11.5,0,19.457,2.7136e-24,26,28,swarm_regressed_working_set
ATT2,EXCITATION,CHF3,CHF2+ + F-,11.5,0,19.568,2.1608e-24,26,28,swarm_regressed_working_set
ATT2,EXCITATION,CHF3,CHF2+ + F-,11.5,0,19.678,1.608e-24,26,28,swarm_regressed_working_set
ATT2,EXCITATION,CHF3,CHF2+ + F-,11.5,0,19.789,1.0553e-24,26,28,swarm_regressed_working_set
ATT2,EXCITATION,CHF3,CHF2+ + F-,11.5,0,19.899,5.0251e-25,26,28,swarm_regressed_working_set
ATT2,EXCITATION,CHF3,CHF2+ + F-,11.5,0,20.01,0,26,28,swarm_regressed_working_set
ATT2,EXCITATION,CHF3,CHF2+ + F-,11.5,0,20.121,0,26,28,swarm_regressed_working_set
