experiment_key,source_group,process_date,wafer_number,c4f8_above_threshold_s,c4f8_epd_intensity_mean,c4f8_epd_intensity_q10,c4f8_epd_intensity_q50,c4f8_epd_intensity_q90,c4f8_epd_intensity_rms,c4f8_epd_intensity_std,c4f8_episode_count,c4f8_flow_dose_machine_units_s,c4f8_helium_backside_pressure_mean,c4f8_helium_backside_pressure_q10,c4f8_helium_backside_pressure_q50,c4f8_helium_backside_pressure_q90,c4f8_helium_backside_pressure_rms,c4f8_helium_backside_pressure_std,c4f8_platen_dc_bias_mean,c4f8_platen_dc_bias_q10,c4f8_platen_dc_bias_q50,c4f8_platen_dc_bias_q90,c4f8_platen_dc_bias_rms,c4f8_platen_dc_bias_std,c4f8_platen_load_power_mean,c4f8_platen_load_power_q10,c4f8_platen_load_power_q50,c4f8_platen_load_power_q90,c4f8_platen_load_power_rms,c4f8_platen_load_power_std,c4f8_platen_peak_to_peak_mean,c4f8_platen_peak_to_peak_q10,c4f8_platen_peak_to_peak_q50,c4f8_platen_peak_to_peak_q90,c4f8_platen_peak_to_peak_rms,c4f8_platen_peak_to_peak_std,c4f8_platen_reflected_power_mean,c4f8_platen_reflected_power_q10,c4f8_platen_reflected_power_q50,c4f8_platen_reflected_power_q90,c4f8_platen_reflected_power_rms,c4f8_platen_reflected_power_std,c4f8_pressure_mean,c4f8_pressure_q10,c4f8_pressure_q50,c4f8_pressure_q90,c4f8_pressure_rms,c4f8_pressure_std,c4f8_source_current_mean,c4f8_source_current_q10,c4f8_source_current_q50,c4f8_source_current_q90,c4f8_source_current_rms,c4f8_source_current_std,c4f8_source_load_power_mean,c4f8_source_load_power_q10,c4f8_source_load_power_q50,c4f8_source_load_power_q90,c4f8_source_load_power_rms,c4f8_source_load_power_std,c4f8_source_reflected_power_mean,c4f8_source_reflected_power_q10,c4f8_source_reflected_power_q50,c4f8_source_reflected_power_q90,c4f8_source_reflected_power_rms,c4f8_source_reflected_power_std,median_sample_period_s,record_duration_s,sample_count,sf6_above_threshold_s,sf6_epd_intensity_mean,sf6_epd_intensity_q10,sf6_epd_intensity_q50,sf6_epd_intensity_q90,sf6_epd_intensity_rms,sf6_epd_intensity_std,sf6_episode_count,sf6_flow_dose_machine_units_s,sf6_helium_backside_pressure_mean,sf6_helium_backside_pressure_q10,sf6_helium_backside_pressure_q50,sf6_helium_backside_pressure_q90,sf6_helium_backside_pressure_rms,sf6_helium_backside_pressure_std,sf6_platen_dc_bias_mean,sf6_platen_dc_bias_q10,sf6_platen_dc_bias_q50,sf6_platen_dc_bias_q90,sf6_platen_dc_bias_rms,sf6_platen_dc_bias_std,sf6_platen_load_power_mean,sf6_platen_load_power_q10,sf6_platen_load_power_q50,sf6_platen_load_power_q90,sf6_platen_load_power_rms,sf6_platen_load_power_std,sf6_platen_peak_to_peak_mean,sf6_platen_peak_to_peak_q10,sf6_platen_peak_to_peak_q50,sf6_platen_peak_to_peak_q90,sf6_platen_peak_to_peak_rms,sf6_platen_peak_to_peak_std,sf6_platen_reflected_power_mean,sf6_platen_reflected_power_q10,sf6_platen_reflected_power_q50,sf6_platen_reflected_power_q90,sf6_platen_reflected_power_rms,sf6_platen_reflected_power_std,sf6_pressure_mean,sf6_pressure_q10,sf6_pressure_q50,sf6_pressure_q90,sf6_pressure_rms,sf6_pressure_std,sf6_source_current_mean,sf6_source_current_q10,sf6_source_current_q50,sf6_source_current_q90,sf6_source_current_rms,sf6_source_current_std,sf6_source_load_power_mean,sf6_source_load_power_q10,sf6_source_load_power_q50,sf6_source_load_power_q90,sf6_source_load_power_rms,sf6_source_load_power_std,sf6_source_reflected_power_mean,sf6_source_reflected_power_q10,sf6_source_reflected_power_q50,sf6_source_reflected_power_q90,sf6_source_reflected_power_rms,sf6_source_reflected_power_std,transition_or_idle_s
2024-07-02_01,Day_2024_07_02_Wafer_01,2024-07-02,1,140.80003356933594,50.7139906384453,0.12300000339746475,0.12300000339746475,0.12300000339746475,200.13397456178797,193.60190837753146,100,46554.884234390855,14.974126265807586,14.982146263122559,14.986419677734375,14.988861083984375,14.974536719105682,0.11087167129509257,1.6175677126104182,-10.498367309570312,0.0,14.61226253509522,8.293642637509757,8.134370466965471,36.62143096056852,38.31599044799805,39.50621032714844,40.009765625,38.05654701568406,10.352370026099578,602.3631334955043,548.8250305175782,646.0158081054688,714.064453125,629.1194004029063,181.52100531010086,6.383006938420956,0.09155552834272385,2.059999465942383,21.671193504333502,16.150155495492854,14.835253450907674,0.04156562537933827,0.029999999329447746,0.044099997729063034,0.05050000175833702,0.04252483577720266,0.008981116005406341,10.000186941840433,9.99053955078125,10.0006103515625,10.01068115234375,10.000192031104193,0.01008896446173444,2560.7828706611285,2779.5083251953124,2791.4593505859375,2799.264404296875,2672.5142861273594,764.6722820158831,401.164598558278,379.39390869140624,396.8932189941406,455.7939453125,425.50705325808866,141.85632603432813,0.20000004768371582,691.4800000190735,3245,431.400102853775,0.12300000339746475,0.12300000339746475,0.12300000339746475,0.12300000339746475,0.12300000339746477,0.0,101,264867.02801146626,14.986977014820168,14.983977317810059,14.987030029296875,14.988861083984375,14.98697711404438,0.0017245700871810457,2.0774658173944425,-15.973388099670409,0.0,19.94079399108887,12.315246599860972,12.13875753909538,44.17730397298262,28.65688133239746,29.389324188232422,79.42442321777344,49.83947380133002,23.072471962755873,520.1596514154044,338.38922119140625,448.6678771972656,828.4905395507812,554.1557550548359,191.1087070224701,2.7088042335739333,0.0,1.3275551795959473,4.8249765396118205,5.4400298962649,4.717658836375075,0.04211107956648812,0.039900001138448715,0.04009999707341194,0.04570000246167183,0.04247488536742087,0.005547329512517655,9.998429025606695,9.98651123046875,9.99859619140625,10.0086669921875,9.998431785567242,0.0074290340464041845,2777.845477730685,2785.1650390625,2792.046875,2797.75390625,2784.574111601831,193.4618434066761,44.55610421436718,26.88680648803711,40.986358642578125,53.010650634765625,69.13838313061322,52.86652626335417,76.80001831054688
2024-07-02_02,Day_2024_07_02_Wafer_02,2024-07-02,2,140.80003356933594,0.12300000339746475,0.12300000339746475,0.12300000339746475,0.12300000339746475,0.12300000339746475,0.0,100,46626.92895297923,14.974382941018451,14.983977317810059,14.987030029296875,14.988861083984375,14.974811964692114,0.11335304857684997,3.4114404916763306,-12.5644700050354,0.0,19.59288215637207,11.341286649768872,10.816046257481371,36.532346492463894,37.9635009765625,39.46043395996094,40.23865509033203,37.966808570219754,10.33761155984658,607.6631468642842,543.235595703125,654.1871337890625,719.9079895019531,634.769969336962,183.51679464028098,6.129408537722404,0.09155552834272385,2.059999465942383,22.24341487884523,15.73120336578084,14.48796432606217,0.041612500288465526,0.029999999329447746,0.044099997729063034,0.050599999725818634,0.042581783924910556,0.00903372248689473,9.99943731996146,9.99053955078125,9.99859619140625,10.0086669921875,9.999440144724447,0.007516121928641444,2560.4509841962295,2779.5587158203125,2790.7041015625,2798.760986328125,2672.133275616091,764.4520914899365,397.12028934555764,376.6289367675781,392.8342590332031,451.7044677734375,421.44213570310217,141.09907702069705,0.20000004768371582,701.9699997901917,3298,431.80010294914246,0.12300000339746475,0.12300000339746475,0.12300000339746475,0.12300000339746475,0.12300000339746477,0.0,101,264817.87058739184,14.987359327870202,14.985809326171875,14.987030029296875,14.988861083984375,14.987359413413232,0.001601289570465231,3.5180392028999417,-19.53795051574707,0.0,24.048585891723633,16.079131803830837,15.689546830033795,44.092022866217725,28.290658950805664,29.709768295288086,79.69908905029297,49.75437465763827,23.051926538525393,521.0835404212743,339.99603271484375,449.62921142578125,830.71533203125,555.2381305245829,191.7324320256327,2.629284790980631,0.0,1.3275551795959473,4.760887622833252,5.232547765794975,4.523982494356486,0.04210884612003594,0.039900001138448715,0.04009999707341194,0.04609999805688858,0.042465614029328906,0.005493036803724321,9.999419010916812,9.99053955078125,10.0006103515625,10.0086669921875,9.999421674974846,0.007299182983480239,2759.2992329034278,2783.989990234375,2791.87890625,2797.75390625,2774.7591944164456,292.50013726006455,47.40201608800071,24.811548233032227,38.88058090209961,48.86013412475586,104.74066733169363,93.40051532984938,87.00002074241638
2024-07-02_03,Day_2024_07_02_Wafer_03,2024-07-02,3,140.80003356933594,0.12300000339746475,0.12300000339746475,0.12300000339746475,0.12300000339746475,0.12300000339746475,0.0,100,46537.55943765378,14.974486990408463,14.983977317810059,14.987030029296875,14.988861083984375,14.97491875709902,0.1137152399800551,2.646310242739591,-12.320322704315185,0.0,17.90520992279053,10.371851627160405,10.028576582696145,36.5735724568367,38.22443389892578,39.55198669433594,40.19287872314453,38.008620306367106,10.345482847025433,609.9051506952806,546.4010925292969,658.2041320800781,723.609130859375,637.1530847321555,184.33599903184543,5.418162524604916,0.09155552834272385,2.059999465942383,17.18039493560793,14.692999708392808,13.657516439228548,0.041539488796843216,0.029899999499320984,0.04390000179409981,0.050599999725818634,0.0424872134995568,0.00892379860002784,10.002847676927393,9.9925537109375,10.00262451171875,10.01068115234375,10.00285055664442,0.00759017456018168,2560.244982741096,2779.5083251953124,2791.039794921875,2799.0966796875,2672.0925423924873,764.9994663126193,399.79885229808065,382.7326354980469,398.6022644042969,455.1622131347657,423.74714753696423,140.43689952021583,0.20000004768371582,691.4400000572205,3247,431.80010294914246,0.12300000339746475,0.12300000339746475,0.12300000339746475,0.12300000339746475,0.12300000339746477,0.0,101,264953.861655839,14.98741812659613,14.985809326171875,14.987030029296875,14.989471435546875,14.987418211883398,0.0015988970916494287,2.9028629477016348,-18.958097839355467,0.0,23.346660614013672,15.440474304305955,15.165145348752628,44.10720439926791,28.290658950805664,29.709768295288086,79.69908905029297,49.77181707807317,23.060535452030976,522.3153737833678,339.7625732421875,452.30718994140625,827.7214965820312,555.4294312828308,188.91401071574793,2.702223890539105,0.0,1.235999584197998,4.760887622833252,5.64545978594764,4.956733020866837,0.04212538163285942,0.039799999445676804,0.04009999707341194,0.04582000076770783,0.04248932877126766,0.005549349666296374,9.999048652224873,9.988525390625,9.99859619140625,10.01068115234375,9.999051933730616,0.008100856862396533,2776.490163311024,2785.29921875,2792.046875,2797.418212890625,2783.849724408074,202.29103075528195,44.48367489173822,26.917325973510742,42.90902328491211,52.86416244506836,69.04975655843954,52.811661107239395,76.80001831054688
2024-07-02_04,Day_2024_07_02_Wafer_04,2024-07-02,4,140.80003356933594,0.12300000339746475,0.12300000339746475,0.12300000339746475,0.12300000339746475,0.12300000339746475,0.0,100,46574.89277510035,14.974421949549155,14.983977317810059,14.987030029296875,14.988861083984375,14.974848897914628,0.11307869930021229,3.262446005236019,-10.43733024597168,0.0,17.23380222320557,10.261091639636943,9.728640588486487,36.5496429421685,38.27021026611328,39.46043395996094,39.918209075927734,37.98249520964673,10.334096145809239,610.9400267384269,557.3397216796875,656.3844604492188,724.3644409179688,638.1995540692915,184.5290073215937,5.2158040203450415,0.09155552834272385,2.059999465942383,16.1595516204834,14.340409478888139,13.358245859525766,0.04149801150263308,0.029999999329447746,0.04399999976158142,0.050700001418590546,0.04247886687937134,0.009075746398103204,10.000839242880994,9.9925537109375,10.0006103515625,10.01068115234375,10.000841536472773,0.006773159572432721,2559.8553949919615,2779.2900390625,2790.7041015625,2798.760986328125,2671.7081556687017,764.9606694446484,397.78215987775053,378.7347106933594,395.27574157714844,453.68817138671875,421.7267216453358,140.08133720347706,0.20000004768371582,691.5,3247,431.80010294914246,0.12300000339746475,0.12300000339746475,0.12300000339746475,0.12300000339746475,0.12300000339746477,0.0,101,264878.1285825708,14.987330208778824,14.985809326171875,14.987030029296875,14.988861083984375,14.98733029367307,0.001595204140814998,3.5589897024129042,-16.571550369262695,0.0,22.21747398376465,14.37063334316232,13.922955684111312,44.13184261896258,28.336435317993164,29.663991928100586,79.51597595214844,49.80767532774052,23.09079878671871,525.6731058732952,340.11962890625,457.9378662109375,822.9697265625,557.610835459783,186.00438054970766,2.8540813980685336,0.0,1.3275551795959473,4.760887622833252,5.933922636411265,5.202466456221816,0.042113061005619734,0.039799999445676804,0.04009999707341194,0.04559999704360962,0.04247707796910488,0.0055490760970062355,9.998765975029837,9.99053955078125,9.99859619140625,10.01068115234375,9.998768531482074,0.007150016913305012,2776.275586614569,2784.929931640625,2791.37548828125,2797.418212890625,2783.636483524418,202.30160547093854,41.9913345635517,24.811548233032227,38.941619873046875,50.7889030456543,67.49572973756818,52.843176989832045,76.80001831054688
2024-07-02_05,Day_2024_07_02_Wafer_05,2024-07-02,5,140.80003356933594,0.12300000339746475,0.12300000339746475,0.12300000339746475,0.12300000339746475,0.12300000339746475,0.0,100,46612.32160091832,14.97406304153529,14.983977317810059,14.987030029296875,14.988861083984375,14.974519358570433,0.11690187478190457,2.282949228178371,0.0,0.0,15.646839809417726,9.056462395659548,8.76399760072738,36.60628001256423,38.3297233581543,39.55198669433594,39.918209075927734,38.04065968779311,10.347562665875886,609.7027595043182,541.9034423828125,655.4231567382812,725.0167968750001,637.0348704283731,184.59678002206215,5.266068506133954,0.09155552834272385,2.059999465942383,15.95812835693361,14.508951316429902,13.51954846846732,0.04160610800714825,0.02979999966919422,0.04409999959170818,0.050700001418590546,0.042589717710027716,0.009100320385423962,10.000973746180534,9.99053955078125,10.0006103515625,10.01068115234375,10.000977265754015,0.008390371643124608,2560.706574830142,2780.6833740234374,2791.29150390625,2798.760986328125,2672.3652512467106,764.406877057355,401.5495486325606,380.7794494628906,398.6022644042969,457.78985595703125,425.73406588721247,141.44771065607327,0.20000004768371582,701.9900000095367,3298,431.60010290145874,0.12300000339746475,0.12300000339746475,0.12300000339746475,0.12300000339746475,0.12300000339746475,0.0,101,264636.5461589868,14.987344485504744,14.985809326171875,14.987030029296875,14.988861083984375,14.987344569468206,0.0015864358344281548,2.6330629018194927,-16.144290924072266,0.0,21.30191993713379,13.747688858805214,13.493180822681468,44.09096599928862,28.611103057861328,29.389324188232422,79.42442321777344,49.7578557903065,23.061459843178035,521.2733950751926,337.97723388671875,452.47886657714844,826.0116882324219,555.2694077933971,191.30646308479007,3.1316403057478004,0.0,1.3275551795959473,4.852443218231201,6.733391044995605,5.960820745521779,0.042119044759608565,0.039799999445676804,0.04009999707341194,0.04600000008940697,0.0424770343955802,0.005503137249005667,9.999813262790965,9.988525390625,10.0006103515625,10.0086669921875,9.999816295355572,0.007787821821066946,2759.210787910129,2784.9970703125,2792.046875,2797.418212890625,2774.685157593769,292.6321097410954,49.53608049387397,24.811548233032227,42.87850570678711,52.85805892944336,105.5739915592505,93.23113440829266,87.2000207901001
2024-07-02_06,Day_2024_07_02_Wafer_06,2024-07-02,6,140.80003356933594,0.12300000339746475,0.12300000339746475,0.12300000339746475,0.12300000339746475,0.12300000339746475,0.0,100,46506.57223910245,14.974175732244145,14.983977317810059,14.987030029296875,14.988861083984375,14.974612293576476,0.11434370469012081,2.6173089796846565,0.0,0.0,14.221625328063965,7.960991581622837,7.518449352594706,36.61109179800207,38.63643264770508,39.50621032714844,39.918209075927734,38.04490196540921,10.346135651336834,611.700140021064,541.4364807128907,660.71044921875,727.5986633300781,639.0862462596931,185.07881795741977,4.999920239672065,0.09155552834272385,2.059999465942383,14.648884773254395,14.138001323365547,13.224366866372227,0.04153465906049612,0.029999999329447746,0.04399999976158142,0.050700001418590546,0.04252312769695029,0.009115288577960035,9.99927424842661,9.99053955078125,9.99859619140625,10.0086669921875,9.999276819114955,0.007170079645918214,2560.35870718956,2779.2900390625,2790.7041015625,2798.760986328125,2671.991542193671,764.2657208544151,404.4689219780478,384.8994445800781,400.7080383300781,463.0329406738282,428.5473407395358,141.62526048994116,0.20000004768371582,691.4000000953674,3246,431.60010290145874,0.12300000339746475,0.12300000339746475,0.12300000339746475,0.12300000339746475,0.12300000339746475,0.0,101,264870.39844566537,14.987341376119902,14.985809326171875,14.987030029296875,14.989471435546875,14.98734146267627,0.0016107450671307556,3.5499758114960596,-14.496292114257812,0.0,20.538957595825195,13.040175919901841,12.547663517953481,44.098136051591624,28.65688133239746,29.34354591369629,79.37864685058594,49.75617735531602,23.044122499869204,527.8974671456634,340.8200378417969,459.2425231933594,834.1074829101562,560.7030515089151,188.9766550466014,3.0147776080414554,0.0,1.6479995250701904,5.186620664596555,6.15537410689257,5.366539515353944,0.04212525414788027,0.039900001138448715,0.04009999707341194,0.045230000838637346,0.042488873464319156,0.005546830738666985,9.99942406335288,9.99053955078125,9.99859619140625,10.01068115234375,9.999426535080651,0.007030769121506019,2777.4154752107324,2783.654296875,2792.046875,2797.418212890625,2784.1313385146764,193.26300256248234,45.61842591009613,26.88680648803711,44.740135192871094,54.689170837402344,69.75932672704135,52.77615828094328,76.80001831054688
2024-07-02_07,Day_2024_07_02_Wafer_07,2024-07-02,7,140.80003356933594,0.12300000339746475,0.12300000339746475,0.12300000339746475,0.12300000339746475,0.12300000339746475,0.0,100,46600.694324723445,14.973939021879977,14.983366966247559,14.987030029296875,14.988861083984375,14.974399215590001,0.11739692024323432,2.3058381338011134,0.0,0.0,13.357951831817628,6.829671216917701,6.4286483363069955,36.61031143773686,38.63643264770508,39.46043395996094,39.918209075927734,38.043914085874746,10.345264395139102,610.7663119706241,550.2121154785157,656.0411376953125,730.3659057617188,638.1262056320677,184.85011895095514,5.0523305719517255,0.09155552834272385,2.014221668243408,15.285195350646987,14.14131761920119,13.207983184379513,0.0415225851545322,0.02979999966919422,0.04399999976158142,0.05079999938607216,0.0425110995760576,0.009114192737160373,10.000075378201224,9.99053955078125,10.0006103515625,10.01068115234375,10.000078644300315,0.00808223266643173,2560.133396061984,2779.5083251953124,2790.7041015625,2798.760986328125,2671.95931955142,764.9075759239275,400.67738703535656,380.8710021972656,398.6175231933594,461.21708374023444,424.52818327499915,140.2918740101876,0.20000004768371582,691.7699999809265,3247,432.0001029968262,0.12300000339746475,0.12300000339746475,0.12300000339746475,0.12300000339746475,0.12300000339746475,0.0,101,264875.0898556928,14.987302653436307,14.985809326171875,14.987030029296875,14.988861083984375,14.98730274525706,0.001659002956071792,3.1498210112253826,-13.12295913696289,0.0,19.196142196655273,11.654614758782364,11.220903384882643,44.07790445575008,28.65688133239746,29.34354591369629,79.37864685058594,49.75770929695015,23.08609913496793,526.3904678768582,338.65704345703125,461.4741973876953,825.8537597656251,559.0249048329747,188.20711875988852,3.059077905810059,0.0,1.6479995250701904,5.5848870277404785,6.162577843824468,5.349711024661142,0.04211023075126663,0.039799999445676804,0.04009999707341194,0.04581000059843065,0.04247683586342095,0.00556866689999341,9.999977189081687,9.99053955078125,10.0006103515625,10.01068115234375,9.999979916181394,0.007385247264831561,2776.2933800167507,2783.654296875,2792.046875,2797.5859375,2783.644519740224,202.16795086004407,43.671492545693006,24.842065811157227,42.90902328491211,52.83059310913087,68.60979180063065,52.916011468716775,76.60001826286316
2024-07-02_08,Day_2024_07_02_Wafer_08,2024-07-02,8,140.80003356933594,0.12300000339746475,0.12300000339746475,0.12300000339746475,0.12300000339746475,0.12300000339746475,0.0,100,46654.02492001367,14.974369944496589,14.983977317810059,14.987030029296875,14.988861083984375,14.974804162872054,0.11403719449136022,2.8130349435589532,0.0,0.0,13.946958541870117,7.2676941798393395,6.701209823456275,36.58755264498971,38.59065628051758,39.46043395996094,39.918209075927734,38.02053576039198,10.3398322499619,610.9710446921262,535.6067199707031,656.5904541015625,726.7471618652344,638.4990597790465,185.46005469248198,5.073723868334624,0.1052888564765452,2.059999465942383,14.479506587982197,14.317539075431684,13.388399877670395,0.04161321011170829,0.02982999961823225,0.04490000009536743,0.05079999938607216,0.042607449776296935,0.009150711482638064,9.999540319496935,9.9925537109375,10.0006103515625,10.0086669921875,9.999542602561458,0.006757158923509068,2560.4948459972034,2779.2900390625,2790.7879638671875,2799.0966796875,2672.184846549288,764.4854463947627,402.74649008471437,382.8241882324219,398.6327819824219,463.0726135253907,426.8117258485764,141.29230002474796,0.20000004768371582,701.710000038147,3298,431.400102853775,0.12300000339746475,0.12300000339746475,0.12300000339746475,0.12300000339746475,0.12300000339746477,0.0,101,264517.77519107366,14.987425562735227,14.985809326171875,14.987030029296875,14.989471435546875,14.987425648009577,0.0015987763866738695,3.546230993505203,-12.08533000946045,0.0,19.28769874572754,11.515746953302115,10.956124936910408,44.093027853225195,28.65688133239746,29.34354591369629,79.37864685058594,49.75326196201207,23.0476022743214,524.8847245245993,337.97723388671875,458.6932067871094,827.158447265625,557.9370505627784,189.18186581019833,3.085871240171601,0.0,1.5564439296722412,5.447554111480713,6.273094581746611,5.461603640014578,0.04212521949474685,0.039900001138448715,0.04009999707341194,0.04570000246167183,0.04249160010748864,0.005567940572072205,9.99905187176177,9.99053955078125,9.99859619140625,10.0086669921875,9.999054158047803,0.006761759426320165,2760.342279334283,2783.654296875,2792.046875,2797.418212890625,2775.1751060931842,286.5438367840654,49.12046778063891,24.811548233032227,40.955841064453125,50.965911865234375,105.44305130249136,93.30282264214217,87.40002083778381
2024-07-02_09,Day_2024_07_02_Wafer_09,2024-07-02,9,140.60003352165222,0.12300000339746475,0.12300000339746475,0.12300000339746475,0.12300000339746475,0.12300000339746475,0.0,100,46564.47199319614,14.974065413007017,14.983489036560059,14.987030029296875,14.988861083984375,14.974517314553383,0.11633490811465012,2.0403121402897844,0.0,0.0,12.048707771301272,5.898257997747256,5.53412809556985,36.58424744802722,38.68220901489258,39.46043395996094,39.918209075927734,38.018717002228215,10.344838382354299,613.0781865994927,538.5113037109375,661.4658203125,728.745361328125,640.6337587211917,185.86756018498687,4.949012617086448,0.09155552834272385,2.1057772636413574,14.209417915344263,14.075457126929896,13.176713074509923,0.0415574679294254,0.02969999983906746,0.04399999976158142,0.05079999938607216,0.042538846878712545,0.009084621789889329,10.001060209097936,9.98651123046875,10.0006103515625,10.01068115234375,10.001064144431563,0.008872149265431702,2560.0241163533237,2780.095751953125,2790.7041015625,2797.35107421875,2671.8037695779594,764.7299567954555,404.68121564287594,384.1059631347656,400.7080383300781,463.673828125,428.77785521858556,141.71648750817434,0.20000004768371582,691.4399998188019,3246,431.400102853775,0.12300000339746475,0.12300000339746475,0.12300000339746475,0.12300000339746475,0.12300000339746477,0.0,101,264837.5038870027,14.987437737667843,14.985809326171875,14.987030029296875,14.989471435546875,14.987437821617164,0.001586307173952733,3.060297659165228,-11.810663223266598,0.0,18.21955108642578,10.725288234395606,10.279415642349162,44.13400927151471,28.65688133239746,29.34354591369629,79.3328628540039,49.79820834414158,23.066225957195194,526.4319365691077,339.625244140625,461.1651916503906,826.622802734375,558.4293763879083,186.3136725339477,2.935443426304923,0.0,1.6479995250701904,5.21866512298584,5.722978066960591,4.912804682243657,0.0421338889844574,0.039900001138448715,0.04009999707341194,0.04570000246167183,0.04250069307847468,0.00557174220474395,9.999837159999942,9.98651123046875,10.0006103515625,10.0086669921875,9.999840292366745,0.00791494319251518,2777.4039449112583,2783.822021484375,2792.046875,2797.418212890625,2784.1193129839776,193.25546750805418,45.531649510397315,26.90511817932129,43.214210510253906,54.689170837402344,69.69526951022259,52.76646174384728,77.2000184059143
2024-07-02_10,Day_2024_07_02_Wafer_10,2024-07-02,10,140.80003356933594,0.12300000339746475,0.12300000339746475,0.12300000339746475,0.12300000339746475,0.12300000339746475,0.0,100,46552.92747663986,14.973678056489337,14.983366966247559,14.987030029296875,14.988861083984375,14.97415195045001,0.11913058287238992,2.268990484150973,0.0,0.0,12.472914409637452,5.702838144104033,5.232021127698192,36.59145423499021,38.68220901489258,39.46043395996094,39.918209075927734,38.02391063038169,10.338435887302817,611.1546109589664,532.4823791503907,656.1441345214844,729.9676513671875,638.7052547107003,185.56520120608536,4.9211747017054055,0.09155552834272385,2.1057772636413574,14.209418392181401,14.007782641754629,13.114877585930302,0.04154474428585011,0.02979999966919422,0.04390000179409981,0.05079999938607216,0.042547085027960826,0.009180885937634407,9.999812120741064,9.99053955078125,10.0006103515625,10.01068115234375,9.999814825303405,0.007354606575581087,2560.106210448525,2780.465087890625,2791.039794921875,2798.3245849609375,2671.9760019539895,765.056825497896,403.9277818985495,382.8852233886719,402.6917419433594,467.0919006347657,427.7133036727043,140.64500399636225,0.20000004768371582,694.2000000476837,3247,431.80010294914246,0.12300000339746475,0.12300000339746475,0.12300000339746475,0.12300000339746475,0.12300000339746477,0.0,101,264907.0377427204,14.987372329909805,14.985809326171875,14.987030029296875,14.989471435546875,14.987372421931635,0.0016608223402502106,3.0810831259002613,-11.200292587280273,0.0,17.59086837768555,10.107542684032842,9.626491878188984,44.064925211897155,28.748435974121094,29.29776954650879,79.3328628540039,49.73711489057629,23.066490060438223,523.8713300315359,336.7412414550781,456.8392028808594,828.5592041015625,557.2046053340471,189.83098213005368,2.975406253994229,0.0,1.6479995250701904,5.5848870277404785,5.93298348861495,5.132957305478944,0.04212644678549587,0.039900001138448715,0.04009999707341194,0.04580000042915344,0.04249724731337299,0.005601652474294768,9.999788456572709,9.99053955078125,9.99859619140625,10.01068115234375,9.999791501417404,0.00780356424614794,2776.128880962391,2783.654296875,2792.046875,2797.418212890625,2783.4866990434307,202.25389993321795,44.817498423093554,26.825769424438477,43.000579833984375,53.010650634765625,69.26369052613624,52.80956978045157,76.80001831054688
2024-07-05_01,Day_2024_07_05_Wafer_01,2024-07-05,1,140.60003352165222,50.43679924110006,0.12300000339746475,0.12300000339746475,0.12300000339746475,198.8962300839013,192.39500935289655,100,46484.53688669528,14.974694804141397,14.982146263122559,14.986419677734375,14.987640380859375,14.975042769952813,0.1020856735133686,2.1589566348796208,0.0,0.0,13.879817771911624,7.554399953165927,7.239327655321495,36.60625731249792,38.31599044799805,39.41465377807617,39.918209075927734,38.0719311574896,10.462020246196273,600.4623747346751,555.1560791015626,644.505126953125,710.4800415039062,626.9533265149638,180.32029879127148,6.571941779876077,0.13733328878879547,2.059999465942383,23.15439376831055,16.484164349087848,15.117448710998099,0.041489331714098854,0.029899999499320984,0.04390000179409981,0.05037999972701073,0.04243046624958567,0.008887059135321394,9.99833259745309,9.988525390625,9.99859619140625,10.0086669921875,9.998335602818784,0.0077522448781025925,2563.8787482357975,2779.96142578125,2791.039794921875,2799.264404296875,2674.077530574073,759.7475922080788,401.8264964552726,378.8262634277344,398.6938171386719,458.99228515625026,425.70306175801124,140.56515761961046,0.20000004768371582,690.9500000476837,3245,432.0001029968262,0.12300000339746475,0.12300000339746475,0.12300000339746475,0.12300000339746475,0.12300000339746475,0.0,101,264973.0219331286,14.987226906529179,14.985198974609375,14.987030029296875,14.989471435546875,14.987227011969615,0.001777784995155913,2.525590341179459,-13.977477073669434,0.0,19.10458755493164,11.56805996855392,11.288994856257165,44.10585845929605,28.611103057861328,29.29776954650879,79.37864685058594,49.79589487217144,23.11502532312896,518.6244289256908,337.1463623046875,448.32452392578125,819.193115234375,551.8842400388255,188.69264989589044,2.633662594008018,0.0,1.3275551795959473,4.8707542896271,5.149902573287205,4.425530234364368,0.04214541605949678,0.039900001138448715,0.04009999707341194,0.04619999974966049,0.04251662290781877,0.0056059904261040626,9.997143372782954,9.988525390625,9.99859619140625,10.00665283203125,9.997145553623131,0.006603358887795812,2776.737403212653,2785.1650390625,2792.382568359375,2798.089599609375,2784.1035841018465,202.39110802750062,44.49068845024815,26.88680648803711,40.955841064453125,53.010650634765625,69.13301412704519,52.914575340951046,76.40001821517944
2024-07-05_02,Day_2024_07_05_Wafer_02,2024-07-05,2,141.40003371238708,0.12300000339746475,0.12300000339746475,0.12300000339746475,0.12300000339746475,0.12300000339746475,0.0,100,46702.97140706908,14.974996042049252,14.983977317810059,14.987030029296875,14.988861083984375,14.975394480666408,0.10924006674819702,2.561482828779639,-13.653981590270996,0.0,19.330424118041993,11.482298671041583,11.192943691847573,36.57701622343805,38.178653717041016,39.46043395996094,40.19287872314453,38.00669041599928,10.326199715672788,605.2573463839217,539.6099853515625,651.0285034179688,719.9697875976562,632.1782068384135,182.51802609530245,5.748120259920391,0.09155552834272385,2.059999465942383,18.16461715698242,15.139055538774656,14.005360262542208,0.04143437090734233,0.02979999966919422,0.043800000101327896,0.05040000006556511,0.04238727178956391,0.00893720970298582,9.999228602925992,9.98651123046875,10.0006103515625,10.01068115234375,9.999232266570688,0.008559629378506066,2561.529625122416,2779.625732421875,2791.039794921875,2799.0966796875,2672.7500199570673,762.9932167462031,400.3459566887442,379.0704040527344,396.8627014160156,455.7451171875,424.5803388491231,141.39158072604735,0.20000004768371582,691.4500000476837,3247,431.60010290145874,0.12300000339746475,0.12300000339746475,0.12300000339746475,0.12300000339746475,0.12300000339746475,0.0,101,264683.44441639876,14.987158932654918,14.985198974609375,14.987030029296875,14.988861083984375,14.98715902252363,0.001641265767687587,3.342950570351333,-20.007935142517088,0.0,24.109622955322266,16.319849689120215,15.973796523045637,44.0523157314198,28.24488067626953,29.663991928100586,79.74486541748047,49.73278899752438,23.08124303783455,519.8934756288714,339.0072326660156,448.83953857421875,827.1721801757812,553.2512890456567,189.20296728437657,2.6614530267706615,0.0,1.2817773818969727,4.669332027435303,5.536348001399086,4.854669605533309,0.04213461485036249,0.039900001138448715,0.04009999707341194,0.04580000042915344,0.04249545152507953,0.005526086475255048,9.9989919141004,9.99053955078125,9.99859619140625,10.0086669921875,9.998994746935132,0.007526685272180356,2776.4959460056084,2784.9970703125,2792.046875,2797.75390625,2783.8592674936576,202.34298363112865,42.586882927994466,24.842065811157227,38.941619873046875,48.92116928100586,68.15024702010459,53.20539043535502,76.40001821517944
2024-07-05_03,Day_2024_07_05_Wafer_03,2024-07-05,3,140.80003356933594,0.12300000339746475,0.12300000339746475,0.12300000339746475,0.12300000339746475,0.12300000339746475,0.0,100,46533.89373929122,14.974564160812985,14.983977317810059,14.987030029296875,14.988861083984375,14.975000840798184,0.11436072578316267,2.9248783452944322,-11.746574306488037,0.0,18.372142791748047,10.266517384393177,9.841060200470022,36.54138487035578,38.22443389892578,39.46043395996094,40.19287872314453,37.97498729511517,10.335707611029461,608.420331066305,551.1184814453125,654.4961242675781,723.3275878906251,635.5308650481218,183.64144732053742,5.5794901496476745,0.09155552834272385,2.014221668243408,18.068483352661136,15.00465896847298,13.928714241815761,0.041377841286620504,0.029999999329447746,0.04364999942481518,0.05040000006556511,0.04234421793351437,0.00899483423194691,9.999929429455237,9.99053955078125,9.99859619140625,10.01068115234375,9.999932484123244,0.007816197177513829,2560.61072603139,2779.2900390625,2792.046875,2799.0966796875,2672.2713809812803,764.3997928732032,403.730105023175,382.8547058105469,400.6775207519531,459.8345947265625,427.91175941229903,141.8114104763978,0.20000004768371582,691.710000038147,3247,431.80010294914246,0.12300000339746475,0.12300000339746475,0.12300000339746475,0.12300000339746475,0.12300000339746477,0.0,101,264880.88536637335,14.987235774260641,14.985809326171875,14.987030029296875,14.988861083984375,14.987235862836004,0.0016294169734455371,3.4064678299918447,-18.469801330566405,0.0,24.02417030334473,15.816039681569093,15.444840178266618,44.081590906013325,28.290658950805664,29.663991928100586,79.47019958496094,49.74007361582667,23.04101270566769,520.9072462808981,337.7437744140625,453.3371887207031,825.8674926757812,554.0616182380562,188.78537437160045,2.7838563122279725,0.0,1.3275551795959473,4.806665420532227,5.745476371327742,5.0259966938263965,0.04215307952943998,0.039799999445676804,0.04009999707341194,0.045900002121925354,0.0425206847953143,0.005579114772719814,9.999734342733209,9.99053955078125,9.99859619140625,10.01068115234375,9.999737172722115,0.007523183004121977,2776.379922433052,2784.9970703125,2792.046875,2797.418212890625,2783.7365249417094,202.24630183314568,42.63220914352156,24.811548233032227,40.86428451538086,50.87435531616211,67.95087485380418,52.91328885015934,76.80001831054688
2024-07-05_04,Day_2024_07_05_Wafer_04,2024-07-05,4,140.80003356933594,0.12300000339746475,0.12300000339746475,0.12300000339746475,0.12300000339746475,0.12300000339746475,0.0,100,46673.254487241415,14.975034081123091,14.983977317810059,14.987030029296875,14.988861083984375,14.975439346055133,0.11017203174127538,3.317240593108264,-10.498367309570312,0.0,16.989653968811037,10.25388093720844,9.702473350743169,36.55445491183888,38.31599044799805,39.46043395996094,39.918209075927734,37.98720423423196,10.334384917913066,613.3896915045651,552.4369079589844,659.2341613769531,727.4338684082031,640.8923133778213,185.73110591042595,5.560307680655652,0.09155552834272385,2.08288836479187,17.30399513244629,14.905771100530826,13.829858661528748,0.04148323909215502,0.029899999499320984,0.0446500014513731,0.05040000006556511,0.042457729818557645,0.00904431842477588,10.000759146430276,9.99053955078125,9.99859619140625,10.01068115234375,10.000762758837736,0.008500214523021103,2560.5303724462337,2780.80078125,2790.871826171875,2798.760986328125,2672.1972055045653,764.4096525337445,405.3038459257646,382.8852233886719,402.7527770996094,463.6494140625,429.40998397321493,141.85107265601044,0.20000004768371582,701.960000038147,3298,431.80010294914246,0.12300000339746475,0.12300000339746475,0.12300000339746475,0.12300000339746475,0.12300000339746477,0.0,101,264752.3608771678,14.987228423591674,14.985809326171875,14.987030029296875,14.988861083984375,14.987228513383068,0.001640563398730467,3.255882522473461,-16.638691329956053,0.0,22.351755523681643,14.65769261530194,14.291507331437398,44.097514597339284,28.565324783325195,29.663991928100586,79.42442321777344,49.76759106225199,23.0699442235345,521.2303521428853,337.62017822265625,453.3371887207031,832.9676025390625,555.7184820655109,192.7224722605005,3.0781358781927657,0.0,1.3275551795959473,5.081331729888916,6.473061273166747,5.694348229740922,0.042158544965989066,0.039900001138448715,0.04009999707341194,0.046299997717142105,0.042519123753739396,0.005525664768739025,9.999717571493541,9.99053955078125,9.99859619140625,10.01068115234375,9.999720668564613,0.007870176722734174,2759.1916318454364,2783.822021484375,2792.046875,2797.418212890625,2774.6598687030873,292.5729408977416,51.29615816467059,26.88680648803711,43.031097412109375,54.63423538208008,106.26774154878929,93.06737909399496,87.00002074241638
2024-07-05_05,Day_2024_07_05_Wafer_05,2024-07-05,5,140.80003356933594,0.12300000339746475,0.12300000339746475,0.12300000339746475,0.12300000339746475,0.12300000339746475,0.0,100,46487.24365651889,14.974474848671393,14.983977317810059,14.987030029296875,14.988861083984375,14.974914026705116,0.11468702506173808,3.3218357237902554,0.0,0.0,15.95202512741089,8.4892125113326,7.8123067327593345,36.56056718392806,38.59065628051758,39.46043395996094,39.918209075927734,37.99254475164661,10.332394877053124,611.5907038341869,547.1220886230469,654.6334533691406,726.4999694824219,638.864816885022,184.67556751540425,5.220290745423302,0.09155552834272385,2.059999465942383,15.619373130798373,14.405865250740458,13.42674637266003,0.04139431864049667,0.02979999966919422,0.04375000111758709,0.05050000175833702,0.04235029134231691,0.008947489092932871,9.99921703067693,9.99053955078125,9.99859619140625,10.0086669921875,9.999219420057315,0.006912587925954387,2560.126244241541,2780.633056640625,2790.7041015625,2798.760986328125,2671.951588156038,764.904505801392,400.7092924617675,380.7886047363281,398.6022644042969,461.47344055175785,424.58635937134113,140.37677692196547,0.20000004768371582,691.7200000286102,3247,431.80010294914246,0.12300000339746475,0.12300000339746475,0.12300000339746475,0.12300000339746475,0.12300000339746477,0.0,101,264981.88631162717,14.987257542683052,14.985198974609375,14.987030029296875,14.988861083984375,14.987257629763207,0.0016156068202286848,3.811958324031291,-15.289772987365723,0.0,22.04657211303711,13.890283969927326,13.356981788602866,44.09929569256753,28.611103057861328,29.389324188232422,79.37864685058594,49.75462993069615,23.038561564473177,525.2174063784594,337.0021667480469,459.5172119140625,829.9737548828125,558.3093897943095,189.35694011463784,2.99909025801828,0.0,1.693777322769165,5.136265087127688,5.9712776916702515,5.16348863611596,0.042161277726968996,0.039900001138448715,0.04009999707341194,0.046299997717142105,0.042530841539925444,0.0055945636580197935,9.999377030694633,9.99053955078125,9.99859619140625,10.0086669921875,9.999379558041566,0.0071094160170729745,2776.3607964420717,2783.654296875,2792.046875,2797.418212890625,2783.71720251181,202.24290232223373,42.308082514308346,24.750511169433594,40.92531967163086,50.90487289428711,67.7699858123775,52.94145002710377,76.80001831054688
2024-07-05_06,Day_2024_07_05_Wafer_06,2024-07-05,6,141.00003361701965,0.12300000339746475,0.12300000339746475,0.12300000339746475,0.12300000339746475,0.12300000339746475,0.0,100,46662.6360132529,14.974299593174711,14.983977317810059,14.987030029296875,14.988861083984375,14.97474998334342,0.1161411102557957,2.9622001255657655,0.0,0.0,14.191106796264648,7.476449974733958,6.864595737608848,36.5746152025588,38.59065628051758,39.46043395996094,39.872432708740234,38.00482496708195,10.32783828123243,613.4911933195507,535.984375,660.6417846679688,728.0449829101562,640.9196073535019,185.4898886988741,5.089643268556671,0.09155552834272385,2.1057772636413574,14.813684844970709,14.200560569263386,13.257128342146869,0.04139035501590012,0.02969999983906746,0.04370000213384628,0.05050000175833702,0.042352780629935166,0.008977557504419746,10.000658936196185,9.988525390625,10.0006103515625,10.01068115234375,10.000663075946644,0.009099477016521272,2560.484968404567,2780.633056640625,2790.7041015625,2798.525927734375,2671.9799099549164,763.8019152744687,405.8465298333172,384.8811340332031,402.6307067871094,467.5496826171875,429.93193242022824,141.88044522359672,0.20000004768371582,691.4399998188019,3247,431.60010290145874,0.12300000339746475,0.12300000339746475,0.12300000339746475,0.12300000339746475,0.12300000339746475,0.0,101,264686.45824790356,14.987242377831828,14.985809326171875,14.987030029296875,14.988861083984375,14.987242466108595,0.0016266685638478458,3.4006924951816733,-13.672292709350586,0.0,20.487075805664062,12.543887064062853,12.074120805639573,44.07545928141936,28.65688133239746,29.34354591369629,79.3328628540039,49.73399149456394,23.03961369279664,524.4223874633902,337.338623046875,457.800537109375,826.8356628417969,557.4315217514601,188.9737044388619,2.9355892898347418,0.0,1.6479995250701904,5.186620664596555,5.847954226309582,5.057754853135891,0.04215162131500338,0.039900001138448715,0.04009999707341194,0.04609999805688858,0.042526058646473935,0.005630851136364155,10.00013433638494,9.99053955078125,10.0006103515625,10.0086669921875,10.00013668829104,0.006858480838883766,2776.3212499963233,2783.822021484375,2792.046875,2797.418212890625,2783.6838203693046,202.32629242068637,45.79122746355341,26.88680648803711,44.740135192871094,54.689170837402344,69.91149483921225,52.827839233062655,76.80001831054688
2024-07-05_07,Day_2024_07_05_Wafer_07,2024-07-05,7,140.60003352165222,0.12300000339746475,0.12300000339746475,0.12300000339746475,0.12300000339746475,0.12300000339746475,0.0,100,46466.6164410575,14.97462976029723,14.983366966247559,14.987030029296875,14.988861083984375,14.975044808015008,0.11149234986208952,2.5563918570875273,0.0,0.0,13.605151939392092,7.042353996901436,6.561982207434749,36.566209871772344,38.59065628051758,39.46043395996094,39.909053802490234,38.00036228725058,10.341171576557226,612.7223501625983,534.1441040039062,659.7491455078125,728.1823120117188,640.2089604490706,185.57703158123235,4.9581941934209715,0.13733328878879547,2.059999465942383,14.191107177734391,14.03079976197936,13.125534362496888,0.041346088476388966,0.02969999983906746,0.04370000213384628,0.05050000175833702,0.04233589538122435,0.009101044194628911,9.99947864537897,9.99053955078125,9.99859619140625,10.0086669921875,9.999481006654467,0.00687190318459865,2559.511968512284,2780.465087890625,2790.5361328125,2798.55947265625,2671.474356683772,765.2932258039042,405.47391564512407,384.8445129394531,402.8138122558594,469.26481933593766,429.3964122755161,141.32297267782005,0.20000004768371582,691.4800000190735,3247,431.80010294914246,0.12300000339746475,0.12300000339746475,0.12300000339746475,0.12300000339746475,0.12300000339746477,0.0,101,264863.668197443,14.987219093573652,14.985198974609375,14.987030029296875,14.988861083984375,14.987219187993615,0.0016823154808420513,3.0925894092773607,-13.647877883911132,0.0,19.727163696289065,11.99249988031328,11.586886731341579,44.089690614376096,28.65688133239746,29.34354591369629,79.3328628540039,49.74773776278066,23.042061410450877,522.8916778564453,337.3592224121094,454.5732116699219,831.2921752929688,556.142660232113,189.4174008863045,2.9684939991411867,0.0,1.6479995250701904,5.136265087127688,6.012805867238514,5.228946143742606,0.042134274553029614,0.039799999445676804,0.04009999707341194,0.045900002121925354,0.0425005478521909,0.0055677172724815874,9.999749274207465,9.99053955078125,9.99859619140625,10.01068115234375,9.999752239841655,0.007701376856149882,2776.1800405582712,2783.822021484375,2792.046875,2797.418212890625,2783.536542659298,202.23764912981162,45.340779864164126,26.85628890991211,43.45835876464844,54.664753723144536,69.61170298019643,52.82047778194076,77.00001835823059
2024-07-05_08,Day_2024_07_05_Wafer_08,2024-07-05,8,141.20003366470337,0.12300000339746475,0.12300000339746475,0.12300000339746475,0.12300000339746475,0.12300000339746474,0.0,100,46565.26156859556,14.974120502093696,14.983977317810059,14.987030029296875,14.988861083984375,14.974586254135005,0.11810449316727331,3.1071387390914786,0.0,0.0,14.496292114257812,7.622781520820618,6.96078206598952,36.570403063938905,38.63643264770508,39.46043395996094,39.918209075927734,37.998169733059925,10.318261617320971,613.5351229875689,530.9305114746094,660.9851379394531,730.6817626953125,641.2029883101056,186.32210034893401,5.2730667346945985,0.09155552834272385,2.059999465942383,16.525772094726562,14.526723388166008,13.535895227422031,0.041554674430995676,0.029899999499320984,0.043800000101327896,0.05050000175833702,0.04252695490051744,0.009041621870250876,10.000844325965254,9.99053955078125,10.0006103515625,10.01068115234375,10.000847557603608,0.008039790707675985,2561.22498563599,2780.633056640625,2791.29150390625,2798.25732421875,2672.5947138589986,763.4717267201102,407.5653201725239,384.8994445800781,404.7059631347656,471.8314208984375,431.57745522105216,141.9493207019582,0.20000004768371582,701.960000038147,3299,431.80010294914246,0.12300000339746475,0.12300000339746475,0.12300000339746475,0.12300000339746475,0.12300000339746477,0.0,101,265001.23865040595,14.987428306484178,14.985809326171875,14.987030029296875,14.989471435546875,14.987428395107466,0.0016298682024058712,3.4097755497503526,-13.183996200561523,0.0,19.56236457824707,12.037233013104789,11.544193748898381,44.07158307512362,28.65688133239746,29.34354591369629,79.37864685058594,49.74619644556601,23.07335316015688,523.7409942047416,336.7137756347656,459.7918701171875,823.450439453125,557.1746734433281,190.10257156626787,3.0547487251909176,0.0,1.3733329772949219,5.447554111480713,6.235355542125169,5.435822749378011,0.04212691008030071,0.03988000079989434,0.04009999707341194,0.045900002121925354,0.042484844961264874,0.0055032261873352,10.000360325013338,9.99053955078125,10.0006103515625,10.0086669921875,10.000362711216768,0.006908385769232957,2759.0303892106467,2783.654296875,2792.046875,2797.418212890625,2774.4807807942857,292.39513403785946,51.44313892427074,26.85628890991211,44.709617614746094,54.719688415527344,106.32457376799813,93.05116036119406,86.80002069473267
2024-07-05_09,Day_2024_07_05_Wafer_09,2024-07-05,9,140.80003356933594,0.12300000339746475,0.12300000339746475,0.12300000339746475,0.12300000339746475,0.12300000339746475,0.0,100,46514.85793732191,14.974306643009186,14.983977317810059,14.987030029296875,14.988861083984375,14.974754448433524,0.11580739186501121,3.0065066895701666,0.0,0.0,14.34369945526123,6.988253097958279,6.308454556124925,36.5683051943779,38.63643264770508,39.46043395996094,39.826656341552734,38.000059920914346,10.332647734434532,613.3010285117409,531.5210510253906,662.1867980957031,731.5538635253906,641.02053199017,186.46493198293658,4.906413942787119,0.09155552834272385,2.1057772636413574,13.046662330627441,13.983930107991208,13.094938086421301,0.04144630710983289,0.029999999329447746,0.043800000101327896,0.05050000175833702,0.04242766238271123,0.009072494817785538,10.001073839989575,9.9925537109375,10.0006103515625,10.01068115234375,10.001076257938587,0.006954435927545439,2560.057343006134,2779.3404296875,2790.7041015625,2799.0966796875,2671.9236280542877,765.0374335123486,402.42630569079085,382.8547058105469,400.5401916503906,465.03495483398444,426.2654087382787,140.55343174349733,0.20000004768371582,691.4800000190735,3246,431.400102853775,0.12300000339746475,0.12300000339746475,0.12300000339746475,0.12300000339746475,0.12300000339746477,0.0,101,264758.72233002953,14.9872656735105,14.985198974609375,14.987030029296875,14.988861083984375,14.987265764592758,0.0016523159606311112,3.325187579647059,-12.817773818969727,0.0,19.299905776977543,11.718802852274386,11.237146784243553,44.14924727162665,28.65688133239746,29.34354591369629,79.3328628540039,49.80587102243213,23.053606087810028,523.1776724485097,336.2742919921875,454.3671875,827.7214965820312,556.601231199085,189.97382352233967,3.0805230697890678,0.0,1.693777322769165,5.21866512298584,6.157998678344661,5.332103275349413,0.042160963775191976,0.039900001138448715,0.04009999707341194,0.045780002325773256,0.042536625843871884,0.005640715533378702,9.9988520440538,9.99053955078125,9.99859619140625,10.01068115234375,9.998854744178653,0.007348217815153156,2777.470633912208,2783.654296875,2792.046875,2797.418212890625,2784.1936649029167,193.3681500166277,42.20218908515969,24.719993591308594,40.92531967163086,50.90487289428711,67.74303721098538,52.991455226190745,77.00001835823059
2024-07-05_10,Day_2024_07_05_Wafer_10,2024-07-05,10,140.60003352165222,0.12300000339746475,0.12300000339746475,0.12300000339746475,0.12300000339746475,0.12300000339746475,0.0,100,46385.51366746604,14.974265984417196,14.983977317810059,14.987030029296875,14.988861083984375,14.974709270021345,0.11522130701105958,2.403365181316522,0.0,0.0,13.580737113952637,6.5025012205958514,6.042049149840304,36.56855404936572,38.68220901489258,39.41465377807617,39.826656341552734,38.002354207483855,10.340202128086462,611.7075879678957,527.2636840820312,657.6891479492188,730.269775390625,639.3741350082728,186.045992539684,4.805818680355889,0.09155552834272385,2.1057772636413574,12.973418045043971,13.759101172350622,12.89251611914923,0.041390754018842665,0.02969999983906746,0.043800000101327896,0.050599999725818634,0.042367634361574306,0.00904554714473987,10.001532938538032,9.9925537109375,10.0006103515625,10.01068115234375,10.001535902182301,0.007699479223396209,2560.1318045734174,2779.357177734375,2791.039794921875,2798.760986328125,2671.9553041469626,764.8988760422827,407.44047115777073,386.8587341308594,404.7975158691406,469.79583740234375,431.41549388432287,141.81534058834407,0.20000004768371582,649.0,3246,431.80010294914246,0.12300000339746475,0.12300000339746475,0.12300000339746475,0.12300000339746475,0.12300000339746477,0.0,101,264797.65322027536,14.987183183914757,14.984588623046875,14.987030029296875,14.988861083984375,14.98718328209069,0.0017154478642395872,3.20642246036079,-12.390514373779297,0.0,19.019134902954104,11.283577420825832,10.818409052049399,44.086976573885785,28.65688133239746,29.29776954650879,79.3328628540039,49.75825721518193,23.069951401462703,523.3416836744328,336.8648376464844,451.89520263671875,826.5404052734375,556.6402669524358,189.63614877361533,2.8797797126822338,0.0,1.3275551795959473,5.45670967102051,5.751930138222156,4.979113286661811,0.042127095267259454,0.039799999445676804,0.04009999707341194,0.04609999805688858,0.04248958292060459,0.00553827600523662,9.999757665127945,9.99053955078125,10.0006103515625,10.0086669921875,9.999759998125395,0.0068307264420575916,2776.2854605706107,2783.654296875,2792.046875,2797.418212890625,2783.6398469483256,202.2123610037976,44.88300227633004,26.825769424438477,43.000579833984375,53.010650634765625,69.37750403253912,52.90325294769629,76.80001831054688
2024-07-09_01,Day_2024_07_09_Wafer_01,2024-07-09,1,141.20003366470337,50.52141775407171,0.12300000339746475,0.12300000339746475,0.12300000339746475,199.65520015019288,193.15741066584047,100,46680.44632201838,14.974222422321525,14.982756614685059,14.986419677734375,14.987640380859375,14.974605224610887,0.10707231101892781,2.101281506481657,0.0,0.0,15.289772987365723,7.759815535997007,7.46989646402269,36.5746826085423,38.31599044799805,39.46043395996094,39.918209075927734,38.003161467697446,10.321476329686464,603.0748400161355,547.4104919433594,650.7881164550781,715.7124633789062,629.753160296561,181.35539761203302,6.438324810937047,0.13733328878879547,2.1057772636413574,21.21799373626709,16.325753139299746,15.002606080085815,0.04157308785630016,0.029999999329447746,0.04404999874532223,0.0502999983727932,0.04249358030417294,0.008796745600478776,10.001412071519804,9.99053955078125,10.0006103515625,10.01068115234375,10.0014179163619,0.010812649202557978,2560.8671662760185,2779.4580078125,2789.697021484375,2799.1805419921875,2672.266489022368,763.5231136261481,404.69441781419914,380.7947082519531,398.6938171386719,463.6982421875,429.08873236844863,142.61685887576047,0.20000004768371582,691.7200000286102,3247,431.60010290145874,0.12300000339746475,0.12300000339746475,0.12300000339746475,0.12300000339746475,0.12300000339746475,0.0,101,264717.5766001908,14.987031074449682,14.984588623046875,14.987030029296875,14.988861083984375,14.987031176534492,0.0017492559628423218,2.9747768672557755,-14.078188228607177,0.0,19.693593978881836,11.745540921755916,11.36258923549922,44.036321150361665,28.65688133239746,29.34354591369629,79.37864685058594,49.71710160478755,23.077968097797942,520.1702420055259,338.0252990722656,448.04986572265625,824.2812805175781,553.633291944323,189.55933446027026,2.8100292449186974,0.0,1.3275551795959473,5.081331729888916,5.624669825246498,4.872437407062314,0.042079193174901164,0.039900001138448715,0.04009999707341194,0.04520000144839287,0.04242839478058686,0.0054323278073659725,9.998787513146034,9.99053955078125,9.99859619140625,10.0086669921875,9.998790332977817,0.007509314590658729,2776.4999882836823,2783.822021484375,2792.046875,2798.760986328125,2783.868632171048,202.4163438228607,44.75735991745773,26.917325973510742,41.016876220703125,53.010650634765625,69.36758202041072,52.99660525521949,76.60001826286316
2024-07-09_02,Day_2024_07_09_Wafer_02,2024-07-09,2,141.40003371238708,0.12300000339746475,0.12300000339746475,0.12300000339746475,0.12300000339746475,0.12300000339746475,0.0,100,46686.634460321235,14.975033185438186,14.983977317810059,14.987030029296875,14.988861083984375,14.975420285903171,0.10767466956204352,3.7834750166033753,-10.693685913085938,0.0,18.67732810974121,10.45458365604071,9.745954864449743,36.56490795885488,38.22443389892578,39.46043395996094,40.147098541259766,37.992602921193814,10.317237163503398,608.3200537264769,556.2822509765625,656.0411376953125,718.8298950195312,635.3988261236273,183.51670352722604,6.03826193729102,0.13733328878879547,2.1057772636413574,20.783105850219727,15.477076420890425,14.250589016414194,0.041631258967499835,0.029999999329447746,0.045900002121925354,0.0502999983727932,0.042565334083047135,0.00886825475403014,9.99955909896268,9.9877197265625,10.0006103515625,10.01068115234375,9.999562508866195,0.008258030944954205,2560.963393711808,2779.2900390625,2789.361328125,2799.0966796875,2672.1229544349717,762.6975676415808,402.4090859531155,380.7672424316406,398.6022644042969,462.5324340820312,426.70988187256347,141.94453434378923,0.20000004768371582,701.710000038147,3298,431.80010294914246,0.12300000339746475,0.12300000339746475,0.12300000339746475,0.12300000339746475,0.12300000339746477,0.0,101,264850.83357556077,14.987228424916834,14.985198974609375,14.987030029296875,14.988861083984375,14.98722851109279,0.0016071955143837982,3.7217456562312567,-17.371135711669922,0.0,22.779014968872072,15.031965302695813,14.563948301603332,44.08555601790527,28.290658950805664,29.663991928100586,79.69908905029297,49.7587911614323,23.073817378994086,521.2882997443025,339.3505554199219,451.1398620605469,828.421875,555.3341615719124,191.45375305402882,2.9109696520802157,0.0,1.3275551795959473,4.806665420532227,6.019515039335578,5.2688534799759985,0.04210703980027525,0.039799999445676804,0.04009999707341194,0.04582000076770783,0.04245602397667952,0.005432418537486033,9.99939195333448,9.99053955078125,10.0006103515625,10.01068115234375,9.99939479726652,0.007541564186270596,2759.282362880945,2783.822021484375,2792.046875,2797.921630859375,2774.747596606907,292.5492552886688,48.53279830946752,26.758628845214844,38.941619873046875,49.848933410644584,105.11342536104047,93.23840238540969,86.40002059936523
2024-07-09_03,Day_2024_07_09_Wafer_03,2024-07-09,3,140.80003356933594,0.12300000339746475,0.12300000339746475,0.12300000339746475,0.12300000339746475,0.12300000339746475,0.0,100,46526.50628776208,14.974863255565817,14.983366966247559,14.987030029296875,14.988861083984375,14.975258753957803,0.10883577120848378,2.9821872386065396,-7.0711384773254675,0.0,16.278573417663576,8.88393669856633,8.36844612446217,36.56323326717723,38.558610153198245,39.46043395996094,39.918209075927734,37.99585881766788,10.33514684666522,607.99418852546,549.53916015625,654.6334533691406,721.7413940429688,635.1088984257393,183.5929725747243,5.484748375898397,0.13733328878879547,2.059999465942383,17.322306442260746,14.684099113450971,13.621317925470045,0.041508238815533165,0.029999999329447746,0.043800000101327896,0.05040000006556511,0.042453115736782246,0.008906915638608789,10.000856398181481,9.99053955078125,10.0006103515625,10.01068115234375,10.000859521086284,0.007903382483948323,2560.3122139193797,2779.8440185546874,2790.7041015625,2799.0966796875,2672.1722341837126,765.052819351461,401.38278044170744,382.3450408935547,398.6327819824219,459.813232421875,425.43752388230433,141.02818970684686,0.20000004768371582,691.7200000286102,3247,431.80010294914246,0.12300000339746475,0.12300000339746475,0.12300000339746475,0.12300000339746475,0.12300000339746477,0.0,101,264913.1619392095,14.987301079527876,14.985809326171875,14.987030029296875,14.989471435546875,14.987301174495828,0.0016871948840527992,3.6974326302023495,-15.961180686950684,0.0,21.881771087646484,14.079016715236886,13.584833587977242,44.10875227849977,28.565324783325195,29.57243537902832,79.47019958496094,49.78287208716012,23.081428155131295,524.8134212944451,341.60284423828125,457.3885192871094,827.5292358398438,557.3384897928019,187.6088085185244,2.998793415021239,0.0,1.3733329772949219,4.815820980072024,6.211898157213867,5.440121025273453,0.042128901708665796,0.039900001138448715,0.04009999707341194,0.045900002121925354,0.04249050381455952,0.0055315960840135285,9.999662501329402,9.99053955078125,9.99859619140625,10.01068115234375,9.999665789580941,0.008109427973876676,2776.5127106490318,2784.9970703125,2792.046875,2797.5859375,2783.869117345988,202.24843662459668,42.40728531661217,24.87258529663086,38.972137451171875,48.92116928100586,67.79207031257218,52.89032945010063,76.80001831054688
2024-07-09_04,Day_2024_07_09_Wafer_04,2024-07-09,4,141.00003361701965,0.12300000339746475,0.12300000339746475,0.12300000339746475,0.12300000339746475,0.12300000339746475,0.0,100,46567.714054175114,14.974362758879966,14.983366966247559,14.987030029296875,14.988861083984375,14.974788179022182,0.11287591439817135,3.5480256412046174,0.0,0.0,15.234839630126954,7.994633857008569,7.164194620261393,36.59636782382397,38.54487609863281,39.46043395996094,39.918209075927734,38.0276878040778,10.334935985664803,613.1103619731065,538.964501953125,660.9164428710938,725.6416625976562,640.463703483681,185.17407896689784,5.472877837009464,0.1831110566854477,2.151554822921753,16.058839416503915,14.614272252491412,13.55081405861327,0.041475461227885375,0.029999999329447746,0.043800000101327896,0.05040000006556511,0.042422261918675465,0.008912599072710478,9.999744679065461,9.99053955078125,10.0006103515625,10.01068115234375,9.999747339652856,0.0072945456582306535,2560.5375859903106,2779.2900390625,2791.039794921875,2798.42529296875,2672.1721130793244,764.2977643888121,401.3346391159063,380.8404846191406,398.6938171386719,463.655517578125,425.3119937179129,140.7863610084841,0.20000004768371582,691.4700000286102,3247,431.80010294914246,0.12300000339746475,0.12300000339746475,0.12300000339746475,0.12300000339746475,0.12300000339746477,0.0,101,264995.8813285237,14.987347164215894,14.985809326171875,14.987030029296875,14.989471435546875,14.987347256395493,0.0016622440577359345,3.8168491996952425,-13.519700050354004,0.0,20.45350494384766,12.739237205868903,12.154004557107108,44.06895386438339,28.65688133239746,29.34354591369629,79.37864685058594,49.74153719939086,23.06832955064657,524.8294510870081,341.2457580566406,456.3585205078125,830.1797607421876,557.3853427974606,187.70313699337163,3.03651395579002,0.0,1.3733329772949219,5.4933319091796875,6.275725416039341,5.492204702468273,0.04212306564541783,0.039900001138448715,0.04009999707341194,0.045639997720718396,0.04248543553077799,0.005537108710483596,9.998890983666353,9.99053955078125,9.99859619140625,10.0086669921875,9.998893721184178,0.007398938578458159,2776.410865850833,2784.9970703125,2792.046875,2797.5859375,2783.75986812476,202.14278955087627,42.44058854605324,24.811548233032227,40.86428451538086,50.87435531616211,67.8071167817455,52.882903949366174,76.60001826286316
2024-07-09_05,Day_2024_07_09_Wafer_05,2024-07-09,5,140.80003356933594,0.12300000339746475,0.12300000339746475,0.12300000339746475,0.12300000339746475,0.12300000339746475,0.0,100,46540.098429456586,14.974245942451738,14.983366966247559,14.987030029296875,14.988861083984375,14.974696404946318,0.11615022720538556,1.8823070946064862,0.0,0.0,12.231818962097174,5.648803950144851,5.325965271081493,36.61466815796766,38.68220901489258,39.46043395996094,39.918209075927734,38.04811148369315,10.345282169059105,613.8501668843356,558.7336486816406,657.8608093261719,725.064862060547,639.501546635682,179.30477061557121,5.400995883990121,0.13733328878879547,2.059999465942383,14.951017761230485,20.605624184665135,19.88519528445166,0.04152372185622384,0.029929999448359012,0.04390000179409981,0.05050000175833702,0.042486815923228255,0.008995001417522982,10.001483009620147,9.99053955078125,10.0006103515625,10.01068115234375,10.001486389800622,0.008222751768406273,2610.369966333563,2780.851171875,2790.7041015625,2798.593017578125,2698.168302408226,682.7011256649596,391.19662167809224,382.7723083496094,398.7548522949219,459.78271484375,407.3309404329391,113.5063796516747,0.20000004768371582,681.1800000667572,3195,431.80010294914246,0.12300000339746475,0.12300000339746475,0.12300000339746475,0.12300000339746475,0.12300000339746477,0.0,100,264785.97766606975,14.987281852322853,14.985809326171875,14.987030029296875,14.989471435546875,14.987281948422405,0.0016972159988579655,3.699651908962856,-11.9937744140625,0.0,18.67732810974121,11.240313946270405,10.614011181604647,44.0627412871113,28.65688133239746,29.29776954650879,79.3328628540039,49.72919326819383,23.05357875407789,526.1645223697947,338.9934997558594,457.73187255859375,831.4844360351562,559.4880159510379,190.20445681475158,2.944788799992572,0.0,1.6479995250701904,5.21866512298584,5.848383172527276,5.052900618074584,0.04212283407781841,0.039799999445676804,0.04009999707341194,0.04582000076770783,0.04247565294999461,0.005463327079808242,9.999508567516756,9.99053955078125,10.0006103515625,10.0086669921875,9.999511252543325,0.007327885069248732,2784.959878841116,2784.9970703125,2792.046875,2797.418212890625,2788.194659976125,134.26814650041328,40.36624873197979,24.842065811157227,40.955841064453125,50.90487289428711,43.26087463925356,15.558574416094563,66.40001583099365
2024-07-09_06,Day_2024_07_09_Wafer_06,2024-07-09,6,141.00003361701965,0.12300000339746475,0.12300000339746475,0.12300000339746475,0.12300000339746475,0.12300000339746475,0.0,100,46533.27335223259,14.97504070768965,14.983977317810059,14.987030029296875,14.988861083984375,14.975450562981882,0.1107942568556972,2.24391129270513,0.0,0.0,12.207404136657715,5.666074991480828,5.2028134619218145,36.578316357118865,38.68220901489258,39.41465377807617,39.872432708740234,38.008171661810756,10.327046313065747,611.8768938862686,546.8336791992188,658.3757934570312,727.0012573242187,639.1359072478457,184.66557519369653,5.247105767995331,0.09155552834272385,2.059999465942383,16.55323905944824,14.242341855158703,13.240550690159214,0.04147219874413935,0.02993999943137169,0.043800000101327896,0.05050000175833702,0.042444319175901614,0.009031996547409441,9.999219017840446,9.99053955078125,9.99859619140625,10.0086669921875,9.999221409180858,0.006915423253872723,2560.669956872818,2780.80078125,2790.7041015625,2798.190185546875,2672.1274979938944,763.6980669767805,405.46078490184766,382.8669128417969,402.6917419433594,467.8060302734375,429.526905477675,141.75653225162196,0.20000004768371582,691.5099999904633,3246,432.0001029968262,0.12300000339746475,0.12300000339746475,0.12300000339746475,0.12300000339746475,0.12300000339746475,0.0,101,264890.16619496053,14.987465696864659,14.985809326171875,14.987030029296875,14.989471435546875,14.98746579090148,0.0016789125417956809,3.787262251200499,-10.223700523376465,0.0,18.008972358703616,10.396435041382395,9.68207138014978,44.04533016063549,28.65688133239746,29.29776954650879,79.3328628540039,49.71815105928634,23.06303179971422,525.7937670389812,338.6501770019531,457.6288757324219,829.9943542480469,558.6764605902802,188.83935543376674,2.884528981856312,0.0,1.4648884534835815,5.21866512298584,5.717006349368105,4.935955242052566,0.04214736054116791,0.039799999445676804,0.04009999707341194,0.046299997717142105,0.04251238311783358,0.00555902129607934,9.999659219494573,9.99053955078125,9.99859619140625,10.01068115234375,9.999661816224377,0.007206443851778038,2776.293538178338,2783.822021484375,2792.046875,2797.418212890625,2783.643191076871,202.1474835307944,43.671916439798146,24.842065811157227,42.939544677734375,52.88857650756836,68.57201922693397,52.86667698403496,76.20001816749573
2024-07-09_07,Day_2024_07_09_Wafer_07,2024-07-09,7,140.4000334739685,0.12300000339746475,0.12300000339746475,0.12300000339746475,0.12300000339746475,0.12300000339746477,0.0,100,46382.66820707736,14.97417562979239,14.983977317810059,14.987030029296875,14.988861083984375,14.97462409174228,0.11589174741967995,1.8066349015955911,0.0,0.0,11.767937278747556,5.118878841704366,4.789466664294191,36.57076002050329,38.68220901489258,39.41465377807617,39.826656341552734,38.00674847047079,10.348547763835839,609.4105189179423,534.70029296875,654.0498046875,726.2665100097656,636.6372094098622,184.18945636854755,4.957627530207067,0.13733328878879547,2.059999465942383,14.648884773254395,13.948175199897813,13.037389335245665,0.041469373386034854,0.02979999966919422,0.043800000101327896,0.05050000175833702,0.042436688930825445,0.00900908643433212,10.001123969031875,9.988726806640624,10.0006103515625,10.01068115234375,10.001127478147378,0.008377959813743039,2563.358129691534,2780.6498291015623,2790.7041015625,2799.0966796875,2673.596559377364,759.8115958965076,408.66241165803496,388.7142639160156,406.8117370605469,471.755126953125,432.2935097666606,140.9706064547381,0.20000004768371582,691.6499998569489,3246,432.2001030445099,0.12300000339746475,0.12300000339746475,0.12300000339746475,0.12300000339746475,0.12300000339746477,0.0,101,265043.3343403652,14.98738302692447,14.985809326171875,14.987030029296875,14.988861083984375,14.987383112737286,0.0016038139254887806,3.454918411692664,-10.1016263961792,0.0,16.907255172729492,9.813360307018508,9.185073722290607,44.07011162909244,28.748435974121094,29.29776954650879,79.3328628540039,49.7511727210179,23.08688909567263,526.5710512979447,339.4878845214844,461.0278625488281,829.6304321289062,559.4335891961028,188.91497731998726,2.951723121739286,0.0,1.693777322769165,5.5848870277404785,5.587431637408187,4.744125094819868,0.042122118824930006,0.039799999445676804,0.04009999707341194,0.045900002121925354,0.04248650553102114,0.0055525001518205285,9.999887998211113,9.988525390625,10.0006103515625,10.0086669921875,9.999890911947011,0.007633745722496649,2776.1783348058784,2783.654296875,2792.046875,2797.418212890625,2783.5292183394445,202.16024016571637,46.63437262909769,28.778953552246094,44.770652770996094,54.780723571777344,70.55280097752399,52.94273335656722,76.60001826286316
2024-07-09_08,Day_2024_07_09_Wafer_08,2024-07-09,8,140.80003356933594,0.12300000339746475,0.12300000339746475,0.12300000339746475,0.12300000339746475,0.12300000339746475,0.0,100,46528.9916368437,14.974322245879607,14.983977317810059,14.987030029296875,14.988861083984375,14.974766228720458,0.11531210422949893,1.3735930255868218,0.0,0.0,10.406811714172363,4.56980055947973,4.35847672398058,36.58150527152148,38.970611572265625,39.41465377807617,39.826656341552734,38.013307152793274,10.334650103523124,612.5046324513175,542.6107055664063,658.2384643554688,727.3858032226562,639.920536711318,185.3007515650648,5.1817958210012875,0.1831110566854477,2.380443811416626,15.427106857299805,14.21982988034103,13.242075135540244,0.04142116489476228,0.029899999499320984,0.043800000101327896,0.05050000175833702,0.04239058874725601,0.009013828992159788,9.99976634708318,9.9925537109375,9.99859619140625,10.01068115234375,9.999768822611305,0.007036292478129509,2560.2611889405684,2780.515478515625,2790.7041015625,2799.0966796875,2671.8911037988482,764.2412675091904,408.56182714603545,386.9533386230469,404.8127746582031,473.60760498046875,432.66102714508634,142.38257551166222,0.20000004768371582,691.420000076294,3247,431.80010294914246,0.12300000339746475,0.12300000339746475,0.12300000339746475,0.12300000339746475,0.12300000339746477,0.0,101,264890.8994081879,14.987339249911713,14.985809326171875,14.987030029296875,14.989471435546875,14.98733934124375,0.0016545840901799828,3.987945087975294,0.0,0.0,16.907255172729492,9.623533889733256,8.758350215773413,44.03036392568824,28.748435974121094,29.29776954650879,79.3328628540039,49.70753576948279,23.068726987977946,527.3017050110118,338.1832275390625,464.5985412597656,832.3221435546875,559.9290210572043,188.34388897588133,2.977484163371376,0.0,1.693777322769165,5.905331611633301,5.677259171205039,4.833824547281829,0.04211528428872049,0.039799999445676804,0.04009999707341194,0.045220001041889196,0.04247765361922478,0.005536595187937537,9.999353722434952,9.99053955078125,9.99859619140625,10.01068115234375,9.99935627123003,0.007139510739450537,2776.13354690785,2783.654296875,2791.87890625,2797.418212890625,2783.487306228818,202.19820392328268,45.75191038060155,26.88680648803711,44.709617614746094,54.719688415527344,69.91337151086779,52.86437564695175,76.80001831054688
2024-07-09_09,Day_2024_07_09_Wafer_09,2024-07-09,9,140.80003356933594,0.12300000339746475,0.12300000339746475,0.12300000339746475,0.12300000339746475,0.12300000339746475,0.0,100,46523.28660641857,14.974225135012107,14.983366966247559,14.987030029296875,14.988861083984375,14.974660775580812,0.11422324496442708,1.573047090660442,0.0,0.0,10.846278572082522,4.560902475138925,4.281045928075648,36.564923882484436,39.002655029296875,39.41465377807617,39.826656341552734,37.99604710995103,10.329856603541863,611.2029895999215,543.7162353515624,657.8951416015625,727.0493286132812,638.635095352246,185.16395577890046,4.950761147446676,0.13733328878879547,2.059999465942383,14.268929195404056,13.950368272600405,13.042344076204573,0.0414791193788088,0.029999999329447746,0.04390000179409981,0.050599999725818634,0.04246088131668389,0.009077945678844068,10.001611773263324,9.99053955078125,10.0006103515625,10.01068115234375,10.001614865641578,0.007864956647571779,2560.0845212502913,2780.465087890625,2790.7041015625,2799.0966796875,2671.9050891267248,764.881722461688,405.15238050981003,382.8547058105469,402.7527770996094,471.816162109375,429.02947137294274,141.13056321640894,0.20000004768371582,691.2400000095367,3247,431.80010294914246,0.12300000339746475,0.12300000339746475,0.12300000339746475,0.12300000339746475,0.12300000339746477,0.0,101,264838.17929252266,14.987365822926778,14.985809326171875,14.987030029296875,14.989471435546875,14.987365915298334,0.0016639749216523342,3.432816378658378,0.0,0.0,16.113773345947266,9.017818715001777,8.338874389691398,44.05021018858252,28.794214248657227,29.29776954650879,79.3328628540039,49.729063775659924,23.077234807172037,525.7571345122118,338.38922119140625,460.40985107421875,827.7901611328125,558.7542069489613,189.17108471611255,2.9933653940524754,0.0,1.693777322769165,5.951109409332275,5.67640251068072,4.822997934993488,0.04215483966181266,0.039900001138448715,0.04009999707341194,0.04592000171542168,0.04252787797183535,0.005620489113429952,9.999855615298689,9.99053955078125,10.0006103515625,10.00906982421875,9.999858225346744,0.007224971570519041,2776.278077882216,2783.654296875,2792.046875,2797.418212890625,2783.635976082066,202.26043016117163,43.392019667632056,24.842065811157227,42.115543365478516,52.88857650756836,68.41521446641816,52.8939902035177,76.80001831054688
2024-07-09_10,Day_2024_07_09_Wafer_10,2024-07-09,10,140.60003352165222,0.12300000339746475,0.12300000339746475,0.12300000339746475,0.12300000339746475,0.12300000339746475,0.0,100,46372.020289994565,14.97405499991448,14.983977317810059,14.987030029296875,14.988861083984375,14.974517895072076,0.11774145136674341,2.1626032331420553,0.0,0.0,11.89611511230469,5.6659685439702585,5.237016975078846,36.571028523560436,38.956878662109375,39.41465377807617,39.826656341552734,38.00468712914591,10.34002497643006,607.9549516919327,526.6319702148437,659.4744873046875,728.4981689453125,637.1346516112011,190.6078198736516,5.175882744638628,0.1007110804319383,2.1057772636413574,14.236885070800781,14.205832791376572,13.229358378632806,0.04153911804761817,0.029919999465346337,0.04390000179409981,0.050599999725818634,0.04253803349486644,0.00916438570971464,9.998839714788271,9.9909423828125,9.99859619140625,10.00665283203125,9.998841647888671,0.0062175176597856815,2533.3779513927475,2778.853759765625,2790.368408203125,2798.760986328125,2656.9975037079107,801.0192819821217,415.82186086554276,386.9258728027344,406.8117370605469,479.0307250976564,443.44548906988877,154.0651868617632,0.20000004768371582,669.6099998950958,3349,431.400102853775,0.12300000339746475,0.12300000339746475,0.12300000339746475,0.12300000339746475,0.12300000339746477,0.0,102,264651.2869485186,14.987367272763878,14.985809326171875,14.987030029296875,14.988861083984375,14.987367358126745,0.0015996028547197502,3.860258956612068,-10.040589332580566,0.0,17.700735092163086,10.294001776913419,9.54279169692983,44.05953812543916,28.65688133239746,29.29776954650879,79.3328628540039,49.74228783584258,23.087925400884032,523.0868490870815,337.2905578613281,460.6845397949219,826.1009521484375,556.6250444945916,190.29342729257579,3.060573556442738,0.0,1.693777322769165,6.225775718688965,5.909723583956086,5.055464602227002,0.04216388447877705,0.039799999445676804,0.04009999707341194,0.04623999893665315,0.04253387760766071,0.005597998749893114,9.999411374703568,9.99053955078125,9.99859619140625,10.01068115234375,9.999413868220747,0.007061686365382618,2751.8145998131085,2783.654296875,2792.046875,2797.418212890625,2770.7455661767845,323.3379048978504,54.547216222636614,26.88680648803711,44.709617614746094,54.750205993652344,118.91015322874938,105.66089978438373,97.80002331733704
2024-07-11_01,Day_2024_07_11_Wafer_01,2024-07-11,1,141.00003361701965,51.35559306473385,0.12300000339746475,0.12300000339746475,0.12300000339746475,200.59960938797755,193.9144304779266,100,46513.559362963104,14.975112559271198,14.983977317810059,14.987030029296875,14.988861083984375,14.975504917450685,0.10840373493430544,2.5530356454511063,-10.620441436767578,0.0,16.52882499694824,9.187509238093142,8.825663430762747,36.54234357252189,38.22443389892578,39.41465377807617,40.128787994384766,37.97258591243119,10.32348812682693,604.4146325294008,548.673974609375,647.4578247070312,717.7449951171875,631.2083875429282,181.95323709374605,6.524987203987144,0.13733328878879547,2.380443811416626,22.00079345703125,16.244353770297888,14.876275454642377,0.041429645584645215,0.029899999499320984,0.04399999976158142,0.0502999983727932,0.0423865919973759,0.008955872256943942,9.997999081713088,9.988525390625,9.99859619140625,10.00665283203125,9.99800187407311,0.0074723512801881786,2560.5949639286555,2779.692919921875,2790.7041015625,2797.921630859375,2672.344274227452,764.7073627862195,401.0952952048774,380.7489318847656,396.8932189941406,461.0736450195313,425.24865715786814,141.27627040335648,0.20000004768371582,690.7400000095367,3247,432.0001029968262,0.12300000339746475,0.12300000339746475,0.12300000339746475,0.12300000339746475,0.12300000339746475,0.0,101,265058.5852189651,14.98747615814209,14.985809326171875,14.987030029296875,14.989471435546875,14.987476252496906,0.0016817494155902473,3.690818115958461,-15.717032432556152,0.0,22.46162223815918,13.83626968495758,13.334924837800513,44.04691965933199,28.42799186706543,29.34354591369629,79.37864685058594,49.72757176737064,23.08030031007722,517.5806002440276,335.0932312011719,444.71954345703125,824.5696716308594,551.6385024770766,190.8280893007727,2.7672658425479852,0.0,1.6479995250701904,4.852443218231201,5.374481740168486,4.60730872984128,0.042102082754933726,0.039799999445676804,0.04009999707341194,0.04500000178813934,0.04246139765737064,0.005512251691829136,9.998635344593612,9.99053955078125,9.99859619140625,10.0086669921875,9.998637712664522,0.006881494065261112,2776.706166295652,2785.1650390625,2792.21484375,2797.921630859375,2784.0693167436643,202.34828017365675,43.25061970816718,26.70369529724121,40.89480209350586,52.91909408569336,68.43205463220761,53.03140575211022,76.40001821517944
2024-07-11_02,Day_2024_07_11_Wafer_02,2024-07-11,2,141.20003366470337,0.12300000339746475,0.12300000339746475,0.12300000339746475,0.12300000339746475,0.12300000339746474,0.0,100,46578.498784623764,14.974712716283609,14.983366966247559,14.987030029296875,14.988861083984375,14.975139769480325,0.11309367906841722,3.22203701548806,-13.092440605163574,0.0,20.09643840789795,11.681076492431451,11.227912784345069,36.51891947738172,38.155765533447266,39.41465377807617,40.19287872314453,37.94843079255424,10.317553965053387,607.6570246753206,539.2048645019531,653.8094787597656,720.5191040039062,634.7777562691645,183.5639948814895,5.871808770131161,0.11444440856575966,2.059999465942383,19.272438049316406,15.410998230880354,14.248534248799354,0.041529745421512186,0.029899999499320984,0.04390000179409981,0.05040000006556511,0.04248347063998682,0.008951286099941724,10.001820015839748,9.99053955078125,10.0006103515625,10.01068115234375,10.001823513378069,0.008364419276652798,2561.30439516235,2779.8775634765625,2791.039794921875,2799.264404296875,2672.667717486485,763.4608853218645,401.4594126350798,380.7641906738281,396.8932189941406,462.7369079589844,425.7996816611587,141.90034851768624,0.20000004768371582,690.670000076294,3246,431.400102853775,0.12300000339746475,0.12300000339746475,0.12300000339746475,0.12300000339746475,0.12300000339746477,0.0,101,264736.2847665426,14.98758968977559,14.985809326171875,14.987640380859375,14.989471435546875,14.9875897794964,0.001639938234817658,3.894526837985163,-19.77599334716797,0.0,24.945829391479496,16.70442556675282,16.244091055623844,44.062615339326044,28.24488067626953,29.663991928100586,79.69908905029297,49.720999737592834,23.036139962335177,521.245296748855,339.77630615234375,448.04986572265625,826.293212890625,554.5874344607637,189.39525622087254,2.7377097934128707,0.0,1.3275551795959473,4.541154193878186,5.712140004660422,5.013331080219341,0.042154148754680605,0.039799999445676804,0.04009999707341194,0.045900002121925354,0.04252349373495784,0.0055924290067248875,9.99931985070764,9.98651123046875,9.99859619140625,10.01068115234375,9.999323405346571,0.008431367380032015,2777.7323347577135,2784.49365234375,2792.046875,2797.75390625,2784.4512578697554,193.31808992933045,41.84093307416694,24.811548233032227,38.91109848022461,48.86013412475586,67.4189786223997,52.86449657351021,76.60001826286316
2024-07-11_03,Day_2024_07_11_Wafer_03,2024-07-11,3,141.20003366470337,0.12300000339746475,0.12300000339746475,0.12300000339746475,0.12300000339746475,0.12300000339746474,0.0,100,46558.90128868651,14.974961722538762,14.983366966247559,14.987030029296875,14.988861083984375,14.975364120658758,0.10978139556693782,3.5993685924973096,-11.12399673461914,0.0,18.585771560668945,10.678624829375021,10.053734330182424,36.565929164292115,38.178653717041016,39.46043395996094,40.147098541259766,37.99572604060545,10.325116062529954,614.7654822676445,554.0711669921875,657.1054992675781,725.73779296875,640.5519204468999,179.9171048023006,5.696802841995449,0.13733328878879547,2.1057772636413574,17.281105995178223,20.075136553688758,19.24987129901608,0.041518697244703515,0.029999999329447746,0.04390000179409981,0.05040000006556511,0.04247027796044862,0.008939926685404984,9.999340786812326,9.99053955078125,10.0006103515625,10.01068115234375,9.999343836754573,0.007809918891876637,2607.3171888140714,2779.2900390625,2791.039794921875,2799.0966796875,2696.7712602974793,688.8195026864025,388.49103510719607,378.7652282714844,396.7864074707031,455.7481689453125,405.0305817432792,114.56215687843225,0.20000004768371582,680.1299998760223,3195,431.60010290145874,0.12300000339746475,0.12300000339746475,0.12300000339746475,0.12300000339746475,0.12300000339746475,0.0,100,264796.9853738298,14.98741349166361,14.985809326171875,14.987030029296875,14.989471435546875,14.987413589260195,0.0017103919922417357,4.607616109026042,-17.914365768432617,0.0,24.536882400512695,16.201303860400127,15.532292830385982,44.04890056624249,28.24488067626953,29.663991928100586,79.47019958496094,49.713721838085725,23.046659148341725,525.2858123496464,339.7694396972656,455.3285217285156,830.9556762695313,558.1906603621683,188.8163887477078,2.869107590351285,0.0,1.3733329772949219,4.760887622833252,5.954057087556306,5.217184819121145,0.0420999995176443,0.039799999445676804,0.04009999707341194,0.04520000144839287,0.04245289607189923,0.0054624559957794005,9.999556595357731,9.99053955078125,10.0006103515625,10.0086669921875,9.999559233047997,0.007263020938581205,2785.1172117104234,2784.9970703125,2792.046875,2797.75390625,2788.3541783011465,134.31731341795583,37.996322089151946,24.750511169433594,38.81954574584961,46.84591293334961,40.92873014202675,15.213167281545061,66.20001578330994
2024-07-11_04,Day_2024_07_11_Wafer_04,2024-07-11,4,141.00003361701965,0.12300000339746475,0.12300000339746475,0.12300000339746475,0.12300000339746475,0.12300000339746475,0.0,100,46502.71766321563,14.974616455186343,14.983366966247559,14.987030029296875,14.988861083984375,14.975031943404076,0.11155145016928429,3.0676945936595295,-10.620441436767578,0.0,17.13919448852539,9.699666814621493,9.201781685885704,36.58740701337233,38.28852233886719,39.41465377807617,39.826656341552734,38.04808230298431,10.44117881144183,610.1573053887549,550.4318359375001,652.19580078125,727.3858032226562,637.4772032583055,184.62190377841037,5.516837451189545,0.13733328878879547,2.059999465942383,17.30399513244629,15.044771550428294,13.996773040302148,0.04141730532538912,0.029899999499320984,0.043800000101327896,0.05040000006556511,0.04238108479252036,0.008986833022499908,10.001376042467482,9.99053955078125,10.0006103515625,10.01068115234375,10.00137962073031,0.008460207858579576,2560.384973685623,2779.4580078125,2791.039794921875,2798.760986328125,2672.0748166252406,764.4688431634628,405.16681168587706,384.6736145019531,402.8138122558594,463.673828125,429.1218450733079,141.3697726793854,0.20000004768371582,690.75,3247,432.0001029968262,0.12300000339746475,0.12300000339746475,0.12300000339746475,0.12300000339746475,0.12300000339746475,0.0,101,264982.2022419374,14.98737922862724,14.985809326171875,14.987030029296875,14.989471435546875,14.98737931935923,0.0016491420493077768,3.8648442502375002,-16.330454063415527,0.0,22.766807556152344,14.743027404632763,14.227432515220686,44.100623801902486,28.290658950805664,29.57243537902832,79.37864685058594,49.77221408213487,23.073973973308895,523.4063298260725,339.74884033203125,450.7278747558594,824.7550659179688,556.6669366236921,189.53599190656743,3.0076415003346346,0.0,1.3275551795959473,5.21866512298584,6.355551056618847,5.598850046103553,0.04214703649523909,0.039799999445676804,0.04009999707341194,0.04591000191867353,0.04251582888309464,0.005587756283658764,9.99948203696145,9.988525390625,9.99859619140625,10.01068115234375,9.999485392725893,0.008192180650084405,2776.3641753655893,2783.989990234375,2792.046875,2797.418212890625,2783.7224863851816,202.26924371503017,44.67625800591928,26.88680648803711,42.970062255859375,52.949615478515625,69.17940421657852,52.818765021053785,76.40001821517944
2024-07-11_05,Day_2024_07_11_Wafer_05,2024-07-11,5,140.80003356933594,0.12300000339746475,0.12300000339746475,0.12300000339746475,0.12300000339746475,0.12300000339746475,0.0,100,46394.436439475874,14.974172254854983,14.983366966247559,14.987030029296875,14.988861083984375,14.974626198588702,0.11659789616599071,3.298643399368633,0.0,0.0,15.90014362335205,8.320847076973086,7.6390737528952615,36.5510084845803,38.54487609863281,39.41465377807617,39.826656341552734,37.982490245899086,10.329247021925568,615.4664657766169,555.0530883789063,659.5774841308594,727.8733215332031,641.3287439649519,180.28751298995516,5.429737055272033,0.13733328878879547,2.059999465942383,15.303506660461444,20.70274661740527,19.978029758089036,0.04148011393606959,0.029899999499320984,0.04385000094771385,0.05050000175833702,0.04245049826530673,0.00902468563571581,10.000381467017261,9.99053955078125,10.0006103515625,10.01068115234375,10.000384053445554,0.007192394999714988,2610.291753248735,2780.851171875,2790.7041015625,2797.418212890625,2698.08920842818,682.6875856189629,391.55885551670906,380.8710021972656,398.6938171386719,459.813232421875,407.7877739971744,113.8970205405547,0.20000004768371582,680.1800000667572,3195,431.80010294914246,0.12300000339746475,0.12300000339746475,0.12300000339746475,0.12300000339746475,0.12300000339746477,0.0,100,265031.11412645364,14.987338105414189,14.985198974609375,14.987030029296875,14.989471435546875,14.987338211889707,0.001786496346291518,4.37823994836635,-13.95306224822998,0.0,22.125919342041016,13.741546807455586,13.025403011654644,44.0422377840354,28.611103057861328,29.29776954650879,79.3328628540039,49.707474101293364,23.045916612390045,526.0411195741754,339.0484313964844,459.58587646484375,830.880126953125,559.1262770451908,189.4806961132549,3.0677250942984022,0.0,1.6479995250701904,5.081331729888916,6.293543952747257,5.495248696007618,0.04212250980846636,0.039799999445676804,0.04009999707341194,0.04592000171542168,0.04247845359119372,0.005487548353760016,9.999249219783978,9.99053955078125,10.0006103515625,10.0086669921875,9.99925180866371,0.007195395330382546,2784.8985374630906,2785.332763671875,2792.046875,2797.418212890625,2788.1330663262747,134.2614299711363,39.18159623651827,24.774925231933594,40.83376693725586,48.92116928100586,42.09114884471606,15.377494185545949,66.40001583099365
2024-07-11_06,Day_2024_07_11_Wafer_06,2024-07-11,6,141.00003361701965,0.12300000339746475,0.12300000339746475,0.12300000339746475,0.12300000339746475,0.12300000339746475,0.0,100,46535.831886935164,14.974621637493161,14.983366966247559,14.987030029296875,14.988861083984375,14.975041283894619,0.11210828814064623,2.95869375053027,0.0,0.0,14.484084701538087,7.3055400905457075,6.6795993371716325,36.554550960892485,38.54487609863281,39.41465377807617,39.826656341552734,37.984100441317125,10.322630012917372,613.9559852545989,536.6847778320313,660.1611328125,730.2423095703125,641.412586062391,185.6560091386728,5.138862447218692,0.09155552834272385,2.059999465942383,14.905239868164069,14.33192728915158,13.378947364052722,0.04145943283744104,0.029999999329447746,0.043800000101327896,0.05050000175833702,0.042435177185525856,0.009047634583950087,9.999698993331151,9.98812255859375,9.99859619140625,10.01068115234375,9.999703419502135,0.009408547954888307,2560.056407695797,2779.2900390625,2790.5361328125,2798.760986328125,2671.742237045801,764.4068096440473,406.33898228854997,384.9299621582031,404.7975158691406,468.9596313476563,430.1920043029419,141.2578919525838,0.20000004768371582,690.420000076294,3247,431.80010294914246,0.12300000339746475,0.12300000339746475,0.12300000339746475,0.12300000339746475,0.12300000339746477,0.0,101,264875.4319012437,14.987420107270347,14.985809326171875,14.987030029296875,14.989471435546875,14.987420201837283,0.0016836355860969864,3.8628460767921777,-13.190099906921386,0.0,20.935697555541992,12.839521041976717,12.244660908917576,44.084092963122835,28.611103057861328,29.29776954650879,79.3328628540039,49.768111469146206,23.09670250975464,524.6287625671924,338.25189208984375,456.8392028808594,828.2708129882812,557.7297455447889,189.28056041937194,3.0072322959091555,0.0,1.3275551795959473,5.447554111480713,6.1085510666271094,5.317043356230242,0.04211509893180292,0.039900001138448715,0.04009999707341194,0.04529999941587448,0.04247808270770131,0.0055412951993884,9.99997596290168,9.99053955078125,10.0006103515625,10.01068115234375,9.999979054122266,0.007862841259863924,2776.3598637335717,2783.654296875,2792.046875,2797.5859375,2783.718745636314,202.27694346196952,45.48186615453157,26.88680648803711,44.61806106567383,54.06659164428713,69.73108748440906,52.85664019647472,76.60001826286316
2024-07-11_07,Day_2024_07_11_Wafer_07,2024-07-11,7,140.80003356933594,0.12300000339746475,0.12300000339746475,0.12300000339746475,0.12300000339746475,0.12300000339746475,0.0,100,46578.23541301154,14.974087304689668,14.983977317810059,14.987030029296875,14.988861083984375,14.974555431902862,0.11840512937898105,2.526663822206584,0.0,0.0,14.874721908569338,7.745677249532698,7.3219864779635335,36.5331265763803,38.59065628051758,39.41465377807617,39.826656341552734,37.96380617298007,10.323819142825771,608.7343060970306,531.20517578125,657.3114929199219,726.6784973144531,636.2996894335325,185.25614525239516,4.97813677679832,0.09155552834272385,2.059999465942383,14.209418392181401,14.231620366539197,13.332560612604816,0.04163167614685583,0.02982999961823225,0.04474999941885471,0.05050000175833702,0.04260166435502995,0.009039101007398027,10.000287034294821,9.99053955078125,10.0006103515625,10.010076904296875,10.000289499158665,0.007021303150728333,2559.8847205638885,2779.4580078125,2790.7041015625,2798.760986328125,2671.7028317219456,764.8439307823552,407.87342661077327,386.8831481933594,406.7659606933594,473.69000244140625,431.77564171999876,141.66676620683805,0.20000004768371582,701.0,3299,431.80010294914246,0.12300000339746475,0.12300000339746475,0.12300000339746475,0.12300000339746475,0.12300000339746477,0.0,101,264718.148459651,14.987419835170588,14.985809326171875,14.987030029296875,14.988861083984375,14.98741991168404,0.001514423475196018,4.256943352855207,-13.507492637634277,0.0,21.41178588867188,13.161277828135374,12.453821395858768,44.03924811090679,28.611103057861328,29.29776954650879,79.3328628540039,49.71492622259583,23.067694187849355,524.4052693241997,337.4278869628906,462.6072082519531,830.71533203125,558.0916887203199,190.95927975281018,3.142212033432258,0.0,1.693777322769165,5.502487468719485,6.39420823621391,5.568878029281959,0.042128623796660575,0.039799999445676804,0.04009999707341194,0.04592000171542168,0.04248660237256587,0.005503674968960707,9.999658763049762,9.99053955078125,10.0006103515625,10.0086669921875,9.999661055601276,0.006771223738060739,2759.0128198423117,2783.654296875,2792.046875,2797.418212890625,2774.4632879091814,292.3949313883574,51.187597591935514,26.825769424438477,44.61806106567383,53.743096160888676,106.2489685672247,93.10570967650254,87.2000207901001
2024-07-11_08,Day_2024_07_11_Wafer_08,2024-07-11,8,141.20003366470337,0.12300000339746475,0.12300000339746475,0.12300000339746475,0.12300000339746475,0.12300000339746474,0.0,100,46644.72153588641,14.974077290921306,14.983977317810059,14.987030029296875,14.988861083984375,14.97453308577623,0.11683502266796644,3.07649053054896,0.0,0.0,14.542069911956787,7.6028185589148265,6.952557519015739,36.5276081041979,38.59065628051758,39.41465377807617,39.826656341552734,37.95388427970163,10.30685102750195,610.5506535386904,530.1065063476562,659.5774841308594,726.3901062011719,638.0642246916562,185.34792767884488,5.094689089509397,0.13733328878879547,2.059999465942383,14.25977373123169,14.346424389677823,13.411339823074227,0.0415274786727276,0.029999999329447746,0.04474999941885471,0.050599999725818634,0.04251773158057639,0.009122829267507779,9.999948486727966,9.99053955078125,9.99859619140625,10.01068115234375,9.999952667734178,0.009144381386475987,2560.5585645724286,2779.2061767578125,2790.7041015625,2798.593017578125,2672.068194980711,763.8640428913085,408.31155430748214,386.9747009277344,404.9348449707031,473.64727783203125,432.1140586395241,141.43632593124772,0.20000004768371582,700.7699999809265,3299,431.80010294914246,0.12300000339746475,0.12300000339746475,0.12300000339746475,0.12300000339746475,0.12300000339746477,0.0,101,264874.9805569351,14.987461383831949,14.985809326171875,14.987030029296875,14.989471435546875,14.987461475563089,0.0016582019953755211,3.7792346639840786,-13.12295913696289,0.0,20.569475173950195,12.494297578350318,11.909024197259477,44.030406382085,28.65688133239746,29.29776954650879,79.3328628540039,49.70342289199884,23.05978232788252,522.839994542739,336.7412414550781,456.7705383300781,826.6640014648438,556.5670164204947,190.8014252403789,3.0858326465781776,0.0,1.693777322769165,5.905331611633301,6.184737763241739,5.359908401958075,0.04211519163010462,0.039799999445676804,0.04009999707341194,0.046119998395442965,0.04246966499290403,0.005475680648929766,9.999758601133445,9.99053955078125,9.99859619140625,10.01068115234375,9.999761774076006,0.007966010883354234,2759.0884623595994,2783.654296875,2792.046875,2797.418212890625,2774.5405938249387,292.4147117649592,51.26527214226981,26.85628890991211,43.031097412109375,54.664753723144536,106.24193128072143,93.05492912488057,86.80002069473267
2024-07-11_09,Day_2024_07_11_Wafer_09,2024-07-11,9,140.80003356933594,0.12300000339746475,0.12300000339746475,0.12300000339746475,0.12300000339746475,0.12300000339746475,0.0,100,46568.71573804517,14.974715879017657,14.983550071716309,14.987030029296875,14.988861083984375,14.975130960092786,0.1114971507522683,2.776057269085537,0.0,0.0,14.084291934967048,7.2167313146350125,6.661435048575565,36.55634054812518,38.59065628051758,39.41465377807617,39.826656341552734,37.98793550870165,10.330402215924366,608.6118960380554,525.2037353515625,657.6204833984375,728.1273803710938,637.4318996389778,189.5019437322982,4.971179077539339,0.15106661915779102,2.1057772636413574,13.966795730590826,14.06118101134484,13.153105717390087,0.04155184653923656,0.02982999961823225,0.04390000179409981,0.050599999725818634,0.042549289701998075,0.00915893570914731,10.00088212842291,9.9925537109375,10.0006103515625,10.01068115234375,10.000884511697016,0.006904324186496807,2537.777396072041,2779.122314453125,2790.7041015625,2798.760986328125,2659.6112349520918,795.7498407597724,410.78568936717187,382.8241882324219,402.7375183105469,478.47835693359394,438.0269209765766,152.06150371266705,0.20000004768371582,711.4700000286102,3351,431.400102853775,0.12300000339746475,0.12300000339746475,0.12300000339746475,0.12300000339746475,0.12300000339746477,0.0,102,264569.5637258928,14.987505082902834,14.985809326171875,14.987030029296875,14.989471435546875,14.987505169051298,0.0016069539733154655,4.387746712760236,-13.153477668762207,0.0,21.30191993713379,13.013475451968773,12.251457959102485,44.038506233310834,28.611103057861328,29.29776954650879,79.3328628540039,49.71957512411391,23.079127350509804,521.198690945869,334.8048400878906,457.9378662109375,827.6940307617188,555.4434576405032,192.01395572184344,3.313656468272527,0.0,1.693777322769165,6.7293314933776855,6.509096306976027,5.602500829430069,0.042137041602475424,0.039799999445676804,0.04009999707341194,0.04619999974966049,0.042507641548315635,0.005600831633904514,9.999501001961981,9.99053955078125,10.0006103515625,10.0086669921875,9.999503592691683,0.007198056349316552,2751.6269028565926,2783.654296875,2792.046875,2797.418212890625,2770.560196676538,323.34685847271385,51.053646278543,24.750511169433594,40.92531967163086,50.93539047241211,117.65029716838467,105.99583777429484,98.00002336502075
2024-07-11_10,Day_2024_07_11_Wafer_10,2024-07-11,10,140.80003356933594,0.12300000339746475,0.12300000339746475,0.12300000339746475,0.12300000339746475,0.12300000339746475,0.0,100,46287.560836374774,14.974073408679528,14.983366966247559,14.987030029296875,14.988861083984375,14.974531847600534,0.11717340261045864,2.5619074864821,0.0,0.0,13.245033264160156,6.50245014869748,5.976494622017395,36.54242515022104,38.65016555786133,39.41465377807617,39.826656341552734,37.973165271770824,10.325330256108735,616.5402604449879,541.2099060058594,659.0625,731.7598571777344,642.7578150999688,181.70227330034172,5.022418955325107,0.09155552834272385,2.059999465942383,12.556840991973896,19.564629140084417,18.908993130947806,0.04148309647544837,0.02969999983906746,0.04399999976158142,0.050599999725818634,0.04245512977066954,0.00903275985804082,9.99955749918114,9.987115478515625,9.99859619140625,10.0086669921875,9.999561126846048,0.008517634696296732,2606.6745945323596,2780.80078125,2790.7041015625,2798.760986328125,2696.3731547056786,689.6925022334316,396.27513618984216,384.9299621582031,404.8280334472656,471.2027404785157,412.94243933449144,116.13558731604262,0.20000004768371582,638.5999999046326,3194,431.80010294914246,0.12300000339746475,0.12300000339746475,0.12300000339746475,0.12300000339746475,0.12300000339746477,0.0,100,264857.7672979207,14.987316631177555,14.985809326171875,14.987030029296875,14.989471435546875,14.98731673085857,0.0017285548423748795,3.0668769790486863,-12.671284866333007,0.0,18.951993942260742,11.476343580347224,11.058965935816882,44.08935132894653,28.65688133239746,29.29776954650879,79.3328628540039,49.747666455937726,23.042556655109966,524.5241250006785,336.1644287109375,459.5172119140625,829.3695068359375,557.777324862455,189.7102696824533,2.938894297829266,0.0,1.693777322769165,5.45670967102051,5.699650630445863,4.8835353603028775,0.042107873506957924,0.039799999445676804,0.04009999707341194,0.04580000042915344,0.04246142996489621,0.005468091384186694,10.00007672418097,9.99053955078125,10.0006103515625,10.01068115234375,10.000079480957762,0.007425359686327707,2784.8441126489042,2783.822021484375,2792.046875,2797.418212890625,2788.0787641881525,134.26266629883838,41.9069599126875,26.825769424438477,43.000579833984375,52.980133056640625,44.74843609763895,15.691693473327847,66.20001578330994
2024-07-19_01,Day_2024_07_19_Wafer_01,2024-07-19,1,141.00003361701965,50.6161164115084,0.12300000339746475,0.12300000339746475,0.12300000339746475,199.88862325829012,193.37391361688702,100,46592.246812317346,14.97478178849457,14.983000755310059,14.986419677734375,14.988861083984375,14.97516517632854,0.10715617245102868,2.2472878097642397,0.0,0.0,16.04052848815918,8.165809759190772,7.8504870245979195,36.592666723373085,38.36176681518555,39.46043395996094,39.9639892578125,38.02420021628781,10.335208955821162,606.2663917920269,552.2720947265625,648.3504638671875,714.5451049804688,631.7169919408735,177.5032959984188,6.609010491620564,0.1831110566854477,2.151554822921753,20.27039451599122,20.925987940362386,19.85492260377364,0.04136524843910696,0.029999999329447746,0.04370000213384628,0.0502999983727932,0.04232186068596565,0.008947408199766247,9.997684812883959,9.99053955078125,9.99859619140625,10.00665283203125,9.997686915074603,0.00648336975318703,2611.2347832862365,2780.80078125,2792.046875,2799.6337890625,2698.935657486291,682.4269849639867,398.1879853076334,384.9848937988281,404.8585510253906,465.68194580078125,414.87141464447376,116.46724451859752,0.20000004768371582,680.1099998950958,3196,431.60010290145874,0.12300000339746475,0.12300000339746475,0.12300000339746475,0.12300000339746475,0.12300000339746475,0.0,100,264757.3443072281,14.987287338405324,14.984588623046875,14.987030029296875,14.989471435546875,14.987287440556194,0.0017498368403343941,3.3271539213482817,-14.200262355804442,0.0,20.76174221038818,12.649987643395164,12.204598893929576,44.07942604333632,28.65688133239746,29.34354591369629,79.37864685058594,49.74318542564237,23.05186968512281,520.1938844102748,337.13262939453125,448.9425354003906,828.8407470703124,553.9430462435057,190.39753439497142,2.838560796602594,0.0,1.419110655784607,4.852443218231201,5.713184613993055,4.958129792326722,0.04213484646312278,0.039799999445676804,0.04009999707341194,0.04583000093698501,0.04250038702994641,0.005562158863634356,9.99774682775927,9.988525390625,9.99859619140625,10.00665283203125,9.997749349916775,0.007101534394985462,2785.3940301847415,2784.9970703125,2792.550537109375,2797.921630859375,2788.6313642656355,134.33161346914386,43.56003877871339,28.87051010131836,43.000579833984375,56.703392028808594,46.57498148722609,16.484899821728952,66.60001587867737
2024-07-19_02,Day_2024_07_19_Wafer_02,2024-07-19,2,140.80003356933594,0.12300000339746475,0.12300000339746475,0.12300000339746475,0.12300000339746475,0.12300000339746475,0.0,100,46586.362862351685,14.974797389724039,14.983977317810059,14.987030029296875,14.988861083984375,14.975203003016173,0.11021850234300724,2.2288482175631956,-13.36100368499756,0.0,19.653919219970703,11.400214056493338,11.18021091737243,36.6406135504896,38.22443389892578,39.55198669433594,40.28443145751953,38.07949299369903,10.368858437689818,600.7965778654271,534.0342407226562,650.3761291503906,719.1458129882812,629.1785098672829,186.839688781603,5.651473068526354,0.13733328878879547,2.059999465942383,17.68395023345949,14.971986694654401,13.86438739146558,0.0413671877613524,0.02979999966919422,0.04370000213384628,0.0502999983727932,0.04231820660082869,0.008921120256303977,9.999620421366258,9.99053955078125,10.0006103515625,10.0086669921875,9.99962308724657,0.007301752497378237,2537.6412588683042,2778.5850830078125,2791.87890625,2798.9959716796875,2659.659951916973,796.3465961001434,411.2461112774803,385.5800048828125,404.7364807128906,475.0389221191407,438.3721329618811,151.81160336647352,0.20000004768371582,711.5300002098083,3351,431.400102853775,0.12300000339746475,0.12300000339746475,0.12300000339746475,0.12300000339746475,0.12300000339746477,0.0,102,264582.4827349386,14.98750734307117,14.985809326171875,14.987030029296875,14.989471435546875,14.98750743227175,0.0016351723729178668,4.317527231155417,-19.8065128326416,0.0,25.29984474182129,17.05341272099294,16.497813310883213,44.13570700279805,28.24488067626953,29.75554656982422,79.83641815185547,49.823404395483706,23.11733100768918,517.1520711715762,337.4278869628906,449.2858581542969,826.3344116210938,551.2873029134734,190.9749345766629,2.907832445703727,0.0,1.3733329772949219,5.053865051269535,5.897350731738724,5.130619467554767,0.042151923531016156,0.039799999445676804,0.04009999707341194,0.04600000008940697,0.042513032133200096,0.005529307713798429,9.999020123293846,9.99053955078125,9.99859619140625,10.0086669921875,9.999022734314405,0.007226015571957247,2750.598701579625,2783.989990234375,2792.046875,2797.75390625,2770.1805692465696,328.7965466663697,52.488737836701205,26.825769424438477,40.955841064453125,52.85805892944336,118.21790071414704,105.92641053849592,98.00002336502075
2024-07-19_03,Day_2024_07_19_Wafer_03,2024-07-19,3,141.00003361701965,0.12300000339746475,0.12300000339746475,0.12300000339746475,0.12300000339746475,0.12300000339746475,0.0,100,46613.196519260775,14.974633770124287,14.983611106872559,14.987030029296875,14.988861083984375,14.975044696311727,0.11093740211148005,2.306549989416244,-12.634662628173828,0.0,19.28769874572754,10.839863645934297,10.591622680626982,36.60364050898992,38.31599044799805,39.55198669433594,40.23865509033203,38.03763282972615,10.345772700851931,609.2631790052915,540.9009033203125,655.7664794921875,726.2596435546875,636.4196751617446,183.9249348004416,5.401386566354451,0.13733328878879547,2.059999465942383,17.578661727905278,14.613825701637522,13.578988356967065,0.041325815881318444,0.02993999943137169,0.04370000213384628,0.0502999983727932,0.04228525971147993,0.008956569131686305,10.000676057693806,9.99053955078125,10.0006103515625,10.01068115234375,10.000679482550597,0.008276580112924708,2560.997577185665,2781.203662109375,2791.039794921875,2799.0966796875,2672.486306191466,763.8550035380165,408.9078612980479,386.9441833496094,406.8117370605469,471.67576904296874,433.0749154574577,142.6472690490097,0.20000004768371582,690.4299998283386,3247,431.80010294914246,0.12300000339746475,0.12300000339746475,0.12300000339746475,0.12300000339746475,0.12300000339746477,0.0,101,264790.08411490347,14.98750604883064,14.985809326171875,14.987030029296875,14.989471435546875,14.98750613935946,0.0016473015708175828,4.576984828685709,-19.196142196655273,0.0,24.97634735107422,16.613344317547472,15.970423265880203,44.13631642753739,28.290658950805664,29.709768295288086,79.69908905029297,49.80417502958821,23.074692253335698,523.3785777160447,337.97723388671875,454.9165344238281,826.56787109375,556.2456039148445,188.37206868992104,2.9748337695210303,0.0,1.4648884534835815,4.760887622833252,6.157934461074028,5.391708529826179,0.04217257948041017,0.039799999445676804,0.04009999707341194,0.046119998395442965,0.04254224583694488,0.005596089779438908,9.999775388275047,9.988525390625,9.99859619140625,10.01068115234375,9.999778882439431,0.008359529307897422,2776.549797422083,2785.1650390625,2792.046875,2797.418212890625,2783.905529018163,202.24049281310852,43.4499327901228,26.758628845214844,40.955841064453125,50.93539047241211,68.4987135752561,52.95448141563458,76.60001826286316
2024-07-19_04,Day_2024_07_19_Wafer_04,2024-07-19,4,140.80003356933594,0.12300000339746475,0.12300000339746475,0.12300000339746475,0.12300000339746475,0.12300000339746475,0.0,100,46641.64387371432,14.974611841819502,14.983977317810059,14.987030029296875,14.988861083984375,14.975037496912288,0.1129080190604915,3.7597156437960537,-10.327463531494141,0.0,18.127994537353516,10.181754514274477,9.462170114024792,36.58339121124961,38.31599044799805,39.50621032714844,40.009765625,38.017565115025235,10.343633054195635,609.6210233731704,543.6819152832031,651.7838134765625,727.6604614257812,637.0005565006933,184.7482526132291,5.52428373454181,0.13733328878879547,2.059999465942383,17.793816947937014,14.693379406246496,13.615347501851925,0.04148806823253504,0.029999999329447746,0.04450000077486038,0.0502999983727932,0.04244144134748123,0.008945174005250271,10.00087071955204,9.99053955078125,10.0006103515625,10.01068115234375,10.000873592903266,0.007581031366227161,2560.203490148891,2779.5587158203125,2790.7041015625,2798.2741943359374,2672.0583688022466,765.0189640234801,408.49034255679527,386.9533386230469,406.7812194824219,473.57708740234375,432.44639035758536,141.93491667358379,0.20000004768371582,700.789999961853,3299,431.60010290145874,0.12300000339746475,0.12300000339746475,0.12300000339746475,0.12300000339746475,0.12300000339746475,0.0,101,264618.1994741714,14.987623660624083,14.985809326171875,14.987640380859375,14.989471435546875,14.987623745735894,0.001597262538582704,3.9117573264354464,-17.453535652160642,0.0,24.97329578399658,15.893721671073203,15.404822075461327,44.15723551148281,28.336435317993164,29.709768295288086,79.47019958496094,49.81047619463893,23.048255697994435,520.1382001535665,336.7412414550781,452.5475311279297,827.4193725585938,554.3937330847683,191.85584177885661,3.125530950766509,0.0,1.3733329772949219,5.172887325286865,6.51934948030771,5.721273802414023,0.042143002319891106,0.039799999445676804,0.04009999707341194,0.04543000049889087,0.042508302724685434,0.005560859286041322,9.999349402320728,9.99053955078125,9.99859619140625,10.01068115234375,9.999352257090198,0.007555903848191511,2759.117996371378,2783.989990234375,2792.046875,2797.418212890625,2774.57766740502,292.4878024162254,49.54654562263383,24.842065811157227,41.016876220703125,52.88857650756836,105.61418679014588,93.27109020595871,87.40002083778381
2024-07-19_05,Day_2024_07_19_Wafer_05,2024-07-19,5,141.20003366470337,0.12300000339746475,0.12300000339746475,0.12300000339746475,0.12300000339746475,0.12300000339746474,0.0,100,46642.35498767155,14.974739511019784,14.983977317810059,14.987030029296875,14.988861083984375,14.97513723024776,0.1091404684590946,3.426199815766332,0.0,0.0,16.403698921203613,9.496455300086298,8.856851477188714,36.61183662522616,38.65932083129883,39.50621032714844,39.918209075927734,38.041820388780444,10.332159378367118,614.173548085156,544.2861938476562,659.1998291015625,728.2441101074219,641.5326593438087,185.35103408729594,5.275271336450413,0.13733328878879547,2.1057772636413574,16.228217124938965,14.577968631696173,13.590021403719064,0.04137620421669976,0.029849999584257603,0.04370000213384628,0.0502999983727932,0.04232562188644359,0.008914482188671994,10.00126940400337,9.9925537109375,10.0006103515625,10.01068115234375,10.001272621967297,0.00802293329761213,2561.0609366657377,2779.5418701171875,2790.7041015625,2799.0966796875,2672.4397931695626,763.4797487824995,413.45292908278304,390.6979675292969,410.7028503417969,476.7143859863281,437.47455700189846,142.970848276404,0.20000004768371582,690.4100000858307,3246,431.400102853775,0.12300000339746475,0.12300000339746475,0.12300000339746475,0.12300000339746475,0.12300000339746477,0.0,101,264605.68932419654,14.987369524973877,14.985809326171875,14.987030029296875,14.989471435546875,14.987369616568156,0.0016569594500282436,4.2364275410156536,-15.424054527282713,0.0,22.766807556152344,14.47252978615549,13.83859819854894,44.133924354266725,28.65688133239746,29.389324188232422,79.47019958496094,49.79261867552806,23.054318373320186,524.1742778383697,337.56524658203125,454.43585205078125,830.1385498046875,557.1421389486829,188.8086053254386,3.133919852217992,0.0,1.6479995250701904,5.21866512298584,6.428081107825966,5.612376777147366,0.04214501575302155,0.039799999445676804,0.04009999707341194,0.04558000043034555,0.042513539570417924,0.005585579109014266,10.000027686177884,9.99053955078125,9.99859619140625,10.01068115234375,10.00003087149622,0.007981638508738955,2777.496161059865,2783.654296875,2791.87890625,2797.418212890625,2784.2256733054046,193.46233532822228,46.8473269144694,28.87051010131836,44.801170349121094,54.750205993652344,70.64393786866071,52.87621316395518,76.60001826286316
2024-07-19_06,Day_2024_07_19_Wafer_06,2024-07-19,6,141.40003371238708,0.12300000339746475,0.12300000339746475,0.12300000339746475,0.12300000339746475,0.12300000339746475,0.0,100,46676.07257608234,14.97421385510133,14.983366966247559,14.987030029296875,14.988861083984375,14.974657911628066,0.1153212555273431,3.2565451005560675,0.0,0.0,14.813684844970702,7.85063093300319,7.143340958842075,36.627779619359906,38.68220901489258,39.50621032714844,39.918209075927734,38.0558086520041,10.327164776140334,612.8488465218767,532.7570556640625,661.9464721679688,730.4071044921875,640.2420470535696,185.27323101881316,5.083015326289342,0.13733328878879547,2.059999465942383,14.648884773254395,14.253126372723177,13.315951584078572,0.04136166934060958,0.029899999499320984,0.04370000213384628,0.05040000006556511,0.04232846458980133,0.00899506664167324,9.999992157478818,9.99053955078125,9.99859619140625,10.01068115234375,9.999995295801432,0.007922525663786187,2561.257067625054,2780.565869140625,2791.039794921875,2798.760986328125,2672.673970440584,763.6415296533754,409.45497768029804,386.8709411621094,408.5513000488281,475.6614990234375,433.29303498048273,141.737346579596,0.20000004768371582,690.7200000286102,3247,431.400102853775,0.12300000339746475,0.12300000339746475,0.12300000339746475,0.12300000339746475,0.12300000339746477,0.0,101,264649.07241022994,14.987545826504725,14.985809326171875,14.987030029296875,14.989471435546875,14.987545917322223,0.0016499281235573936,4.155596637593191,-13.855402946472168,0.0,21.668142318725586,13.223096417899793,12.553138868932283,44.12628411340338,28.65688133239746,29.34354591369629,79.42442321777344,49.800354381540906,23.085630744475356,523.4795258954879,335.68377685546875,459.58587646484375,826.4992065429688,556.7994573490646,189.7230130280671,3.0951031931677266,0.0,1.693777322769165,5.465865230560307,6.159744996249556,5.3256731633160115,0.042142141356504674,0.039799999445676804,0.04009999707341194,0.04540000110864639,0.042504351471110195,0.005537130652968674,9.999429119589376,9.99053955078125,9.99859619140625,10.01068115234375,9.999432388333389,0.00808524327498029,2776.1791006343806,2783.654296875,2792.046875,2797.418212890625,2783.5490833084614,202.4230727665638,44.17071074315407,24.842065811157227,42.970062255859375,52.980133056640625,68.93285484112702,52.92151536938927,76.60001826286316
2024-07-19_07,Day_2024_07_19_Wafer_07,2024-07-19,7,140.80003356933594,0.12300000339746475,0.12300000339746475,0.12300000339746475,0.12300000339746475,0.12300000339746475,0.0,100,46570.9861422037,14.974357794631612,14.983977317810059,14.987030029296875,14.988861083984375,14.974787799118237,0.11348245228196334,2.7326637587764044,0.0,0.0,14.185003089904791,7.320753610699832,6.791611164520878,36.61492826721885,38.68220901489258,39.50621032714844,39.918209075927734,38.048616575693124,10.346219179513225,614.5570245439357,527.7512512207031,659.61181640625,731.7804565429688,642.368797376747,186.96880870068355,4.932163948637688,0.09155552834272385,2.4033327102661133,13.458662986755371,14.012248589447264,13.115520169487201,0.041336364003655035,0.02982999961823225,0.04370000213384628,0.05040000006556511,0.04230334994700344,0.008993243446942138,10.000221276825124,9.989129638671875,9.99859619140625,10.01068115234375,10.0002249705136,0.008595081024032157,2560.179411151192,2780.465087890625,2790.7041015625,2798.760986328125,2671.8337926894055,764.3148555893605,414.12308885651345,390.7590026855469,410.6875915527344,479.781494140625,438.22441389782296,143.32726262658744,0.20000004768371582,690.4500000476837,3246,431.60010290145874,0.12300000339746475,0.12300000339746475,0.12300000339746475,0.12300000339746475,0.12300000339746475,0.0,101,264797.37034288526,14.987427939520156,14.985809326171875,14.987030029296875,14.989471435546875,14.987428021674253,0.0015692537206225454,4.112362091357891,-12.298959732055664,0.0,20.752586364746094,12.295258961876812,11.587142485063977,44.11133054498172,28.70265769958496,29.34354591369629,79.37864685058594,49.76516369683133,23.038273271314893,525.1550969432304,335.9653015136719,457.9378662109375,835.2199096679688,558.5331850290676,190.1879147928724,3.0363088540829533,0.0,1.693777322769165,5.539109706878662,5.940182099598469,5.105545212708193,0.04214272429722951,0.039799999445676804,0.04009999707341194,0.04593000151216983,0.04251562740998332,0.005618662017974254,10.00011195508941,9.99053955078125,9.99859619140625,10.01068115234375,10.000115157718072,0.008003330594859824,2777.521722788276,2783.654296875,2792.046875,2797.418212890625,2784.2420719998913,193.33130872545343,47.131411454321835,28.87051010131836,46.723838806152344,56.12964210510252,70.79833813926446,52.83024453478378,76.80001831054688
2024-07-19_08,Day_2024_07_19_Wafer_08,2024-07-19,8,141.20003366470337,0.12300000339746475,0.12300000339746475,0.12300000339746475,0.12300000339746475,0.12300000339746474,0.0,100,46579.87949546319,14.974093684393692,14.983366966247559,14.987030029296875,14.988861083984375,14.97453361237213,0.11478344420564032,2.893206574761496,0.0,0.0,14.038514137268066,7.803518929959809,7.2473625137699536,36.58998509371922,38.81954574584961,39.50621032714844,39.918209075927734,38.04719769278677,10.428913803239718,615.638402922633,536.698486328125,660.2297973632812,733.7374572753906,643.534317555529,187.41871496339493,4.790195595852968,0.1831110566854477,2.1057772636413574,14.236884593963623,11.242238493390134,10.170641695376634,0.04134121848528851,0.029899999499320984,0.04370000213384628,0.05040000006556511,0.04230498895186343,0.008978627087084452,9.999694570265817,9.98651123046875,10.0006103515625,10.01068115234375,9.999698393728153,0.008744536909443008,2560.8559959995173,2779.2900390625,2790.7041015625,2798.677001953125,2672.22001697872,763.39792172567,414.1553734390978,390.7895202636719,410.6875915527344,480.7733459472656,438.1662329950003,143.0558436015473,0.20000004768371582,690.710000038147,3247,432.0001029968262,0.12300000339746475,0.12300000339746475,0.12300000339746475,0.12300000339746475,0.12300000339746475,0.0,101,264856.6000068302,14.987466836858678,14.985809326171875,14.987030029296875,14.989471435546875,14.98746692542847,0.001629378301412271,4.168997941193758,-11.413922309875488,0.0,19.53184700012207,11.557087169907685,10.778948001505855,44.09485915678519,28.748435974121094,29.34354591369629,79.37864685058594,49.76644647105365,23.072550580712267,523.5127314249675,334.7430419921875,457.4915313720703,821.2462463378907,555.8369518104685,186.78634059781496,2.9265979015544334,0.0,1.5106661915779114,5.54368743896485,5.754473145947712,4.954693321493323,0.04212342546735373,0.039799999445676804,0.04009999707341194,0.046009999886155145,0.04248487541340305,0.005530069239048861,9.999694643638753,9.988525390625,10.0006103515625,10.01068115234375,9.999697640327097,0.007741572565413111,2776.0265295240615,2783.654296875,2792.046875,2797.418212890625,2783.3851030878345,202.26057319673166,46.46988449714802,28.839990615844727,44.770652770996094,54.750205993652344,70.35879771963361,52.82906634963412,76.20001816749573
2024-07-19_09,Day_2024_07_19_Wafer_09,2024-07-19,9,141.00003361701965,0.12300000339746475,0.12300000339746475,0.12300000339746475,0.12300000339746475,0.12300000339746475,0.0,100,46547.04454439657,14.974877054471497,14.983366966247559,14.987030029296875,14.988861083984375,14.975270862164283,0.10860294033640551,1.7457886175060948,0.0,0.0,11.444440841674805,5.233739466437713,4.9339893499615375,36.62104230299064,39.002655029296875,39.46043395996094,39.918209075927734,38.05231820424171,10.338190429636855,615.2323078128463,532.3999633789062,656.2471313476562,733.07138671875,641.3667730916687,181.21960448389476,4.824911428713206,0.13733328878879547,2.059999465942383,11.947996139526367,19.17149826302052,18.554421989220565,0.041456028815121095,0.029899999499320984,0.04370000213384628,0.05046000108122826,0.04240542624462576,0.008922883495162568,9.999718971793532,9.99053955078125,9.99859619140625,10.01068115234375,9.999722690410612,0.008623819648382113,2610.1443421708777,2779.86083984375,2790.7041015625,2798.190185546875,2697.814372147942,682.1648624792623,402.06630489745885,390.7895202636719,410.6875915527344,475.7164306640625,418.6092573372155,116.51779604214455,0.20000004768371582,679.9599997997284,3195,431.60010290145874,0.12300000339746475,0.12300000339746475,0.12300000339746475,0.12300000339746475,0.12300000339746475,0.0,100,264774.3355418184,14.987442903987118,14.985809326171875,14.987030029296875,14.989471435546875,14.98744300399348,0.0017313807638408584,4.128201155887918,0.0,0.0,18.555253982543945,10.647507487448536,9.814650829846077,44.095229722483495,28.748435974121094,29.34354591369629,79.3328628540039,49.75759681534253,23.052747267074118,526.8363479741532,336.3292236328125,463.0191955566406,830.2896118164062,559.4143802005826,188.1167489312394,2.8576525368842542,0.0,1.693777322769165,5.21866512298584,5.421272272799391,4.606952901242042,0.0421459680445582,0.039799999445676804,0.04009999707341194,0.04540000110864639,0.042511877214387414,0.005565705874211314,10.000260351762604,9.99053955078125,9.99859619140625,10.01068115234375,10.000263357107022,0.007752964741078669,2784.825143723934,2783.654296875,2792.046875,2797.418212890625,2788.0619934121564,134.30784784344198,43.81639141369131,28.86135425567627,44.755393981933594,54.750205993652344,46.656584016002924,16.029992998268515,66.40001583099365
2024-07-19_10,Day_2024_07_19_Wafer_10,2024-07-19,10,140.60003352165222,0.12300000339746475,0.12300000339746475,0.12300000339746475,0.12300000339746475,0.12300000339746475,0.0,100,46269.0414685377,14.974999643491309,14.983977317810059,14.987030029296875,14.988861083984375,14.975396128357177,0.10897191679647326,2.058328033002308,0.0,0.0,12.359996795654297,6.700658921620302,6.376685321736255,36.61700169222792,39.048431396484375,39.46043395996094,39.918209075927734,38.05249693045171,10.353149748429916,615.2282442659945,537.220361328125,662.9077758789062,733.5657958984375,642.7763795989725,186.1603653513396,4.942435709407201,0.1007110804319383,2.4262216091156006,12.213507843017597,13.77270846203565,12.855342377338886,0.04137382693098564,0.029919999465346337,0.04370000213384628,0.05050000175833702,0.042348342641542934,0.009032639125436772,9.99985395352837,9.99053955078125,10.0006103515625,10.01068115234375,9.999856746311023,0.0074736099113591635,2563.593662158863,2779.3236328125,2790.7041015625,2798.760986328125,2673.7177963467866,759.4434737624827,414.2414543835571,390.7590026855469,412.6407775878906,483.5657958984375,437.81537242674784,141.72620718613516,0.20000004768371582,648.8000001907349,3245,431.80010294914246,0.12300000339746475,0.12300000339746475,0.12300000339746475,0.12300000339746475,0.12300000339746477,0.0,101,264755.14428308385,14.987539692463947,14.985809326171875,14.987030029296875,14.989471435546875,14.987539784470002,0.0016606892508069264,4.050876261846729,-10.199285697937011,0.0,18.372142791748047,10.6816519928501,9.883728588319551,44.10010138437007,28.748435974121094,29.34354591369629,79.37864685058594,49.77292243504138,23.07650028953539,524.7601805806657,335.4228210449219,458.6245422363281,829.9462890625,557.8069105321882,189.1436023618347,2.9390215209791815,0.0,1.6479995250701904,5.905331611633301,5.589377727899768,4.754292364207654,0.042156414594285575,0.039799999445676804,0.04009999707341194,0.046119998395442965,0.04252848135569021,0.005613237477249294,9.999749254330046,9.98651123046875,10.0006103515625,10.0086669921875,9.999752257375249,0.007749800451604625,2776.0708850473648,2783.654296875,2792.046875,2797.418212890625,2783.4314783647537,202.2899798411656,45.90567623967095,26.88680648803711,44.740135192871094,54.719688415527344,70.05743784502042,52.92176760452554,76.60001826286316
2024-08-01_01,Day_2024_08_01_Wafer_01,2024-08-01,1,140.80003356933594,50.93480178873605,0.12300000339746475,0.12300000339746475,0.12300000339746475,201.00735004470772,194.44690982049013,100,46582.89222550113,14.97472368316217,14.983977317810059,14.987030029296875,14.988861083984375,14.975136237255285,0.1111572638132199,3.452102932063016,-11.221655559539794,0.0,19.165624618530273,10.609718368185309,10.032402962334134,36.607515508478336,38.27021026611328,39.55198669433594,40.19287872314453,38.043420410973816,10.353339792676422,605.8293379220096,542.6038208007812,654.4274597167969,719.1252136230469,633.0040521260033,183.48008971253424,6.43496212316677,0.13733328878879547,2.4262216091156006,22.385326385498047,16.151227255053282,14.813959778458461,0.04165681825675578,0.029929999448359012,0.044450001791119576,0.05040000006556511,0.04258532456099551,0.008844171000661698,9.999737732789733,9.99053955078125,9.99859619140625,10.01068115234375,9.999740237532396,0.00707767940345593,2560.399242552844,2779.4580078125,2790.7041015625,2799.2140869140626,2672.095702451191,764.4940560873878,406.8977002796336,382.8852233886719,400.7080383300781,471.8466796875,431.402402757241,143.32583372116218,0.20000004768371582,701.0199999809265,3299,431.80010294914246,0.12300000339746475,0.12300000339746475,0.12300000339746475,0.12300000339746475,0.12300000339746477,0.0,101,264843.534036515,14.987374306166817,14.985809326171875,14.987030029296875,14.989471435546875,14.987374395225586,0.0016338648110737657,4.563541981289375,-17.090364456176758,0.0,24.567399978637695,15.828045482897089,15.155893520134944,44.1110421834913,28.290658950805664,29.663991928100586,79.52513122558594,49.792163182441016,23.097087952230805,517.3174975043152,335.76617431640625,448.04986572265625,824.6314697265625,551.5855550078835,191.38764659514402,2.765600341953244,0.0,1.3275551795959473,4.806665420532227,5.546780094909415,4.808141446533306,0.04209383909951597,0.039900001138448715,0.04009999707341194,0.04570000246167183,0.04245083965718471,0.005493859978563931,9.99820715191741,9.99053955078125,9.99859619140625,10.0086669921875,9.99820963106793,0.0070408896520498905,2759.4004600563776,2783.989990234375,2792.046875,2797.921630859375,2774.8858841476035,292.7469403465744,50.255574480368615,26.88680648803711,40.92531967163086,53.04727249145508,105.90961106559804,93.2267287300931,87.2000207901001
2024-08-01_02,Day_2024_08_01_Wafer_02,2024-08-01,2,141.20003366470337,0.12300000339746475,0.12300000339746475,0.12300000339746475,0.12300000339746475,0.12300000339746474,0.0,100,46622.13634017964,14.97474384578024,14.983977317810059,14.987030029296875,14.988861083984375,14.975158389463095,0.11142505451508272,3.366762197726847,-11.90221881866455,0.0,18.44843864440918,10.789762636881987,10.251043364663522,36.64963897834756,38.27021026611328,39.46043395996094,40.19287872314453,38.111308428495796,10.453506248561862,609.6189844061228,541.5738220214844,654.9424438476562,722.5447692871094,636.9378066403789,184.53851462365293,5.9913756185799585,0.16022217273712158,2.4262216091156006,19.638660430908203,15.472901727982396,14.265837026998671,0.04164787588269046,0.029999999329447746,0.044199999421834946,0.05050000175833702,0.04259354806932107,0.008925512399497014,10.000347920922989,9.99053955078125,9.99859619140625,10.0126953125,10.000351469180409,0.008424228746302494,2561.072348229946,2780.6329345703125,2790.7041015625,2798.8448486328125,2672.4217196720447,763.3781991299194,404.17983995821254,382.7936706542969,398.7243347167969,467.71142578125,428.55841497979503,142.48147957312867,0.20000004768371582,690.6800000667572,3246,431.2001028060913,0.12300000339746475,0.12300000339746475,0.12300000339746475,0.12300000339746475,0.12300000339746474,0.0,101,264564.8565320792,14.987324111315669,14.985809326171875,14.987030029296875,14.988861083984375,14.987324198511953,0.001616687339414019,4.4729999783751255,-17.365032196044922,0.0,24.1706600189209,15.844635820856562,15.200156429755157,44.13982899777301,28.290658950805664,29.663991928100586,79.69908905029297,49.80479607076999,23.069313117176733,522.3416369124998,337.97723388671875,451.9638671875,822.8667602539062,555.2184746937259,188.22000156412085,2.7563479762759355,0.0,1.3275551795959473,4.806665420532227,5.626500261480582,4.90510458870355,0.042111455919894916,0.039799999445676804,0.04009999707341194,0.04595000110566616,0.042469775600646846,0.0055051902670158,9.999554708848859,9.99053955078125,9.99859619140625,10.01068115234375,9.999557957141802,0.008059961324195121,2777.650409868343,2783.989990234375,2792.046875,2797.5859375,2784.366475325313,193.27407863894354,42.37633764058186,26.795251846313477,38.941619873046875,48.89065170288086,67.86599512312833,53.00980383121488,76.80001831054688
2024-08-01_03,Day_2024_08_01_Wafer_03,2024-08-01,3,140.60003352165222,0.12300000339746475,0.12300000339746475,0.12300000339746475,0.12300000339746475,0.12300000339746475,0.0,100,46522.982400323504,14.974110539573354,14.983366966247559,14.987030029296875,14.988861083984375,14.97455139895912,0.11490495510061642,2.622073939989505,0.0,0.0,15.076143455505381,8.085655647722648,7.6486963272689215,36.606322308861856,38.59065628051758,39.46043395996094,39.918209075927734,38.04227460597704,10.35334845430641,609.3197876454078,543.6887939453125,656.7964477539062,723.5816650390625,636.5473823024925,184.1791690173202,5.602469016232158,0.1831110566854477,2.1057772636413574,17.386394500732425,14.982437221947826,13.895530433623842,0.041602703202171396,0.029999999329447746,0.04399999976158142,0.05050000175833702,0.04255765572070923,0.008964884088177224,9.999349705355606,9.99053955078125,9.99859619140625,10.01068115234375,9.999352707133816,0.0077480106605856995,2559.7712740945612,2779.4580078125,2790.7041015625,2798.760986328125,2671.5685681063424,764.7546262783098,404.6612461271403,381.2738464355469,400.6775207519531,465.65142822265625,429.0224521569353,142.51154457650017,0.20000004768371582,690.420000076294,3247,431.80010294914246,0.12300000339746475,0.12300000339746475,0.12300000339746475,0.12300000339746475,0.12300000339746477,0.0,101,264840.8413840132,14.987370064325939,14.985809326171875,14.987030029296875,14.989471435546875,14.987370155962981,0.001657346250870095,4.507565470523667,-12.78725528717041,0.0,21.607105255126953,13.024017058449598,12.219119193613297,44.11905709214098,28.65688133239746,29.34354591369629,79.37864685058594,49.79899052005132,23.096498828103066,523.1562937974599,339.4878845214844,454.02386474609375,829.7540283203125,556.3300059445367,189.23680343515124,2.9623874789513667,0.0,1.3733329772949219,5.539109706878662,5.996726317670333,5.213922415379055,0.04212695630478633,0.039799999445676804,0.04009999707341194,0.04570000246167183,0.04249275175166482,0.0055635873250302875,9.999575747887036,9.99053955078125,9.99859619140625,10.01068115234375,9.999578497948285,0.00741612426376034,2776.3317264346624,2783.822021484375,2792.046875,2797.418212890625,2783.6916726864133,202.29056670049826,41.762509420206975,24.811548233032227,38.88058090209961,48.86013412475586,67.46260332601389,52.982031430006785,77.00001835823059
2024-08-01_04,Day_2024_08_01_Wafer_04,2024-08-01,4,140.80003356933594,0.12300000339746475,0.12300000339746475,0.12300000339746475,0.12300000339746475,0.12300000339746475,0.0,100,46487.63559468614,14.97486151619391,14.983366966247559,14.987030029296875,14.988861083984375,14.975259988798397,0.10924423518355934,1.809565544128418,0.0,0.0,11.621448326110846,5.2638876042793425,4.943074473643802,36.571621439673685,38.68220901489258,39.46043395996094,39.872432708740234,38.00338020776318,10.333122107524233,611.4229373498397,543.043310546875,654.3931274414062,724.6940307617188,638.699523432629,184.6593428872783,5.840436378763777,0.1831110566854477,2.1057772636413574,17.441328048706055,15.567848123520099,14.43077260934427,0.041529829750123266,0.029899999499320984,0.044099997729063034,0.050599999725818634,0.0424804188348516,0.008936398900574615,10.001036675138907,9.99053955078125,10.0006103515625,10.01068115234375,10.001039360124201,0.007328388635968625,2559.5759544589305,2779.3404296875,2790.368408203125,2798.593017578125,2671.417707064764,764.8813626797402,404.6397213833089,382.8241882324219,402.7527770996094,469.09391479492194,428.6479098447035,141.44160099868498,0.20000004768371582,690.4900000095367,3247,431.80010294914246,0.12300000339746475,0.12300000339746475,0.12300000339746475,0.12300000339746475,0.12300000339746477,0.0,101,264896.658343488,14.987301352511075,14.985198974609375,14.987030029296875,14.988861083984375,14.98730144424591,0.001658226532551079,4.095968454951984,0.0,0.0,17.712942504882815,10.28660717876613,9.43595939299662,44.034413789587475,28.748435974121094,29.251991271972656,79.3328628540039,49.72217270630279,23.092528247093064,523.5705835254946,338.8012390136719,455.74053955078125,827.7489624023438,556.5852988721975,188.84130635913962,3.0059813102754718,0.0,1.3275551795959473,6.280709075927737,6.076405580771716,5.2807936093269365,0.04210097206072324,0.039799999445676804,0.04009999707341194,0.04559999704360962,0.04245752908896255,0.005490894998295155,10.00007765886131,9.99053955078125,10.0006103515625,10.0086669921875,10.000079885346425,0.006673084225115633,2776.211527511222,2783.822021484375,2792.046875,2797.418212890625,2783.570697671587,202.2755137175315,42.554124762361496,24.842065811157227,40.86428451538086,50.87435531616211,67.94054478592432,52.9628557719234,76.80001831054688
2024-08-01_05,Day_2024_08_01_Wafer_05,2024-08-01,5,141.00003361701965,0.12300000339746475,0.12300000339746475,0.12300000339746475,0.12300000339746475,0.12300000339746475,0.0,100,46532.70209136396,14.97469351207111,14.983977317810059,14.987030029296875,14.988861083984375,14.975100757131518,0.1104396023913252,0.872006881659758,0.0,0.0,0.0,3.2637365493114996,3.145088275652968,36.58513433037075,39.002655029296875,39.41465377807617,39.826656341552734,38.014863957552684,10.327527668322453,611.6121642633533,542.0956909179688,658.032470703125,727.9488525390625,638.9060901740874,184.74726679070523,5.863125118549834,0.1831110566854477,2.1057772636413574,17.395549774169922,15.611514442864078,14.468695416103818,0.04158794338161007,0.029999999329447746,0.044099997729063034,0.050599999725818634,0.042554054698300044,0.009016126471712084,10.00107033506353,9.99053955078125,10.0006103515625,10.01068115234375,10.001073691917789,0.008194161482334152,2560.610444846728,2779.189404296875,2790.7041015625,2799.0966796875,2672.143143520957,763.9523082024838,410.69261017745055,387.6888366699219,406.8117370605469,473.97686767578125,434.84908192865066,142.91712283635923,0.20000004768371582,689.9099998474121,3246,432.0001029968262,0.12300000339746475,0.12300000339746475,0.12300000339746475,0.12300000339746475,0.12300000339746475,0.0,101,264908.6821740768,14.98735012875663,14.985809326171875,14.987030029296875,14.989471435546875,14.98735021809533,0.0016364292724950218,4.358707213401795,0.0,0.0,16.27552070617677,8.923081578366624,7.786080932152257,43.99141404893663,28.839990615844727,29.023101806640625,79.10397338867188,49.68195033513991,23.08791196878422,524.5021349518387,338.38922119140625,459.86053466796875,824.2812805175781,556.8942316505285,187.15954604720432,2.8786160258058873,0.0,1.3275551795959473,6.2715535163879395,5.783780259445781,5.0165410259987135,0.042097869773257385,0.039799999445676804,0.04009999707341194,0.04520000144839287,0.04245534799213282,0.005497811718034586,9.999082001933346,9.988525390625,9.99859619140625,10.01068115234375,9.999085163325734,0.007951229683372467,2776.166482395596,2783.822021484375,2792.046875,2797.418212890625,2783.5236509097435,202.24632801900705,45.40374292620906,26.978363037109375,43.031097412109375,53.041168212890625,69.68255699820992,52.859803992253845,76.20001816749573
2024-08-01_06,Day_2024_08_01_Wafer_06,2024-08-01,6,141.00003361701965,0.12300000339746475,0.12300000339746475,0.12300000339746475,0.12300000339746475,0.12300000339746475,0.0,100,46591.36448138271,14.97461992493758,14.983366966247559,14.987030029296875,14.988861083984375,14.97503172649151,0.11105545051799584,0.7257777788960342,0.0,0.0,0.0,4.131005507572367,4.066749699607042,36.57286204885929,39.002655029296875,39.41465377807617,39.826656341552734,38.00196091786335,10.323506921483668,612.4831096892661,538.1542602539063,660.985107421875,726.8776245117188,639.9611673802644,185.51209151987186,5.875916923825622,0.1831110566854477,2.4262216091156006,17.63359451293946,15.366525883436264,14.198722408393516,0.04162212782110094,0.029999999329447746,0.04450000077486038,0.050700001418590546,0.042607935364024636,0.009112334038479747,10.00122461927698,9.9925537109375,10.0006103515625,10.01068115234375,10.001227485640417,0.007571941452456044,2560.86638774466,2779.2900390625,2792.046875,2797.5859375,2672.367276131116,763.8783952017861,412.97764569244066,388.7142639160156,410.6265563964844,479.769287109375,437.1411612488398,143.32431411422536,0.20000004768371582,700.5299999713898,3297,431.400102853775,0.12300000339746475,0.12300000339746475,0.12300000339746475,0.12300000339746475,0.12300000339746477,0.0,101,264578.32776297757,14.98732821898268,14.985565185546875,14.987030029296875,14.988861083984375,14.987328307294758,0.0016269985291447499,4.094842593317293,0.0,0.0,15.930662155151367,8.587836920237736,7.548722216676998,44.05480536388809,28.839990615844727,29.023101806640625,79.10397338867188,49.73836631031594,23.088508127835123,526.1488978244886,338.9797668457031,459.99786376953125,831.6492309570312,559.6615850883762,190.7575087426698,3.056689773409467,0.0,1.3275551795959473,6.701864814758305,6.059973249921194,5.232582863070055,0.04210713892435939,0.039799999445676804,0.04009999707341194,0.045740001648664486,0.042464863984599595,0.005500320430233322,9.999759686894034,9.99053955078125,9.99859619140625,10.01068115234375,9.999762639341744,0.00768423996856853,2760.150688019294,2783.654296875,2791.711181640625,2797.418212890625,2774.986138462679,286.55932734187127,52.676263191990685,28.87051010131836,44.740135192871094,56.67287063598633,106.93234397080275,93.05771049847618,87.00002074241638
2024-08-01_07,Day_2024_08_01_Wafer_07,2024-08-01,7,141.20003366470337,0.12300000339746475,0.12300000339746475,0.12300000339746475,0.12300000339746475,0.12300000339746474,0.0,100,46669.15102357758,14.974896009515433,14.983977317810059,14.987030029296875,14.988861083984375,14.975289008171139,0.10849139343793499,0.6242893964643181,0.0,0.0,0.0,2.741012140471524,2.6689717689916663,36.590503849321315,39.002655029296875,39.46043395996094,39.826656341552734,38.017986729717855,10.319997240009549,611.8754522523528,533.3681945800781,658.3757934570312,727.9694519042969,639.438557813787,185.71510479752203,5.685066617096618,0.1831110566854477,2.151554822921753,15.861995220184326,15.195298611516135,14.091739333819579,0.041713172869978436,0.029949999414384365,0.04474999941885471,0.050700001418590546,0.0426972993110137,0.009114306203633165,9.999957045482171,9.99053955078125,9.99859619140625,10.01068115234375,9.999960511323632,0.008325655738509932,2560.662708228438,2779.2900390625,2790.7041015625,2797.418212890625,2672.0047331774626,763.292728126611,412.9883644733019,388.7447814941406,408.6275939941406,480.8191223144531,437.1088051647449,143.1946869203537,0.20000004768371582,700.9900000095367,3298,431.400102853775,0.12300000339746475,0.12300000339746475,0.12300000339746475,0.12300000339746475,0.12300000339746477,0.0,101,264557.25587307,14.987420468955998,14.985809326171875,14.987030029296875,14.989471435546875,14.987420560828873,0.0016594803024240436,4.327728385553904,0.0,0.0,16.84621810913086,8.804640434400087,7.6676241561479745,44.04964825307875,28.839990615844727,29.023101806640625,79.10397338867188,49.738510025791705,23.098655120283905,523.7186335818768,338.430419921875,455.5345458984375,829.4381713867188,557.8621148518141,192.1690194231903,3.005500172314527,0.0,1.3275551795959473,6.683553695678711,5.913912151599302,5.093262770665896,0.0421194245595801,0.039799999445676804,0.04009999707341194,0.04584000110626222,0.04247942860465535,0.0055186890968645964,9.999517821027661,9.99053955078125,10.0006103515625,10.01068115234375,9.999521096727769,0.008093877556872832,2758.7381497145693,2783.822021484375,2792.046875,2797.250244140625,2774.214236932293,292.6233991109689,52.2716276878884,26.917325973510742,44.740135192871094,54.750205993652344,106.7425731266212,93.0680066217755,87.00002074241638
2024-08-01_08,Day_2024_08_01_Wafer_08,2024-08-01,8,140.80003356933594,0.12300000339746475,0.12300000339746475,0.12300000339746475,0.12300000339746475,0.12300000339746475,0.0,100,46525.51208573126,14.974532075903632,14.983366966247559,14.987030029296875,14.988861083984375,14.974949205811695,0.11177130389130056,0.2541619579900395,0.0,0.0,0.0,1.6892357995675433,1.6700057741371037,36.57448258183219,39.048431396484375,39.41465377807617,39.826656341552734,38.00556911815724,10.331045826356629,613.9600905505093,532.9218139648438,663.3884887695312,729.5487976074219,641.5249307157624,186.03022319256098,5.340197291272819,0.1831110566854477,2.4262216091156006,13.183996200561523,14.468088477621702,13.446481959478184,0.041534517100610006,0.02979999966919422,0.043950000777840614,0.050700001418590546,0.04250882082816591,0.00904896333400938,10.0003242763606,9.99053955078125,9.99859619140625,10.01068115234375,10.000327579365038,0.008127868223721557,2560.020383488048,2779.122314453125,2790.368408203125,2798.760986328125,2671.665108994837,764.2578692732577,412.95892030542547,388.7234191894531,408.6581115722656,483.556640625,437.14549581776777,143.39147343527517,0.20000004768371582,690.1600000858307,3246,431.400102853775,0.12300000339746475,0.12300000339746475,0.12300000339746475,0.12300000339746475,0.12300000339746477,0.0,101,264690.40462115506,14.987251533310227,14.985809326171875,14.987030029296875,14.988861083984375,14.987251624514723,0.001653423564194533,3.5508292891883055,0.0,0.0,15.930662155151367,7.7458126084155765,6.883983172824595,44.05085790472336,28.839990615844727,29.023101806640625,79.10397338867188,49.72324607958173,23.063458512298443,525.7458750053197,337.510302734375,459.99786376953125,829.7128295898438,558.532393551118,188.54630614475502,2.9318779766746124,0.0,1.3733329772949219,6.50959806442262,5.589002690031834,4.758260459356283,0.04208511766952997,0.039799999445676804,0.04009999707341194,0.045740001648664486,0.04243719232150395,0.005455104295440112,9.999982858179452,9.99053955078125,9.99859619140625,10.01068115234375,9.999985920414515,0.007825893282578763,2778.475485867574,2783.654296875,2791.37548828125,2797.418212890625,2784.547182732401,183.7851661475916,46.35030110942361,28.797265243530273,44.740135192871094,54.750205993652344,70.35482995831212,52.928741582705115,77.00001835823059
2024-08-01_09,Day_2024_08_01_Wafer_09,2024-08-01,9,141.00003361701965,0.12300000339746475,0.12300000339746475,0.12300000339746475,0.12300000339746475,0.12300000339746475,0.0,100,46600.67417416375,14.974160193044243,14.983611106872559,14.987030029296875,14.988861083984375,14.9746076477427,0.11576146545082026,0.32691600204359555,0.0,0.0,0.0,2.9009637200086016,2.8824844201511266,36.583446080633934,39.048431396484375,39.41465377807617,39.826656341552734,38.01273596879762,10.325675217576347,612.3287312825521,534.487451171875,658.3757934570312,731.3684692382812,639.9129415594824,185.85504464826792,5.440606105845448,0.1831110566854477,2.4262216091156006,14.612262535095217,14.637904018804184,13.589261910227533,0.041588085098522354,0.029999999329447746,0.044099997729063034,0.050700001418590546,0.04257263496476671,0.009102770220176904,10.000913202001694,9.99053955078125,10.0006103515625,10.01068115234375,10.000915998994065,0.007479636604246992,2560.2835492506097,2779.189404296875,2790.7041015625,2797.418212890625,2671.7579347947963,763.7006020526989,412.9516724762764,388.6654357910156,408.6123352050781,481.4050659179688,437.097127835719,143.26484342392223,0.20000004768371582,689.9700000286102,3245,431.2001028060913,0.12300000339746475,0.12300000339746475,0.12300000339746475,0.12300000339746475,0.12300000339746474,0.0,101,264449.81441231817,14.987254746990876,14.985809326171875,14.987030029296875,14.988861083984375,14.987254831198472,0.0015887357844107063,3.8294501167502606,0.0,0.0,16.44947624206543,8.231325486892795,7.286290625173574,44.01640305934899,28.839990615844727,29.023101806640625,79.10397338867188,49.699966209557836,23.07905767028028,524.195732053003,336.6039123535156,458.2468719482422,829.9737548828125,557.1097037703399,188.65327066470985,2.9450644794626917,0.0,1.3275551795959473,6.477553606033325,5.728437501410045,4.913409347832532,0.04209990670527841,0.039799999445676804,0.04009999707341194,0.04609999805688858,0.04246389489175171,0.005547992860899416,9.999321120125908,9.98651123046875,10.0006103515625,10.01068115234375,9.999324577071608,0.008314699770064451,2777.3110417240405,2783.989990234375,2791.87890625,2797.334228515625,2784.032455201085,193.33931087781642,45.496402268064706,26.88680648803711,43.031097412109375,54.67391014099121,69.80892359858618,52.94679588658485,76.80001831054688
2024-08-01_10,Day_2024_08_01_Wafer_10,2024-08-01,10,140.4000334739685,0.12300000339746475,0.12300000339746475,0.12300000339746475,0.12300000339746475,0.12300000339746477,0.0,100,46186.505798525075,14.974324295663425,14.983428001403809,14.987030029296875,14.988861083984375,14.974749563688912,0.11285558694762901,0.3267915011131526,0.0,0.0,0.0,1.9533330059252458,1.9258029875449794,36.56762995815006,39.048431396484375,39.41465377807617,39.78087615966797,38.002799365878204,10.345105068920263,610.2881232367622,527.2431335449219,659.6461486816406,728.7178955078125,638.0071577509789,186.0148918168463,5.5499996087882675,0.13733328878879547,2.380443811416626,13.541063022613523,15.11146475724212,14.055385852114508,0.0415757835492428,0.029999999329447746,0.04404999874532223,0.050700001418590546,0.04256378631298914,0.009117572460052787,10.000819795831315,9.99053955078125,10.0006103515625,10.01068115234375,10.00082342405459,0.008518827820319107,2559.240259132494,2778.971142578125,2790.7041015625,2797.8880615234375,2671.1712719689767,765.1439473901659,410.50847742260777,385.1252807617188,406.7964782714844,479.659423828125,434.7597187360849,143.17403046520684,0.20000004768371582,648.7999999523163,3245,431.80010294914246,0.12300000339746475,0.12300000339746475,0.12300000339746475,0.12300000339746475,0.12300000339746477,0.0,101,264990.191170352,14.987288927800018,14.985809326171875,14.987030029296875,14.988861083984375,14.987289015918003,0.0016252074944272362,3.6154892361788025,0.0,0.0,16.119876861572266,8.291128386247767,7.461303337910792,44.063207648428794,28.839990615844727,29.023101806640625,79.10397338867188,49.74891350354126,23.09519704428339,527.8158931829356,337.3317565917969,462.12652587890625,830.8801391601563,560.6974155261556,189.18767053169782,2.9150830757333592,0.0,1.3275551795959473,6.317331314086914,5.727752569476469,4.930460440842946,0.04210245425434591,0.039799999445676804,0.04009999707341194,0.045220001041889196,0.042463515654212025,0.005525713300219261,9.999727808805238,9.99053955078125,9.99859619140625,10.01068115234375,9.9997309190602,0.00788691420702559,2777.1962394838038,2783.654296875,2791.37548828125,2797.418212890625,2783.9084975488895,193.20344231388884,42.770652111065836,24.811548233032227,40.92531967163086,50.93539047241211,68.10017708790203,52.99344711752385,76.80001831054688
2024-08-05_01,Day_2024_08_05_Wafer_01,2024-08-05,1,141.00003361701965,50.14319394433752,0.12300000339746475,0.12300000339746475,0.12300000339746475,198.01674254125214,191.56275845714134,100,46514.996219394714,14.974494355113794,14.983366966247559,14.987030029296875,14.988250732421875,14.974896171399488,0.10970028650905893,2.422174008687337,0.0,0.0,15.082246971130372,7.683901157839248,7.292147151222529,36.62065276017426,38.68220901489258,39.46043395996094,39.9639892578125,38.05310738093923,10.34247420900982,603.5991057483863,557.4495727539063,645.6038208007812,718.4591064453125,630.1574511394201,181.01528323950768,6.266943466541826,0.1831110566854477,2.1057772636413574,21.662038040161136,15.80000147974954,14.503981051671861,0.041644255631993005,0.029999999329447746,0.04440000280737877,0.05040000006556511,0.04258114961149588,0.00888314556302072,9.998153351046515,9.988525390625,9.99859619140625,10.0086669921875,9.99815634706244,0.00774010738305736,2564.565074623054,2778.618701171875,2791.039794921875,2799.264404296875,2674.420968577858,758.6392391595483,407.00960963061937,382.8547058105469,402.7527770996094,473.67779541015625,430.88152718906866,141.4286680313258,0.20000004768371582,690.4300000667572,3245,431.80010294914246,0.12300000339746475,0.12300000339746475,0.12300000339746475,0.12300000339746475,0.12300000339746477,0.0,101,264765.1372777553,14.987364973056753,14.985809326171875,14.987030029296875,14.989471435546875,14.98736507198149,0.0017219879001871053,4.508908347323737,-13.44035186767578,0.0,21.82073402404785,13.320801816516331,12.534492672236045,44.09899876017215,28.65688133239746,29.34354591369629,79.37864685058594,49.77863996091919,23.090935552921117,517.5943588461794,332.3465576171875,445.3031921386719,827.0485351562501,551.9757062112042,191.76355216247424,2.90191587879253,0.0,1.3733329772949219,4.815820980072024,5.9909261394507425,5.241190727379223,0.04209856362085947,0.039799999445676804,0.04009999707341194,0.04580000042915344,0.04246302027645749,0.005551489174923097,9.99798325003712,9.988525390625,9.99859619140625,10.00665283203125,9.997985769899419,0.007098386329188177,2776.452221883232,2783.822021484375,2792.046875,2799.0966796875,2783.8221611094473,202.43241905321443,43.824918890065646,26.85628890991211,40.92531967163086,52.980133056640625,68.78492441490893,53.01643434864235,76.20001816749573
2024-08-05_02,Day_2024_08_05_Wafer_02,2024-08-05,2,141.20003366470337,0.12300000339746475,0.12300000339746475,0.12300000339746475,0.12300000339746475,0.12300000339746474,0.0,100,46596.57460340521,14.974911551975326,14.983366966247559,14.987030029296875,14.988861083984375,14.975299698972155,0.10781968536160133,3.3335635925487486,-10.925626754760742,0.0,18.127994537353516,10.11284026175333,9.547611844549015,36.61053983888275,38.31599044799805,39.55198669433594,40.147098541259766,38.04156012742146,10.335795549148665,606.78857694199,541.3678588867188,647.5608215332031,721.5834655761719,633.8278180166949,183.15383093050278,5.791924641823802,0.09155552834272385,2.059999465942383,20.57710552215576,15.300946681519921,14.16236485528281,0.04163739407334804,0.029899999499320984,0.04429999738931656,0.05050000175833702,0.04257742796719646,0.008897459585888817,10.000695936402924,9.99053955078125,10.0006103515625,10.0086669921875,10.000698792325222,0.007557938159341651,2560.9927117669213,2779.709716796875,2791.039794921875,2799.0966796875,2672.566236842872,764.1509147996758,403.9889915480619,381.84759521484375,400.7080383300781,469.77142333984375,428.1117210851462,141.67759328300997,0.20000004768371582,690.460000038147,3247,431.400102853775,0.12300000339746475,0.12300000339746475,0.12300000339746475,0.12300000339746475,0.12300000339746477,0.0,101,264602.22504105954,14.987235115256418,14.985198974609375,14.987030029296875,14.988861083984375,14.987235206891745,0.0016573232591334031,4.5009778796051405,-16.82790641784668,0.0,23.755607604980472,15.691553243757372,15.032166887344541,44.14264691157865,28.336435317993164,29.709768295288086,79.51597595214844,49.810052532373845,23.075269379089345,521.3078195415385,337.0021667480469,451.0025329589844,830.1385498046875,554.865013681822,190.03510384393496,2.920735966733721,0.0,1.3733329772949219,4.8249765396118205,5.896458951134034,5.122258249545477,0.042090959219183426,0.039799999445676804,0.04009999707341194,0.04570000246167183,0.042445990028828845,0.005478432397728014,9.999136829685712,9.98651123046875,9.99859619140625,10.0086669921875,9.99913976921821,0.007667175749433274,2776.363450631755,2783.822021484375,2792.046875,2797.5859375,2783.7254710103357,202.32026084366788,42.30959100948753,24.842065811157227,38.941619873046875,48.89065170288086,67.79892307494889,52.97728266656123,76.80001831054688
2024-08-05_03,Day_2024_08_05_Wafer_03,2024-08-05,3,140.80003356933594,0.12300000339746475,0.12300000339746475,0.12300000339746475,0.12300000339746475,0.12300000339746475,0.0,100,46574.38054829458,14.974995921958577,14.983550071716309,14.987030029296875,14.988861083984375,14.975387521712628,0.10829848932596314,3.6276276978579434,0.0,0.0,15.579699039459236,8.585934778518425,7.781940201948748,36.64627053520896,38.68220901489258,39.55198669433594,39.9639892578125,38.0815507610493,10.356416572668865,609.9996653253382,540.4271118164063,655.25146484375,726.7334289550781,637.5780702364426,185.48909388263638,5.903445869435514,0.09155552834272385,2.151554822921753,19.927060890197772,15.345290397622055,14.164295402666397,0.04163465927360283,0.029999999329447746,0.04489999823272228,0.050599999725818634,0.04260750927784073,0.009052899758214609,9.99943446977572,9.99053955078125,10.0006103515625,10.01068115234375,9.999437318699185,0.007548195488438021,2560.2301989685407,2780.515478515625,2790.7041015625,2797.250244140625,2671.8927408344352,764.350800884814,410.36610384899274,386.9533386230469,406.7812194824219,475.695068359375,434.7321007856354,143.49794516051278,0.20000004768371582,701.0,3299,431.80010294914246,0.12300000339746475,0.12300000339746475,0.12300000339746475,0.12300000339746475,0.12300000339746477,0.0,101,264905.63852831797,14.987285535387443,14.985809326171875,14.987030029296875,14.988861083984375,14.987285623091925,0.0016213896027010913,4.617624347328091,-12.634662628173828,0.0,21.39957847595215,13.082745163532744,12.240742069045579,44.15217647402305,28.70265769958496,29.389324188232422,79.47019958496094,49.83482861868248,23.110505318148704,519.5148303980295,335.90350341796875,451.89520263671875,828.7652099609376,553.9537098473864,192.27338258372907,3.1491030819624344,0.0,1.6479995250701904,5.621509265899666,6.343335638522608,5.506455920292627,0.042099721559796584,0.039799999445676804,0.04009999707341194,0.045099999755620956,0.0424524062704739,0.005460791402440688,9.999510432460232,9.99053955078125,10.0006103515625,10.0086669921875,9.999512897642003,0.007021483301691175,2759.1807446959065,2785.83642578125,2792.046875,2797.250244140625,2774.6301007072457,292.393252059693,50.55615147575909,26.88680648803711,42.05450439453125,52.949615478515625,106.00534161913502,93.17300037966805,87.2000207901001
2024-08-05_04,Day_2024_08_05_Wafer_04,2024-08-05,4,141.20003366470337,0.12300000339746475,0.12300000339746475,0.12300000339746475,0.12300000339746475,0.12300000339746474,0.0,100,46613.2169990172,14.974854504420467,14.983366966247559,14.987030029296875,14.988861083984375,14.975249308527085,0.10874016727490673,1.3372813176163196,0.0,0.0,10.162663459777832,4.313247740853572,4.100705396822942,36.64056116055497,39.025543212890625,39.50621032714844,39.918209075927734,38.070327912580176,10.335334789498217,608.1917688515639,539.5824890136719,652.470458984375,724.3644409179688,635.3473586393884,183.76353945016814,5.836794643396401,0.09155552834272385,2.1744437217712402,15.793328285217285,15.512725844543036,14.372769093628845,0.0415967423759042,0.029899999499320984,0.044099997729063034,0.050599999725818634,0.04255301912232142,0.008970532879227845,9.999820114870584,9.98651123046875,10.0006103515625,10.01068115234375,9.999824189256552,0.009026974581173013,2560.9484785690524,2780.04541015625,2790.7041015625,2798.760986328125,2672.2786032121394,763.292750719066,411.4539235144769,386.9594421386719,408.5513000488281,476.6838684082031,435.7034816915608,143.32896700489832,0.20000004768371582,690.4299998283386,3247,431.80010294914246,0.12300000339746475,0.12300000339746475,0.12300000339746475,0.12300000339746475,0.12300000339746477,0.0,101,264734.2283172166,14.98724425529208,14.985198974609375,14.987030029296875,14.988861083984375,14.987244344911026,0.0016389881454071664,4.130868966074772,0.0,0.0,17.432172775268555,9.828999337138416,8.918808751990804,44.09583945669693,28.839990615844727,29.29776954650879,79.37864685058594,49.78327333436835,23.106952341095113,523.4467987866245,337.0708312988281,454.6418762207031,829.5343017578125,556.6062206960987,189.24569680082357,2.8334294533345807,0.0,1.2817773818969727,5.905331611633301,5.678242525048766,4.920784054014999,0.04208721580426414,0.039799999445676804,0.04009999707341194,0.04600000008940697,0.042440822455222925,0.005467145189315316,9.999859342093599,9.99053955078125,10.0006103515625,10.0086669921875,9.999862117393567,0.007450182974747568,2776.2082588793005,2783.654296875,2792.046875,2797.418212890625,2783.5671088921363,202.27098911235103,45.07551343245548,26.917325973510742,43.000579833984375,52.980133056640625,69.5003995883982,52.90088498075949,76.40001821517944
2024-08-05_05,Day_2024_08_05_Wafer_05,2024-08-05,5,141.00003361701965,0.12300000339746475,0.12300000339746475,0.12300000339746475,0.12300000339746475,0.12300000339746475,0.0,100,46501.853227464875,14.974589608916155,14.983366966247559,14.987030029296875,14.988861083984375,14.975004580432717,0.11148196500411714,0.7378120246508443,0.0,0.0,0.0,2.936726877999347,2.8425337592092745,36.61682176522329,39.048431396484375,39.46043395996094,39.872432708740234,38.04752346100306,10.335492505412995,611.6444991307901,547.2869018554688,657.6891479492188,728.0724487304688,638.9850673642144,184.91328507571973,5.787737917181448,0.09155552834272385,2.4262216091156006,18.292794036865242,15.290698397960865,14.153004885868697,0.041580709393618374,0.029999999329447746,0.044099997729063034,0.050599999725818634,0.04255026950586985,0.00903161344088719,10.000121820057538,9.99053955078125,10.0006103515625,10.01068115234375,10.000124759830232,0.007667866638884427,2560.492588687112,2779.42431640625,2791.87890625,2798.760986328125,2672.2121227387624,764.588341652143,407.2567889905462,384.9299621582031,404.7364807128906,473.58624267578125,431.21781686351164,141.74171369657833,0.20000004768371582,690.7200000286102,3247,431.80010294914246,0.12300000339746475,0.12300000339746475,0.12300000339746475,0.12300000339746475,0.12300000339746477,0.0,101,264888.1897314346,14.987210614750815,14.985198974609375,14.987030029296875,14.988861083984375,14.987210702988515,0.001626306844471528,4.261862500832555,0.0,0.0,15.99169921875,8.334722053284736,7.162689420148566,44.09340100820664,28.88576889038086,29.023101806640625,79.1497573852539,49.785533318507106,23.116472813508185,522.8098111949954,335.65630493164065,455.1225280761719,822.035888671875,555.3584166624353,187.33091649821264,2.850031584766989,0.0,1.3275551795959473,6.2715535163879395,5.586481683613303,4.804799430483804,0.04213256072796512,0.039799999445676804,0.04009999707341194,0.04580000042915344,0.04250231461749693,0.0055941106843737055,9.999485261023956,9.99053955078125,9.99859619140625,10.01068115234375,9.99948815946577,0.007613531427574229,2776.122193407604,2783.654296875,2792.046875,2797.418212890625,2783.4836061546366,202.30312158089458,42.52390310774251,24.811548233032227,40.92531967163086,50.90487289428711,67.9415391066259,52.98839873652066,76.60001826286316
2024-08-05_06,Day_2024_08_05_Wafer_06,2024-08-05,6,141.20003366470337,0.12300000339746475,0.12300000339746475,0.12300000339746475,0.12300000339746475,0.12300000339746474,0.0,100,46593.85648834947,14.97435650676911,14.983366966247559,14.987030029296875,14.988861083984375,14.974786478548845,0.1134781314217161,0.024553135501764314,0.0,0.0,0.0,2.0694822548737957,2.0693365958138763,36.631742779999215,39.09421157836914,39.46043395996094,39.918209075927734,38.06082145884291,10.331580277086974,613.0145791677847,538.9988403320312,662.8734436035156,730.0637817382812,640.4927983406552,185.5913533923038,5.780318099583259,0.13733328878879547,2.4262216091156006,16.36555004119873,15.126776378483406,13.978815624804334,0.041633286269344705,0.029999999329447746,0.04404999874532223,0.050700001418590546,0.04260426470358346,0.009043939702795519,10.002573202419551,9.99053955078125,10.0006103515625,10.0126953125,10.002577017503498,0.00873620784101727,2561.255887428694,2780.633056640625,2791.962890625,2798.760986328125,2672.598146203965,763.3800693001637,412.22825488557896,388.7295227050781,408.5970764160156,479.7662353515625,436.327292118061,143.00129971811398,0.20000004768371582,690.2000000476837,3247,431.80010294914246,0.12300000339746475,0.12300000339746475,0.12300000339746475,0.12300000339746475,0.12300000339746477,0.0,101,264835.1424315481,14.98706443489785,14.984588623046875,14.987030029296875,14.988861083984375,14.987064529342152,0.0016825236037504116,3.8271680940572397,0.0,0.0,15.808588027954102,7.878750351501186,6.886762046209404,44.13434435273277,28.88576889038086,29.023101806640625,79.1497573852539,49.8326165929902,23.13977798204571,524.9488784910187,336.3017578125,457.1825256347656,826.6914672851562,557.7651551095856,188.49573795033615,2.9345476403176756,0.0,1.3275551795959473,6.637775897979736,5.824985111753521,5.03178712773664,0.042103704800997524,0.039799999445676804,0.04009999707341194,0.04582000076770783,0.042468065552549956,0.00555109302805656,9.999688638366445,9.99053955078125,9.99859619140625,10.0086669921875,9.999691065428614,0.0069670465683658025,2776.029673623619,2783.822021484375,2791.543212890625,2797.418212890625,2783.380868171458,202.1591166978196,45.6929230365338,26.917325973510742,43.305763244628906,54.689170837402344,69.93592035925144,52.94515786049713,76.40001821517944
2024-08-07_01,Day_2024_08_07_Wafer_01,2024-08-07,1,140.80003356933594,51.621418232712045,0.12300000339746475,0.12300000339746475,0.12300000339746475,201.49726270965678,194.77262656525394,100,46590.021734459486,14.974616996266626,14.983366966247559,14.986419677734375,14.987640380859375,14.975000225217718,0.10713337665439426,2.2578494982285933,0.0,0.0,16.08630638122559,8.368394995783756,8.0580487991081,36.62663295052268,38.27021026611328,39.55198669433594,40.19287872314453,38.0625401304588,10.355999222212823,602.2004406235435,534.2471008300781,645.9128112792969,716.1107177734375,629.0676222511347,181.88101241610235,6.521705779273444,0.13733328878879547,2.1057772636413574,22.325815200805668,16.227797241153986,14.859635157990803,0.04171647759292021,0.029999999329447746,0.044350000098347664,0.05050000175833702,0.04265733916275013,0.008909774502493433,9.99847601218657,9.99053955078125,9.99859619140625,10.0086669921875,9.998478450009586,0.006982050975180669,2560.2568982947955,2779.8440185546874,2791.37548828125,2797.921630859375,2672.1451423333724,765.1433045056008,404.8110406182029,380.8710021972656,398.7548522949219,473.11625366210944,429.180025594801,142.56056875294007,0.20000004768371582,701.2999999523163,3299,431.80010294914246,0.12300000339746475,0.12300000339746475,0.12300000339746475,0.12300000339746475,0.12300000339746477,0.0,101,264890.6194603956,14.987350556628469,14.985809326171875,14.987030029296875,14.989471435546875,14.987350645811382,0.0016350018944766257,4.108365278875679,-14.996795845031738,0.0,22.772911453247072,14.044785514067119,13.430462943304612,44.10966396552647,28.42799186706543,29.389324188232422,79.47019958496094,49.79449064308371,23.10473638136751,516.5118487854145,334.6812438964844,448.3931884765625,825.2357788085938,551.1258041951371,192.23725475050267,2.828213463997664,0.0,1.6479995250701904,5.081331729888916,5.517688466047095,4.737730955891383,0.04209490446524799,0.039799999445676804,0.04009999707341194,0.04561999812722207,0.04244845282495011,0.0054671898900312535,9.998520615698288,9.99053955078125,9.99859619140625,10.0086669921875,9.998523025557423,0.006941905956578929,2759.4444580219474,2785.1650390625,2792.046875,2797.75390625,2774.927616571928,292.7277921645306,49.65574938856711,26.795251846313477,40.92531967163086,52.980133056640625,105.70758586692753,93.31880979992015,87.2000207901001
2024-08-07_02,Day_2024_08_07_Wafer_02,2024-08-07,2,140.60003352165222,0.12300000339746475,0.12300000339746475,0.12300000339746475,0.12300000339746475,0.12300000339746475,0.0,100,46500.14345802829,14.974489979859266,14.983489036560059,14.987030029296875,14.988861083984375,14.974907737781002,0.11185525534258346,3.120398239255121,-12.390514373779297,0.0,19.379253387451172,11.30739527778813,10.86831646560767,36.63640700295504,38.27021026611328,39.55198669433594,40.23865509033203,38.07628871794828,10.371954707111978,606.6733362189736,537.7697143554688,649.5864868164062,719.461669921875,633.6360035473579,182.87167115878665,5.740713945774105,0.09155552834272385,2.1057772636413574,18.86043930053711,15.188973763284071,14.062330083401065,0.0416243246665084,0.029999999329447746,0.044199999421834946,0.05050000175833702,0.04257747544005414,0.008958627735625254,10.000613224794652,9.99053955078125,10.0006103515625,10.0126953125,10.000617601438854,0.009356188912390147,2563.746235658909,2779.4580078125,2791.039794921875,2798.760986328125,2673.847146408032,759.3838301538625,403.8843913227956,380.7855529785156,400.6775207519531,469.85687255859375,427.80672240785907,141.0531466617103,0.20000004768371582,700.960000038147,3298,431.400102853775,0.12300000339746475,0.12300000339746475,0.12300000339746475,0.12300000339746475,0.12300000339746477,0.0,101,264715.5858982379,14.987300768460065,14.985809326171875,14.987030029296875,14.988861083984375,14.987300854383951,0.0016048471215585473,4.312363008243595,-19.013031005859375,0.0,24.719993591308594,16.587655457853323,16.017298114026076,44.1466579985497,28.290658950805664,29.709768295288086,79.74486541748047,49.829442797764244,23.10943437418464,520.2724402811884,337.97723388671875,450.5218811035156,823.9036254882812,553.8356449300635,189.86971711928328,2.6936935324672615,0.0,1.2817773818969727,4.779198741912846,5.515444947897963,4.812914722539475,0.0420863694689674,0.039799999445676804,0.04009999707341194,0.045240000635385524,0.042441595442688634,0.005479646762558509,9.999699919766499,9.99053955078125,9.99859619140625,10.01068115234375,9.999703108037314,0.007985205881743472,2760.303679457847,2784.661376953125,2791.87890625,2797.418212890625,2775.2004513502193,287.1604818667303,47.48022160112278,24.842065811157227,38.88058090209961,48.86013412475586,102.73446458046931,91.10432903734035,87.60002088546753
2024-08-07_03,Day_2024_08_07_Wafer_03,2024-08-07,3,141.00003361701965,0.12300000339746475,0.12300000339746475,0.12300000339746475,0.12300000339746475,0.12300000339746475,0.0,100,46603.817314938184,14.974471015118539,14.983611106872559,14.987030029296875,14.988861083984375,14.974898749415475,0.11318291664360591,3.5822236771279194,-10.79134521484375,0.0,17.902157974243163,10.529752578841908,9.90168485151148,36.60519881552838,38.31599044799805,39.55198669433594,40.147098541259766,38.03813076010657,10.342089314959772,610.2635686346825,540.2554321289062,657.4144897460938,726.2184448242188,637.6971115966869,185.0296812298494,6.020522726099965,0.09155552834272385,2.1057772636413574,20.746483230590822,15.500822866767308,14.28386557103539,0.041656596024672615,0.029999999329447746,0.04609999805688858,0.050599999725818634,0.04262788268519294,0.009047894222403477,9.999733276908279,9.99053955078125,9.99859619140625,10.01068115234375,9.999736047547518,0.007443877650783152,2560.82948558618,2780.633056640625,2790.7041015625,2799.0966796875,2672.3127400554904,763.8113159775148,405.7359276935881,382.9096374511719,400.6775207519531,467.7816162109375,430.12562510231,142.78098734872373,0.20000004768371582,700.9400000572205,3298,431.60010290145874,0.12300000339746475,0.12300000339746475,0.12300000339746475,0.12300000339746475,0.12300000339746475,0.0,101,264628.89010554325,14.987323551955766,14.985809326171875,14.987030029296875,14.989471435546875,14.987323648427866,0.00170050496817176,4.7077700011259545,-16.580706214904783,0.0,24.323251724243164,15.525802643133275,14.794845363504912,44.16497836850991,28.290658950805664,29.709768295288086,79.51597595214844,49.841446218582085,23.100312700672742,522.2397873448044,338.8012390136719,455.4658660888672,823.9860229492188,555.3341478958506,188.84284559724236,2.8094140594899377,0.0,1.3275551795959473,4.8203987598419165,5.745058577116723,5.011276354068161,0.04210653330481665,0.039799999445676804,0.04009999707341194,0.045589999482035626,0.04246211438641138,0.005483704150941212,9.999599538101323,9.99053955078125,9.99859619140625,10.01068115234375,9.999602733123977,0.007993616470860661,2759.246020623774,2783.989990234375,2792.046875,2797.5859375,2774.7121458659894,292.5557897019188,47.17376680966325,24.781028747558594,38.85006332397461,48.86013412475586,104.69791553076753,93.46811885062867,87.00002074241638
2024-08-07_04,Day_2024_08_07_Wafer_04,2024-08-07,4,140.80003356933594,0.12300000339746475,0.12300000339746475,0.12300000339746475,0.12300000339746475,0.12300000339746475,0.0,100,46622.72814832402,14.974193913015453,14.983366966247559,14.987030029296875,14.988861083984375,14.974632755244984,0.11464209465525442,3.0228496925397352,0.0,0.0,15.686513900756836,8.113876865897474,7.529766100700517,36.60205330090089,38.68220901489258,39.50621032714844,39.918209075927734,38.035694083269114,10.344260174320985,611.4707297411832,545.1101745605469,659.4401550292969,727.2621887207032,638.792406693943,184.8223079599016,5.440011042921634,0.09155552834272385,2.059999465942383,16.937772750854492,14.838881354943144,13.805748068068242,0.041627556917691516,0.029929999448359012,0.044099997729063034,0.050599999725818634,0.04257827763779018,0.008947414803455582,10.000204102559524,9.99053955078125,9.99859619140625,10.01068115234375,10.000207097155622,0.007739066698183808,2560.015377023003,2780.633056640625,2790.7041015625,2797.703515625,2671.8679348533583,764.9833532197414,404.63308875844814,382.7814636230469,402.6917419433594,467.6961669921875,428.67949579790775,141.55625595269964,0.20000004768371582,690.7300000190735,3247,431.80010294914246,0.12300000339746475,0.12300000339746475,0.12300000339746475,0.12300000339746475,0.12300000339746477,0.0,101,264808.35291004693,14.9871747046502,14.984588623046875,14.987030029296875,14.988861083984375,14.987174793549507,0.0016323905373047565,3.7185086329373127,-14.740440368652344,0.0,22.132023239135744,13.72013041180786,13.206614708689944,44.1342173863915,28.65688133239746,29.389324188232422,79.47019958496094,49.80563169537525,23.08185010492239,521.9971026393648,337.0021667480469,451.689208984375,829.5068359375,555.6651784549202,190.48048557121743,3.0167313370562057,0.0,1.6479995250701904,5.136265087127688,6.242664847987238,5.465363340558303,0.04210778074912751,0.039799999445676804,0.04009999707341194,0.04559999704360962,0.04247225702257717,0.005552244318765328,9.999995589863651,9.99053955078125,9.99859619140625,10.01068115234375,9.999998453001675,0.0075672150365474165,2776.256151058874,2783.822021484375,2792.046875,2797.418212890625,2783.6195219020697,202.33493623710808,41.49882606444203,24.781028747558594,38.88058090209961,48.86013412475586,67.32572787768609,53.015102277873865,76.80001831054688
2024-08-07_05,Day_2024_08_07_Wafer_05,2024-08-07,5,140.80003356933594,0.12300000339746475,0.12300000339746475,0.12300000339746475,0.12300000339746475,0.12300000339746475,0.0,100,46459.659666614956,14.974154912612654,14.983366966247559,14.986724853515625,14.988861083984375,14.974591838625297,0.11439137424501333,2.8823951943354174,0.0,0.0,14.203314208984377,7.231651340686493,6.63238863886344,36.631314684044234,38.68220901489258,39.55198669433594,39.918209075927734,38.065748689858246,10.351232189356494,614.0010569312356,534.08232421875,662.3241271972656,728.4913024902344,641.4806659731845,185.74215166387486,5.488454796252137,0.09155552834272385,2.4262216091156006,16.571550369262695,14.852793366641455,13.80153378221585,0.04158977281423921,0.029899999499320984,0.044099997729063034,0.050599999725818634,0.04254015159863952,0.008941772491805073,9.999374349008907,9.98651123046875,10.0006103515625,10.01068115234375,9.999378406462034,0.00900799655241352,2560.1381622011013,2780.80078125,2790.6201171875,2798.760986328125,2671.7557805785614,764.1803069279696,410.2000296163711,386.9441833496094,406.8117370605469,477.05619506835944,434.4532343945023,143.12773518285204,0.20000004768371582,690.6799998283386,3247,431.80010294914246,0.12300000339746475,0.12300000339746475,0.12300000339746475,0.12300000339746475,0.12300000339746477,0.0,101,264847.7821880815,14.98726489335202,14.985809326171875,14.987030029296875,14.988861083984375,14.987264982955143,0.0016388445728835986,4.4696117023893835,-11.572618675231933,0.0,20.26428985595703,12.134141057577642,11.280955209336456,44.12236472797261,28.70265769958496,29.34354591369629,79.38780212402344,49.80286522043948,23.098534909751702,523.7569915008191,338.6913757324219,456.0838623046875,830.9350708007813,556.786774094112,188.91830419559318,2.8863739086390092,0.0,1.3733329772949219,5.21866512298584,5.722824194738752,4.941615365790342,0.042106808114481115,0.039799999445676804,0.04009999707341194,0.04520000144839287,0.042461125595586666,0.005473928868230944,9.999714745808221,9.988525390625,10.0006103515625,10.01068115234375,9.999717878950696,0.007915874669843418,2776.154690769438,2783.822021484375,2792.046875,2797.418212890625,2783.5092551471544,202.21005516223138,44.42150697712547,26.825769424438477,42.939544677734375,52.980133056640625,69.11638253134583,52.95095893466446,76.80001831054688
2024-08-07_06,Day_2024_08_07_Wafer_06,2024-08-07,6,140.80003356933594,0.12300000339746475,0.12300000339746475,0.12300000339746475,0.12300000339746475,0.12300000339746475,0.0,100,46427.194618458336,14.974282369017601,14.983366966247559,14.987030029296875,14.988861083984375,14.974710634172743,0.11325241778817115,1.8098689995028756,0.0,0.0,12.189093017578127,6.191820017506003,5.9214026491893375,36.64288923957131,38.81954574584961,39.50621032714844,39.918209075927734,38.07737863581925,10.353039744541373,611.0322022221305,532.0841064453125,660.0924682617188,727.3858032226562,638.3875969219434,184.87393475378622,5.23492143247594,0.09155552834272385,2.1057772636413574,16.035951423645038,14.41533008154186,13.431207650677198,0.04145198870074554,0.029899999499320984,0.04399999976158142,0.050700001418590546,0.042423194043838895,0.009025520795747574,10.000244143334301,9.99053955078125,9.99859619140625,10.01068115234375,10.000247335957242,0.007990871538113254,2559.3816329999404,2779.2900390625,2790.368408203125,2796.578857421875,2671.2024000877086,764.7796538199057,409.94001547251406,387.0052185058594,406.8575134277344,475.7225341796875,433.951671096482,142.34899564740272,0.20000004768371582,690.7400000095367,3246,431.60010290145874,0.12300000339746475,0.12300000339746475,0.12300000339746475,0.12300000339746475,0.12300000339746475,0.0,101,264802.32690500777,14.987250290500333,14.985198974609375,14.987030029296875,14.988861083984375,14.987250383432366,0.0016690090649701468,4.576517786551008,-10.650959968566895,0.0,19.418928146362305,11.531021031063172,10.58394685210595,44.130952565508714,28.748435974121094,29.34354591369629,79.42442321777344,49.80361153596399,23.083733400081222,526.1034795144182,337.0845642089844,458.79620361328125,834.6361999511719,559.4273627571453,190.19490803971837,3.0987600733485485,0.0,1.693777322769165,5.507065248489377,6.190631202169725,5.359253743675352,0.04207613472969196,0.039799999445676804,0.04009999707341194,0.04503000117838382,0.04243128888307331,0.005478427008515426,9.99963313545531,9.99053955078125,9.99859619140625,10.01068115234375,9.999636224390757,0.007859799745327979,2777.53292010911,2783.654296875,2792.046875,2797.418212890625,2784.253271046212,193.3317228022625,45.42452449109181,26.88680648803711,43.031097412109375,54.62813186645508,69.75816291485582,52.94160809810904,76.80001831054688
2024-08-07_07,Day_2024_08_07_Wafer_07,2024-08-07,7,140.80003356933594,0.12300000339746475,0.12300000339746475,0.12300000339746475,0.12300000339746475,0.12300000339746475,0.0,100,46548.229608348694,14.974546792832287,14.983366966247559,14.987030029296875,14.988861083984375,14.974956445678066,0.1107650632251955,1.732228858904405,0.0,0.0,11.291848182678223,5.1421489985054745,4.841598858146924,36.65023703466762,38.81954574584961,39.50621032714844,39.918209075927734,38.084918110802505,10.354762807964782,611.7571994608098,534.9337646484375,657.9981384277344,731.1418762207031,639.2656988153311,185.50946765521317,5.2184700517523614,0.09155552834272385,2.1057772636413574,15.092928600311282,14.414119838864837,13.436309800243542,0.04154190342788669,0.02982999961823225,0.044099997729063034,0.050700001418590546,0.04251586890583107,0.009048169340034997,10.001105289567601,9.99053955078125,10.0006103515625,10.01068115234375,10.001108601725807,0.008139440821819397,2560.5732932524247,2779.2900390625,2791.2076416015625,2797.75390625,2672.21089674717,764.3137356980743,411.9460435045925,386.9838562011719,408.6123352050781,479.81201171875,436.18213695811824,143.3712448235801,0.20000004768371582,690.670000076294,3246,431.80010294914246,0.12300000339746475,0.12300000339746475,0.12300000339746475,0.12300000339746475,0.12300000339746477,0.0,101,264825.3604418576,14.987260944371755,14.985809326171875,14.987030029296875,14.988861083984375,14.987261029567836,0.001598033725632016,4.5545800811110295,0.0,0.0,18.127994537353516,10.695283684924215,9.677029161150273,44.151264665964966,28.794214248657227,29.34354591369629,79.3328628540039,49.83127871795051,23.104591904251006,525.3422086149412,335.7799072265625,460.13519287109375,829.7540283203125,558.6515802557544,190.01882004114023,3.1034101267268035,0.0,1.693777322769165,6.2715535163879395,6.006654657138019,5.142834408713483,0.04210741030791668,0.039799999445676804,0.04009999707341194,0.04609999805688858,0.04246587763945774,0.005506065823266998,9.99948990703899,9.988525390625,10.0006103515625,10.01068115234375,9.999492937647428,0.007785183759248529,2776.346649120449,2783.654296875,2792.046875,2797.418212890625,2783.699167542255,202.18887034922486,45.105113078510946,26.825769424438477,43.031097412109375,54.59761428833008,69.58343349542272,52.98474300387479,76.60001826286316
2024-08-07_08,Day_2024_08_07_Wafer_08,2024-08-07,8,141.00003361701965,0.12300000339746475,0.12300000339746475,0.12300000339746475,0.12300000339746475,0.12300000339746475,0.0,100,46993.10849071061,14.974311679813033,14.983366966247559,14.986419677734375,14.988861083984375,14.97472975312488,0.11189680486288756,2.6302193364353044,-12.958159065246582,0.0,19.226661682128906,11.059295121456179,10.741971645173257,36.660976269228236,38.27021026611328,39.5977668762207,40.23865509033203,38.09719066441635,10.361889572272844,607.381811090564,558.0126586914063,649.4491577148438,717.5664672851562,632.842228039739,177.69811801661666,4.886792535593746,0.09155552834272385,1.9684438705444336,13.046662330627441,20.451501456585397,19.85908282229519,0.04153219856295391,0.029899999499320984,0.04390000179409981,0.05079999938607216,0.04253412245954563,0.00917758442788695,9.999601872762044,9.99053955078125,9.99859619140625,10.0086669921875,9.999605292354179,0.008269772157180213,2607.672755291445,2781.203662109375,2792.046875,2799.264404296875,2697.272647487082,689.4363902440136,400.1741132917662,388.6654357910156,406.8727722167969,473.67779541015625,417.21207520963577,118.01099419918226,0.20000004768371582,766.7999999523163,3835,431.80010294914246,0.12300000339746475,0.12300000339746475,0.12300000339746475,0.12300000339746475,0.12300000339746477,0.0,100,264818.28009049944,14.987270245677953,14.984588623046875,14.987030029296875,14.989471435546875,14.987270357151363,0.001827939879669329,3.952224743371763,-19.56236457824707,0.0,25.83086624145508,16.88707969666643,16.41808089453343,44.203615532257096,28.290658950805664,29.75554656982422,79.74486541748047,49.86628825522374,23.08001469300799,526.9348994613301,339.5977722167969,460.0665283203125,830.5368041992188,559.7661636946142,188.8855996286208,2.922207361888684,0.0,1.3275551795959473,4.394665241241455,6.206793414544648,5.47585505879752,0.042118804402487206,0.039799999445676804,0.04009999707341194,0.04580000042915344,0.042482219178319076,0.005544841027456525,9.998616711526847,9.99053955078125,9.99859619140625,10.0086669921875,9.998619228665433,0.007094773724492706,2785.0855168408407,2783.822021484375,2792.046875,2797.921630859375,2788.321422347449,134.29452038369612,42.10460225096893,25.037385177612304,42.970062255859375,54.689170837402344,45.14617472791892,16.29047457416409,194.20004630088806
2024-08-07_09,Day_2024_08_07_Wafer_09,2024-08-07,9,141.20003366470337,0.12300000339746475,0.12300000339746475,0.12300000339746475,0.12300000339746475,0.12300000339746474,0.0,100,46563.7235679025,14.974636566875338,14.982146263122559,14.986419677734375,14.988250732421875,14.975001920216764,0.1046049735706369,1.3283332589665486,-13.672292709350586,0.0,18.69258689880371,10.653761609713884,10.570627568396148,36.616829431766156,38.24732208251953,39.55198669433594,40.23865509033203,38.0493813721257,10.342302701352839,601.6419830322266,535.5654907226562,644.1618041992188,718.2187805175781,628.5457168083504,181.92482615402744,4.636133333451771,0.09155552834272385,1.693777322769165,13.870662212371826,13.165346585281007,12.32203791687997,0.041455948998407585,0.029999999329447746,0.04390000179409981,0.05079999938607216,0.042457238091187434,0.009166316543367138,10.003606068176182,9.99053955078125,9.99859619140625,10.01068115234375,10.00362830629775,0.021093205309914112,2561.4703434628063,2779.793701171875,2792.046875,2799.0966796875,2672.910304122217,763.7533459457021,415.03241256411286,388.7905578613281,410.7181091308594,484.8628234863281,439.26700216692706,143.8874411264968,0.20000004768371582,690.6699998378754,3246,431.80010294914246,0.12300000339746475,0.12300000339746475,0.12300000339746475,0.12300000339746475,0.12300000339746477,0.0,101,264856.79813147185,14.98708817560179,14.984588623046875,14.987030029296875,14.988861083984375,14.987088280762611,0.0017754179688744373,4.135957743957011,-19.959104537963867,0.0,25.696584701538086,16.817637383220234,16.30112820309345,44.105974661194104,28.290658950805664,29.709768295288086,79.79064178466797,49.77974298463058,23.079987235741296,525.8444385961451,337.56524658203125,456.7018737792969,828.037353515625,558.468424191241,188.0813845550722,2.931706400863367,0.0,1.3275551795959473,4.44044303894043,6.250311224475941,5.520098548209687,0.042092032785794424,0.039799999445676804,0.04009999707341194,0.045099999755620956,0.042450241873286276,0.005503072874323459,9.998447851540591,9.99053955078125,9.99859619140625,10.00665283203125,9.998450383341849,0.007115347645373251,2776.2716987896097,2783.989990234375,2791.20751953125,2797.75390625,2783.6367287581074,202.35832622106264,45.34989726007841,26.825769424438477,43.000579833984375,54.750205993652344,69.77705133755147,53.03040365548452,76.20001816749573
2024-08-07_10,Day_2024_08_07_Wafer_10,2024-08-07,10,141.00003361701965,0.12300000339746475,0.12300000339746475,0.12300000339746475,0.12300000339746475,0.12300000339746475,0.0,100,46338.158805065206,14.9742874429581,14.983366966247559,14.987030029296875,14.988861083984375,14.97472674092567,0.11470196625008118,2.9864417745711958,-12.58583297729492,0.0,19.446395111083987,11.457469523992923,11.061409196857454,36.59253682346209,38.27021026611328,39.55198669433594,40.23865509033203,38.026105928285354,10.342677646177993,611.9512115045642,526.7006225585938,657.3458251953125,731.4234008789062,639.5452425197507,185.83280648944282,4.795172096693769,0.09155552834272385,2.1057772636413574,13.092440605163574,13.675499378536664,12.807248253057569,0.041500000152340594,0.029899999499320984,0.04399999976158142,0.050700001418590546,0.04249576766312651,0.00914550472276731,9.99959039079382,9.99053955078125,10.0006103515625,10.0086669921875,9.999592974741041,0.007188660115279102,2560.9980508790795,2779.4580078125,2792.046875,2798.693798828125,2672.4924266130083,763.8748285533712,414.96078579767163,388.7691955566406,410.7181091308594,483.5657958984375,439.1197165098781,143.64425389793573,0.20000004768371582,649.0,3246,431.80010294914246,0.12300000339746475,0.12300000339746475,0.12300000339746475,0.12300000339746475,0.12300000339746477,0.0,101,264924.08969663735,14.987316352451991,14.985809326171875,14.987030029296875,14.989471435546875,14.987316441146872,0.001630520303958176,4.434174044698739,-19.226661682128906,0.0,26.00177001953125,17.04783735533925,16.46107101726435,44.123106874763664,28.290658950805664,29.709768295288086,79.74486541748047,49.78626835422864,23.06130864364491,524.5365279720248,335.7799072265625,458.7618713378906,827.158447265625,557.4361079315942,188.67020233459533,3.1064209866718375,0.0,1.6479995250701904,4.815820980072024,6.463335873026216,5.667879608911284,0.042102454190503506,0.039799999445676804,0.04009999707341194,0.045099999755620956,0.04247019687307488,0.005576824685633635,9.99868480846693,9.99053955078125,9.99859619140625,10.0070556640625,9.998687216491083,0.006939319480111965,2776.3586178205805,2784.62783203125,2792.046875,2797.418212890625,2783.7128921124954,202.21347869691718,45.38267751113305,26.88680648803711,43.031097412109375,54.719688415527344,69.65173384148801,52.83726534412986,76.40001821517944
2024-08-21_01,Day_2024_08_21_Wafer_01,2024-08-21,1,140.4000334739685,51.254391354341536,0.12300000339746475,0.12300000339746475,0.12300000339746475,201.98399115464971,195.37277202736726,100,46214.462342790495,14.974788516335337,14.982146263122559,14.986419677734375,14.987640380859375,14.975134732154379,0.10182896055464576,2.3979201615705787,0.0,0.0,14.578692150115964,7.182140622212454,6.770016456107594,36.55093602780943,38.54487609863281,39.41465377807617,39.872432708740234,37.986898355404634,10.345700660410891,605.3057791772392,546.7306884765625,650.616455078125,714.8197631835938,632.1499350531972,182.2593045152888,6.642210146842094,0.09155552834272385,2.380443811416626,21.474348831176748,16.423493578834933,15.020392328405412,0.04158746467192161,0.029999999329447746,0.044199999421834946,0.05050000175833702,0.04253930176577971,0.008948462263525556,10.000475530271176,9.99053955078125,10.0006103515625,10.01068115234375,10.000480615669078,0.010085277407776226,2563.857383814972,2779.793701171875,2792.046875,2800.103759765625,2674.206096731539,760.2720324026009,405.20942811037486,380.7794494628906,400.6317443847656,469.5730529785156,429.40566485675674,142.10750994066515,0.20000004768371582,648.7999999523163,3245,431.60010290145874,0.12300000339746475,0.12300000339746475,0.12300000339746475,0.12300000339746475,0.12300000339746475,0.0,101,264680.50439107395,14.986980154958447,14.983977317810059,14.987030029296875,14.988861083984375,14.986980251272493,0.0016990919389899696,3.55467096625709,-12.887966442108153,0.0,19.794304466247556,11.785717888750156,11.236879481192913,44.072149999722825,28.65688133239746,29.29776954650879,79.3328628540039,49.75609640617203,23.0936078598,520.6336621840427,337.4278869628906,450.3501892089844,825.4417724609375,554.5957175587935,191.0942169072239,2.7537722249046674,0.0,1.3733329772949219,5.447554111480713,5.447019928137101,4.69965579919065,0.04210880397282976,0.039799999445676804,0.04009999707341194,0.04593000151216983,0.042474992792663,0.005565396725712413,9.998222831004853,9.99053955078125,9.99859619140625,10.00665283203125,9.998225375936023,0.007133693598575264,2776.4868416136565,2783.989990234375,2792.046875,2797.921630859375,2783.8550032970365,202.40923330758733,43.29067538688313,26.795251846313477,40.83376693725586,51.628163146972575,68.5088622435716,53.09784958410446,77.00001835823059
2024-08-21_02,Day_2024_08_21_Wafer_02,2024-08-21,2,140.80003356933594,0.12300000339746475,0.12300000339746475,0.12300000339746475,0.12300000339746475,0.12300000339746475,0.0,100,46291.48736014115,14.97506959465417,14.983366966247559,14.986419677734375,14.988861083984375,14.97543568281834,0.10471163017045002,3.8281221823258833,-7.049775505065947,0.0,17.874691009521484,9.80241628702135,9.024014939108087,36.532671397382565,38.22443389892578,39.46043395996094,39.918209075927734,37.96477282603149,10.328983314104299,605.8479666493156,550.0610534667969,651.09716796875,719.5372009277344,632.8711586426384,182.95940737924744,5.7616258206015285,0.09155552834272385,2.059999465942383,19.272438049316406,15.007229831259725,13.857150324349865,0.041586789819120895,0.029999999329447746,0.04399999976158142,0.05050000175833702,0.04254727638884889,0.008989418259785316,9.99916266582229,9.99053955078125,10.0006103515625,10.0086669921875,9.99916538205766,0.007370221570581364,2560.3312902233815,2779.4580078125,2791.039794921875,2799.0966796875,2672.032787875083,764.5017356308382,402.7529055921636,378.7347106933594,396.9542541503906,465.05936889648444,427.3459658940337,142.8799202231524,0.20000004768371582,648.7999999523163,3245,431.60010290145874,0.12300000339746475,0.12300000339746475,0.12300000339746475,0.12300000339746475,0.12300000339746475,0.0,101,264809.8480763197,14.987156096821698,14.984588623046875,14.987030029296875,14.988861083984375,14.987156190033248,0.0016715119329170438,4.380523332961739,-16.885891532897947,0.0,23.081148719787596,15.552973169017209,14.923337084095733,44.119667331635455,28.290658950805664,29.663991928100586,79.47019958496094,49.78822634354048,23.0721138386026,523.2764375843971,340.174560546875,455.0538635253906,829.1017150878906,556.3400121915189,188.93379537351697,2.7241163819292913,0.0,1.3275551795959473,4.866176414489744,5.510157672257242,4.7896792701432345,0.042127293229027134,0.039799999445676804,0.04009999707341194,0.046029999479651446,0.04248260251844311,0.005482944640938247,9.998837906746427,9.988525390625,9.99859619140625,10.0086669921875,9.998840553996827,0.007275909722118644,2777.637462980113,2783.939599609375,2792.046875,2797.75390625,2784.3621873921084,193.39833202064398,40.74327077945147,24.781028747558594,37.82769203186035,46.88558578491211,66.82800723365905,52.97139262860929,76.60001826286316
2024-08-21_03,Day_2024_08_21_Wafer_03,2024-08-21,3,141.20003366470337,0.12300000339746475,0.12300000339746475,0.12300000339746475,0.12300000339746475,0.12300000339746474,0.0,100,46377.583433077016,14.97497291537925,14.983366966247559,14.987030029296875,14.988861083984375,14.975353118823264,0.10671090435167352,3.5744263970480423,0.0,0.0,15.930662155151367,8.502448011895368,7.714602914413007,36.556786502049256,38.54487609863281,39.437543869018555,39.826656341552734,37.98448540771251,10.31612777801409,610.6596828385048,555.6505126953125,657.2428283691406,723.609130859375,637.847108580323,184.2381222219094,5.712818602274143,0.13733328878879547,2.059999465942383,17.532883644104004,14.948451436048655,13.813757778150581,0.04159872508383548,0.029999999329447746,0.04390000179409981,0.050599999725818634,0.0425527847845882,0.008960221220648403,10.001283663190458,9.99053955078125,10.00262451171875,10.01068115234375,10.001287464799425,0.00872020376767531,2560.919475025901,2779.4580078125,2790.5361328125,2799.0966796875,2672.2694684389744,763.3580774342944,403.6857517231625,378.9025573730469,398.6022644042969,467.6961669921875,428.1354124411158,142.61046680321036,0.20000004768371582,649.0,3246,431.80010294914246,0.12300000339746475,0.12300000339746475,0.12300000339746475,0.12300000339746475,0.12300000339746477,0.0,101,264759.712179533,14.987122681915015,14.984588623046875,14.987030029296875,14.988861083984375,14.987122772620793,0.0016488897143733339,3.94661293763041,-14.416943931579588,0.0,21.765800857543947,13.675219417005854,13.093352222551038,44.075399620547344,28.611103057861328,29.34354591369629,79.37864685058594,49.74863773333814,23.07132645974155,524.2576955607116,340.16082763671875,457.2511901855469,827.1172485351562,557.1034996595871,188.46266998621212,3.009352617681841,0.0,1.3275551795959473,5.21866512298584,6.246640568437149,5.473967045360818,0.042102407947900454,0.039799999445676804,0.04009999707341194,0.045900002121925354,0.04245748226469782,0.0054795114057458036,9.99955241268241,9.98651123046875,10.0006103515625,10.01068115234375,9.99955595527882,0.008417171110155029,2776.309951414715,2784.9970703125,2792.046875,2797.418212890625,2783.6690944526235,202.27872128899415,40.768403203910346,24.750511169433594,38.789024353027344,48.78078536987305,66.89378779516868,53.03504639187612,76.20001816749573
2024-08-21_04,Day_2024_08_21_Wafer_04,2024-08-21,4,141.00003361701965,0.12300000339746475,0.12300000339746475,0.12300000339746475,0.12300000339746475,0.12300000339746475,0.0,100,46343.10430385458,14.97433507391747,14.983977317810059,14.987030029296875,14.988861083984375,14.974763878115903,0.11332386937413634,2.9778706300343183,0.0,0.0,13.519700050354004,6.505029526020403,5.783398278276902,36.58234222628546,38.60896682739258,39.41465377807617,39.826656341552734,38.01253590708608,10.328849080436822,607.5395978129502,544.965966796875,656.3157958984375,722.8812622070312,634.6264351388722,183.42941221721233,5.29126021776956,0.09155552834272385,2.059999465942383,16.01306228637696,14.235992784161827,13.216128625984119,0.041553049737336575,0.029999999329447746,0.04399999976158142,0.050599999725818634,0.04252638488643373,0.00904640641556259,9.999467562952786,9.99053955078125,10.0006103515625,10.01068115234375,9.999470521772576,0.007692415342124646,2560.453302737838,2779.86083984375,2790.7041015625,2797.51884765625,2672.1416982944033,764.4737668897452,403.6067747556149,378.7652282714844,398.6938171386719,469.70428466796875,427.8042438506438,141.83808525213354,0.20000004768371582,649.0,3246,431.80010294914246,0.12300000339746475,0.12300000339746475,0.12300000339746475,0.12300000339746475,0.12300000339746477,0.0,101,264944.70032842155,14.987139366135768,14.984588623046875,14.987030029296875,14.988861083984375,14.987139458380321,0.0016628180841488972,4.8069832948911735,-11.627552032470703,0.0,20.66713523864746,12.425413474308792,11.45791480201226,44.048217073752404,28.65688133239746,29.29776954650879,79.3328628540039,49.72529230334586,23.072911980865648,526.0137361400157,339.625244140625,455.74053955078125,833.489501953125,559.0420496813438,189.30811578994692,3.0095646481265645,0.0,1.6479995250701904,5.172887325286865,6.079381486652555,5.282177570756276,0.04210741024838796,0.039799999445676804,0.04009999707341194,0.04561999812722207,0.04246059627486044,0.005465184186342229,9.99969049138347,9.99053955078125,9.99859619140625,10.01068115234375,9.999693421835884,0.007655536747874453,2776.146217809114,2784.829345703125,2791.87890625,2797.418212890625,2783.504308118822,202.25827711169129,40.44662304463459,23.76781463623047,37.018951416015625,48.768577575683594,66.67568733948764,53.00677283591548,76.40001821517944
2024-08-21_05,Day_2024_08_21_Wafer_05,2024-08-21,5,141.20003366470337,0.12300000339746475,0.12300000339746475,0.12300000339746475,0.12300000339746475,0.12300000339746474,0.0,100,46423.17931832371,14.974484463926753,14.983672142028809,14.987030029296875,14.988861083984375,14.97490233260099,0.11187006103007116,2.305141704278357,0.0,0.0,12.390514373779297,5.898688209662907,5.42962653577692,36.572542860555245,38.63643264770508,39.41465377807617,39.826656341552734,38.00001550370729,10.317474836162374,610.8026582323458,545.3161926269531,657.5861511230469,726.0811157226562,638.0645419845335,184.51686219484847,5.2992625268856886,0.09155552834272385,2.1057772636413574,15.060884475708008,14.188679562886348,13.161931636709479,0.041575354178338485,0.029899999499320984,0.04399999976158142,0.050700001418590546,0.04255292928869117,0.009068721850076952,10.000327923480242,9.99053955078125,9.99859619140625,10.01068115234375,10.000331738698163,0.008735380655270172,2560.744486411638,2779.4580078125,2790.7041015625,2798.760986328125,2672.297944336535,764.0444873288905,407.26069698626276,384.8384094238281,404.50758361816406,473.64727783203125,431.3189919103261,142.0380141821316,0.20000004768371582,649.0,3246,431.60010290145874,0.12300000339746475,0.12300000339746475,0.12300000339746475,0.12300000339746475,0.12300000339746475,0.0,101,264545.4284393652,14.987106604306536,14.984588623046875,14.987030029296875,14.988861083984375,14.987106696545117,0.0016627624360285032,4.490887766971535,0.0,0.0,18.900112724304197,10.911519982679305,9.944505789473663,44.070792377602736,28.65688133239746,29.29776954650879,79.3328628540039,49.75057919617071,23.084310463271084,527.7469608282137,338.87677001953125,463.70587158203125,833.2354431152344,560.7959658256559,189.67145442294202,3.1116788274279696,0.0,1.693777322769165,6.03350930213927,6.072171946997786,5.21428106538604,0.04211932285132095,0.039799999445676804,0.04009999707341194,0.04580000042915344,0.04247873090772039,0.005514093042079738,10.000197829528469,9.99053955078125,9.99859619140625,10.01068115234375,10.00020064164555,0.007499564131536975,2776.2490676300076,2783.654296875,2792.046875,2797.418212890625,2783.6172434118826,202.4007714992215,43.68041574126377,26.795251846313477,40.955841064453125,51.81432571411132,68.65503522153554,52.96730257376377,76.40001821517944
2024-08-21_06,Day_2024_08_21_Wafer_06,2024-08-21,6,140.80003356933594,0.12300000339746475,0.12300000339746475,0.12300000339746475,0.12300000339746475,0.12300000339746475,0.0,100,46317.239320629655,14.974724525755102,14.983366966247559,14.987030029296875,14.988861083984375,14.975125247434697,0.10955160475645749,2.465410041538152,0.0,0.0,12.961210918426515,6.117500679452443,5.598711270478587,36.55972187085585,38.63643264770508,39.41465377807617,39.826656341552734,37.9909664153781,10.329582077705298,611.2364446683364,550.0610534667969,656.2471313476562,727.1592102050781,638.7953933223026,185.60593535500695,5.654009042117237,0.13733328878879547,2.1057772636413574,18.420972251892096,14.744234379930605,13.617071241716559,0.041649289855162024,0.029899999499320984,0.04519999772310257,0.050700001418590546,0.042634282781261884,0.00911146107017429,9.999554647640748,9.988525390625,9.99859619140625,10.01068115234375,9.999557945637266,0.008121391733134607,2559.9932003671474,2779.2900390625,2790.955810546875,2798.760986328125,2671.8478331039046,764.9873576314842,405.19833157279277,380.7886047363281,400.7385559082031,473.58624267578125,429.3503893491667,141.97207093265254,0.20000004768371582,659.4000000953674,3298,431.80010294914246,0.12300000339746475,0.12300000339746475,0.12300000339746475,0.12300000339746475,0.12300000339746477,0.0,101,264812.38788473245,14.987231253252476,14.985198974609375,14.987030029296875,14.988861083984375,14.987231338400324,0.001597579727347844,4.45862842655226,0.0,0.0,17.82891311645508,10.413532074321498,9.410753573272583,44.02650497687421,28.69350242614746,29.29776954650879,79.3328628540039,49.70971050145401,23.08077506626755,525.8044918496722,338.8561706542969,463.0191955566406,824.7001464843751,558.5384226249096,188.40065259714484,2.965567957778988,0.0,1.6479995250701904,6.280709075927737,5.691588684541888,4.857940761454366,0.0420912917101201,0.039799999445676804,0.04009999707341194,0.04520000144839287,0.04244673338873885,0.005481636393291001,9.99986681379395,9.99053955078125,10.0006103515625,10.01068115234375,9.999869916593655,0.007877510850269706,2759.0051201470974,2783.654296875,2792.046875,2797.418212890625,2774.47506174716,292.5792461180509,47.60843661185932,23.77391815185547,38.91109848022461,50.81332015991211,104.8413157845328,93.4084485408397,87.00002074241638
2024-08-21_07,Day_2024_08_21_Wafer_07,2024-08-21,7,140.80003356933594,0.12300000339746475,0.12300000339746475,0.12300000339746475,0.12300000339746475,0.12300000339746475,0.0,100,46356.33661012228,14.974669902162118,14.983366966247559,14.987030029296875,14.988861083984375,14.975069799066745,0.10943860471007272,1.3002445602958852,0.0,0.0,10.339670944213873,4.035080853074793,3.819848370586423,36.56804511221972,38.68220901489258,39.41465377807617,39.826656341552734,37.99938704222891,10.331093468543271,610.6761871467937,538.9507629394532,657.3458251953125,726.2527770996094,638.053384758785,184.89650146499847,5.326151828593786,0.09155552834272385,2.059999465942383,14.539018058776872,14.385521616887178,13.363208405495119,0.04146960232835475,0.02969999983906746,0.04390000179409981,0.050700001418590546,0.042452467789263836,0.009082075981106857,10.001551652496511,9.9925537109375,10.0006103515625,10.01068115234375,10.001554742903902,0.007862426333886553,2560.3146034154024,2780.465087890625,2790.7041015625,2798.8783935546876,2671.9614607024255,764.3083010257517,409.8577367307999,384.9391174316406,404.8432922363281,479.7723388671875,434.18963581029294,143.30832316017492,0.20000004768371582,649.0,3246,431.80010294914246,0.12300000339746475,0.12300000339746475,0.12300000339746475,0.12300000339746475,0.12300000339746477,0.0,101,264757.9993515563,14.987107139099743,14.984588623046875,14.987030029296875,14.988861083984375,14.987107231441374,0.0016636910274193592,4.31919602212557,0.0,0.0,17.029327392578125,9.485379272292572,8.44493727991465,44.0104329028357,28.794214248657227,29.251991271972656,79.2870864868164,49.69322810255051,23.07593367465578,526.6968715256041,340.44921875,461.508544921875,830.3994750976562,559.3253102107163,188.24241861879952,2.9774205608810194,0.0,1.6479995250701904,6.601153659820559,5.686216133520077,4.8443803237098315,0.042089577995485704,0.039799999445676804,0.04009999707341194,0.04582000076770783,0.04244848786570785,0.00550831609905172,9.999962940984657,9.99053955078125,9.99859619140625,10.01068115234375,9.999966361399498,0.00827091621173178,2776.265790231695,2783.654296875,2792.046875,2797.418212890625,2783.6213594093156,202.22792722309498,44.273635664579494,26.795251846313477,42.939544677734375,52.980133056640625,69.0157694404369,52.9435701147516,76.60001826286316
2024-08-21_08,Day_2024_08_21_Wafer_08,2024-08-21,8,141.20003366470337,0.12300000339746475,0.12300000339746475,0.12300000339746475,0.12300000339746475,0.12300000339746474,0.0,100,46435.65023077176,14.974474936639282,14.983366966247559,14.986419677734375,14.988861083984375,14.974883613750643,0.11063280408396456,0.9231200718001671,0.0,0.0,0.0,3.8299535313001165,3.7170409447513335,36.577211423230914,39.002655029296875,39.41465377807617,39.826656341552734,38.0044185398424,10.317142678657794,611.5264786025958,541.1961975097656,659.61181640625,725.463134765625,638.7565199564549,184.5135706521065,5.477705007640608,0.09155552834272385,2.1057772636413574,15.198217391967773,14.660582732290557,13.598802664190883,0.04151671401372776,0.029899999499320984,0.04390000179409981,0.05079999938607216,0.04251148767487257,0.009142704295403179,9.99914680459344,9.99053955078125,9.99859619140625,10.01068115234375,9.999149712557854,0.007625898937954551,2560.8961735582216,2779.5418701171875,2790.7041015625,2798.760986328125,2672.256138837818,763.3895858677023,407.01944550934115,380.8404846191406,402.7527770996094,476.6991271972656,431.2785451534828,142.6055906581968,0.20000004768371582,648.7999999523163,3245,431.60010290145874,0.12300000339746475,0.12300000339746475,0.12300000339746475,0.12300000339746475,0.12300000339746475,0.0,101,264625.06690901273,14.987196265159657,14.984588623046875,14.987030029296875,14.988861083984375,14.987196357413481,0.0016629047932630496,4.5089754298177445,0.0,0.0,17.252113342285156,9.333298076456538,8.171878214785583,44.02554492402452,28.794214248657227,29.206212997436523,79.16349029541016,49.71694619260351,23.09818462262632,526.5823005626773,337.2493591308594,463.5685272216797,832.3084106445312,559.6749068390998,189.5971573612672,2.864249798485645,0.0,1.3275551795959473,6.225775718688965,5.462442899749882,4.65127461293169,0.04211631086175921,0.039799999445676804,0.04009999707341194,0.045900002121925354,0.04248342820171371,0.005572973278764872,10.000053142374373,9.99053955078125,10.0006103515625,10.01068115234375,10.000056256809659,0.007892340999151625,2776.19983207837,2783.939599609375,2792.046875,2797.418212890625,2783.567072934327,202.38612079934265,41.203000022704344,23.74340057373047,38.92635917663574,50.65767402648925,67.19111625863198,53.07503078859232,76.20001816749573
2024-08-21_09,Day_2024_08_21_Wafer_09,2024-08-21,9,140.60003352165222,0.12300000339746475,0.12300000339746475,0.12300000339746475,0.12300000339746475,0.12300000339746475,0.0,100,46216.32854825281,14.974041945564629,14.982146263122559,14.987030029296875,14.988861083984375,14.974484982565434,0.11518813111080665,0.6712335597400475,0.0,0.0,0.0,2.909804047792404,2.8313256797528195,36.54387459680332,38.956878662109375,39.41465377807617,39.78087615966797,37.97608696920666,10.330944339500688,614.2073273529877,551.8189208984375,656.6591186523438,727.646728515625,640.1577825892764,180.41991474202337,5.312434662658069,0.09155552834272385,1.9684438705444336,15.015106201171875,19.53050013228724,18.79410741089507,0.04153328588839149,0.029899999499320984,0.04399999976158142,0.05079999938607216,0.04251608529157219,0.00908865621714135,10.00124644147892,9.99053955078125,10.0006103515625,10.0126953125,10.001250311531333,0.008798335687105243,2610.2199297236175,2779.525146484375,2791.039794921875,2799.0966796875,2698.1448363279405,683.1818764258618,394.2758802652232,380.8710021972656,400.6775207519531,473.58013916015625,410.8380721767174,115.47489679997585,0.20000004768371582,638.3999998569489,3193,432.0001029968262,0.12300000339746475,0.12300000339746475,0.12300000339746475,0.12300000339746475,0.12300000339746475,0.0,100,265012.79761331866,14.98712066191214,14.984588623046875,14.987030029296875,14.988861083984375,14.98712075838372,0.0017004888594115393,4.213673657399637,0.0,0.0,16.602069854736328,8.447733576558038,7.321827428275158,44.0462414626722,28.839990615844727,29.023101806640625,79.10397338867188,49.727973982780284,23.082461078577595,528.6560217963324,337.97723388671875,463.1565246582031,829.499969482422,561.2795365047987,188.56704037958855,2.6391304953644674,0.0,1.2131107449531555,5.951109409332275,5.233488007334126,4.519334790801343,0.04208342541112668,0.039799999445676804,0.04009999707341194,0.04609999805688858,0.042436473818585584,0.005462564948962817,10.00009097125795,9.99053955078125,9.99859619140625,10.01068115234375,10.00009418741223,0.008020204554975196,2784.6883002387153,2783.654296875,2791.87890625,2797.418212890625,2787.9216121827953,134.2310924843042,38.3173026420452,23.77391815185547,38.88058090209961,48.89065170288086,41.437102930618984,15.773960109009673,66.00001573562622
2024-08-21_10,Day_2024_08_21_Wafer_10,2024-08-21,10,141.20003366470337,0.12300000339746475,0.12300000339746475,0.12300000339746475,0.12300000339746475,0.12300000339746474,0.0,100,46426.32499460444,14.974525093694584,14.983366966247559,14.986419677734375,14.988861083984375,14.974935919892987,0.11092350162346865,0.6337561864015401,0.0,0.0,0.0,4.637621511608531,4.594114319554093,36.61527317576638,38.979766845703125,39.41465377807617,39.78087615966797,38.07234608908067,10.431936876282322,610.8153984134664,539.0675048828125,654.873779296875,727.9007873535156,638.2883625034144,185.24735563102777,5.5398227374673565,0.09155552834272385,2.1057772636413574,15.976439952850342,14.471831058751462,13.36952722539145,0.04154631735825589,0.02969999983906746,0.044099997729063034,0.05079999938607216,0.04253253436595905,0.00910604159657604,10.000907060444861,9.99053955078125,10.0006103515625,10.01068115234375,10.00091022714044,0.007958622140023838,2560.7547093464364,2779.2900390625,2790.5361328125,2798.760986328125,2672.0739903368158,763.2265249547878,410.7109748238523,384.9147033691406,406.4607696533203,481.82623291015625,434.9302810008418,143.11130105869387,0.20000004768371582,648.8000001907349,3245,431.400102853775,0.12300000339746475,0.12300000339746475,0.12300000339746475,0.12300000339746475,0.12300000339746477,0.0,101,264598.73157748237,14.987219546092126,14.985198974609375,14.987030029296875,14.988861083984375,14.987219638700399,0.0016660975403344762,4.457952012604566,0.0,0.0,17.15140151977539,8.810224029541716,7.599125693395865,44.009006437461686,28.839990615844727,29.160436630249023,79.10397338867188,49.69434745899522,23.081064138440432,525.7894562149578,338.5265808105469,460.3411865234375,832.3496337890626,558.8166052038727,189.26554357505165,2.724700170497017,0.0,1.235999584197998,5.905331611633301,5.428294103533581,4.694931932983797,0.04210384745162894,0.039799999445676804,0.04009999707341194,0.04520000144839287,0.04246609411765526,0.005534905543865596,9.999499148553204,9.99053955078125,10.0006103515625,10.01068115234375,9.999502146635091,0.007743296685309919,2776.2108518258256,2783.822021484375,2792.046875,2797.418212890625,2783.5734171680783,202.3222058235233,43.29925663558543,24.842065811157227,41.016876220703125,51.16123046875004,68.38564657780788,52.93175826165761,76.40001821517944
2024-08-22_01,Day_2024_08_22_Wafer_01,2024-08-22,1,141.20003366470337,51.54068616973949,0.12300000339746475,0.12300000339746475,0.12300000339746475,201.4669098237744,194.762607866842,100,46384.74589482066,14.974813842233113,14.982146263122559,14.987030029296875,14.988861083984375,14.975193040689364,0.10656920931821284,2.602156816055687,0.0,0.0,16.739402770996094,8.83668607322694,8.444868303379153,36.57014384823548,38.27021026611328,39.46043395996094,40.03265380859375,37.99940731054449,10.323736478234357,605.5561762045193,547.1358337402344,645.3978271484375,715.8154602050781,630.9066551242967,177.04497999290842,6.4021435065179135,0.13733328878879547,2.151554822921753,21.057771682739258,20.480335802280557,19.453963943014937,0.04156926388802171,0.02979999966919422,0.04424999840557575,0.05050000175833702,0.04251921512670342,0.008937558659885792,9.998581925465094,9.99053955078125,9.99859619140625,10.0086669921875,9.998584355610294,0.006971084395756491,2607.940092870264,2782.1436767578125,2792.21484375,2799.0966796875,2697.41343392216,688.9758381130506,393.57729443159513,381.3287811279297,398.7090759277344,464.41542053222656,410.54821869133133,116.81931851594868,0.20000004768371582,638.5999999046326,3194,431.80010294914246,0.12300000339746475,0.12300000339746475,0.12300000339746475,0.12300000339746475,0.12300000339746477,0.0,100,264694.70058703923,14.987314928345462,14.985198974609375,14.987030029296875,14.989471435546875,14.98731502823305,0.0017303449045400915,5.000073992140374,-14.667195892333984,0.0,23.59080696105957,14.431686936391475,13.537830250935112,44.067172701130204,28.611103057861328,29.34354591369629,79.37864685058594,49.74052704065195,23.069553970776997,522.6850412783108,338.22442626953125,450.6592102050781,830.1934814453125,556.1068722702901,189.88207132358554,2.723935999252306,0.0,1.6479995250701904,5.090487289428713,5.169607791220932,4.393747533373932,0.042081611344850466,0.039799999445676804,0.04009999707341194,0.04600000008940697,0.04243143443225129,0.005437335248022951,9.99808028142946,9.99053955078125,9.99859619140625,10.00665283203125,9.99808269322144,0.0069445363782897765,2785.1623236623946,2784.9970703125,2792.046875,2797.921630859375,2788.3979326145945,134.29021357059312,40.57799824480107,26.764732360839844,40.83376693725586,52.91909408569336,43.700815531517335,16.223049545773698,65.8000156879425
2024-08-22_02,Day_2024_08_22_Wafer_02,2024-08-22,2,141.00003361701965,0.12300000339746475,0.12300000339746475,0.12300000339746475,0.12300000339746475,0.12300000339746475,0.0,100,46406.71588063945,14.974488328703751,14.983977317810059,14.987030029296875,14.988861083984375,14.974916666423324,0.11326279105764242,3.5807951649875505,-12.335581970214843,0.0,19.56846809387207,11.84676589033219,11.292642208391268,36.58747217705909,38.178653717041016,39.55198669433594,40.19287872314453,38.02157593974944,10.343941059144711,606.3742136420933,543.6200805664063,652.7451171875,719.8324584960938,633.5048097756041,183.4084432046609,5.806698357445974,0.13733328878879547,2.059999465942383,19.080172729492197,15.234421362175649,14.084383139702924,0.041697872523218396,0.029999999329447746,0.04559999704360962,0.05050000175833702,0.0426640645449112,0.009028279488904698,9.999513277094415,9.99053955078125,9.99859619140625,10.01068115234375,9.99951716464151,0.008817435721362604,2560.9123395338124,2779.692919921875,2791.87890625,2798.693798828125,2672.420293326875,763.909820207042,404.7393353100575,380.7794494628906,400.6775207519531,469.72869873046875,429.10746584017966,142.54573894913082,0.20000004768371582,659.4099998474121,3298,432.0001029968262,0.12300000339746475,0.12300000339746475,0.12300000339746475,0.12300000339746475,0.12300000339746475,0.0,101,264875.83419347426,14.987292489299067,14.985809326171875,14.987030029296875,14.988861083984375,14.987292569664792,0.0015520725573239566,4.539133779207865,-19.409772872924805,0.0,25.547044754028324,17.224799907719586,16.61595607828303,44.06147951108438,28.290658950805664,29.663991928100586,79.69908905029297,49.732135449520186,23.062335520577996,520.7922297159831,338.7325744628906,451.10552978515625,832.184814453125,555.191712010139,192.3883846603111,2.833770770843451,0.0,1.3504440784454346,4.852443218231201,5.645894871624621,4.883223537761762,0.0420857401556094,0.039799999445676804,0.04009999707341194,0.045900002121925354,0.04244403450003898,0.005503320833371982,9.999457811426234,9.99053955078125,9.99859619140625,10.01068115234375,9.99946124088944,0.008281639756029113,2759.3518540347063,2783.989990234375,2792.046875,2797.75390625,2774.8039599346284,292.4283873089676,48.1057189906085,24.811548233032227,38.88058090209961,48.89065170288086,105.0464431679964,93.38412618129327,86.60002064704895
2024-08-22_03,Day_2024_08_22_Wafer_03,2024-08-22,3,140.80003356933594,0.12300000339746475,0.12300000339746475,0.12300000339746475,0.12300000339746475,0.12300000339746475,0.0,100,46317.76040732017,14.974835520440882,14.983366966247559,14.987030029296875,14.988861083984375,14.975220428434689,0.10736859852716774,4.060002157633955,-10.43733024597168,0.0,19.30906105041504,10.84741020365028,10.058960712035008,36.590023669329554,38.31599044799805,39.46043395996094,40.147098541259766,38.02455059723437,10.34585018253886,610.2381455681541,550.569189453125,656.2814636230469,724.2065124511719,637.4442235409816,184.24045109395863,5.597632181936536,0.09155552834272385,2.059999465942383,17.74803867340088,14.935890161640826,13.847285975105288,0.04157414767806503,0.029929999448359012,0.04404999874532223,0.050599999725818634,0.04252793928342662,0.00895633097519636,9.999122600663792,9.989129638671875,10.0006103515625,10.0086669921875,9.999125643579355,0.0078008320584928535,2560.442396445708,2780.633056640625,2792.046875,2797.921630859375,2672.0906751457755,764.3319375012189,404.9942821119277,380.8099670410156,400.6775207519531,469.77447509765625,429.39684456844117,142.69296262247266,0.20000004768371582,648.7999999523163,3245,431.60010290145874,0.12300000339746475,0.12300000339746475,0.12300000339746475,0.12300000339746475,0.12300000339746475,0.0,101,264702.5000446753,14.987261051375961,14.985809326171875,14.987030029296875,14.988861083984375,14.987261132428799,0.0015586917755041193,4.342254995305412,-18.137150382995603,0.0,25.064851760864258,16.44498744146203,15.86135030524164,44.11421553617942,28.290658950805664,29.663991928100586,79.47019958496094,49.76618108389493,23.034946652912552,522.0581297286691,339.42608642578125,452.6162109375,827.1240722656249,555.3905478285114,189.50981452541777,2.772333647871081,0.0,1.3275551795959473,5.081331729888916,5.506757666508777,4.757998123427017,0.042121917858678394,0.039799999445676804,0.04009999707341194,0.04520000144839287,0.042481062598407206,0.0055122332494681354,9.999405390692598,9.988525390625,9.99859619140625,10.01068115234375,9.999408591725183,0.00800105338439066,2777.6830394911035,2784.9970703125,2792.046875,2797.418212890625,2784.400377045225,193.2935379495554,40.986485507777715,24.719993591308594,38.789024353027344,48.86013412475586,67.03229397594909,53.04183670838322,76.60001826286316
2024-08-22_04,Day_2024_08_22_Wafer_04,2024-08-22,4,141.00003361701965,0.12300000339746475,0.12300000339746475,0.12300000339746475,0.12300000339746475,0.12300000339746475,0.0,100,46318.07858420698,14.974627705837818,14.983611106872559,14.987030029296875,14.988861083984375,14.975037482192263,0.11078205909624385,3.3920565801309355,-10.119937515258789,0.0,17.35892791748047,9.390580924585027,8.756538257688971,36.60571819332475,38.31599044799805,39.46043395996094,39.918209075927734,38.06766628196526,10.448378424711114,610.5033687510389,547.4105224609375,657.3458251953125,723.03232421875,637.7630751918052,184.46511003911087,5.309960908712225,0.09155552834272385,2.059999465942383,16.397594451904304,14.425453719509848,13.412607135142242,0.041610496553281945,0.029999999329447746,0.04399999976158142,0.050599999725818634,0.04258007600558286,0.009034901727773506,10.000021818174538,9.99053955078125,9.99859619140625,10.01068115234375,10.000025425578432,0.00849401249668286,2561.115665755035,2781.03583984375,2792.046875,2798.760986328125,2672.6528023481924,764.041588216106,406.5237380939278,382.8547058105469,402.7222595214844,471.730712890625,430.8453465539398,142.71006626487156,0.20000004768371582,649.0,3246,431.80010294914246,0.12300000339746475,0.12300000339746475,0.12300000339746475,0.12300000339746475,0.12300000339746477,0.0,101,264779.5661809225,14.987263194495409,14.985198974609375,14.987030029296875,14.988861083984375,14.987263286439616,0.0016601156694670024,4.012385340960504,-16.69362449645996,0.0,24.06079330444336,15.551108128800342,15.024570806159002,44.12755953376632,28.336435317993164,29.663991928100586,79.42442321777344,49.79647207684043,23.074815728266564,522.1601976939736,337.0708312988281,450.04119873046875,830.6741455078126,556.2012277753153,191.59471214769607,2.9439194587202966,0.0,1.5564439296722412,4.852443218231201,6.077885582890899,5.317333107797653,0.04211936019543919,0.039799999445676804,0.04009999707341194,0.04520000144839287,0.04248707511504835,0.005577727902884281,9.999970368071251,9.99053955078125,9.99859619140625,10.01068115234375,9.999973432068728,0.007828140092882258,2776.2202292332336,2784.9970703125,2791.87890625,2797.418212890625,2783.5840014863725,202.33915124626625,41.423257825108465,23.8349552154541,38.88058090209961,48.89065170288086,67.2710267571816,53.004761598558616,76.40001821517944
2024-08-22_05,Day_2024_08_22_Wafer_05,2024-08-22,5,141.20003366470337,0.12300000339746475,0.12300000339746475,0.12300000339746475,0.12300000339746475,0.12300000339746474,0.0,100,46431.960638531986,14.974063418066873,14.983366966247559,14.987030029296875,14.988861083984375,14.974510790401823,0.11575043659557498,4.074566834371421,0.0,0.0,17.441328048706055,9.302260713763545,8.362413497254792,36.56482687887997,38.40754508972168,39.46043395996094,39.918209075927734,37.993155110083556,10.319557671548012,611.7534859849103,536.5611877441406,656.5904541015625,727.1797790527344,639.1562056484697,185.14407256042273,5.650506334738125,0.13733328878879547,2.059999465942383,18.471327781677246,15.009357692200066,13.905128424199814,0.04164886690291019,0.029999999329447746,0.044099997729063034,0.050700001418590546,0.04263383116344266,0.009111281214878945,10.00024230486948,9.99053955078125,10.0006103515625,10.01068115234375,10.000245234679879,0.0076549092978919,2561.18385161489,2779.2900390625,2792.046875,2798.760986328125,2672.552405806053,763.4616165904064,410.9635090232001,386.9136657714844,408.3681640625,475.6309814453125,435.1767284274515,143.13552744220436,0.20000004768371582,659.2000000476837,3297,431.60010290145874,0.12300000339746475,0.12300000339746475,0.12300000339746475,0.12300000339746475,0.12300000339746475,0.0,101,264507.9097312403,14.987227671449112,14.985809326171875,14.987030029296875,14.988861083984375,14.987227759166752,0.001621508087800149,4.3410953494329165,-15.778069496154785,0.0,23.499252319335938,14.990118411082921,14.347771295410974,44.10971837755262,28.611103057861328,29.389324188232422,79.37864685058594,49.78071423869691,23.074926972101085,522.188208268018,336.7000427246094,454.74485778808594,829.4244384765625,556.4863949807562,192.34495819884467,3.1880458105162157,0.0,1.6479995250701904,5.552842903137205,6.574398154098218,5.749702166083046,0.04210787700649706,0.039799999445676804,0.04009999707341194,0.04520000144839287,0.042464502886948766,0.00549187576711235,9.999520190895653,9.99053955078125,10.0006103515625,10.0086669921875,9.999522761626043,0.007170226460088152,2759.094502029207,2783.822021484375,2792.046875,2797.418212890625,2774.5632108073305,292.57228104809565,50.36563805764864,26.795251846313477,42.970062255859375,52.980133056640625,105.94346597814757,93.20579642119286,86.60002064704895
2024-08-22_06,Day_2024_08_22_Wafer_06,2024-08-22,6,141.20003366470337,0.12300000339746475,0.12300000339746475,0.12300000339746475,0.12300000339746475,0.12300000339746474,0.0,100,46506.32092580244,14.974174094267674,14.983366966247559,14.987030029296875,14.988861083984375,14.974607800727266,0.11396920708995796,2.9312034153060265,0.0,0.0,15.747550964355469,8.563778968544224,8.046512086623537,36.5804534350171,38.54487609863281,39.46043395996094,39.918209075927734,38.009038039216136,10.322664343817689,608.6805087081434,535.4281616210938,654.4617919921875,726.939453125,635.9880597500887,184.36065324108142,5.114465581933854,0.09155552834272385,2.059999465942383,14.694662094116211,14.251430778100959,13.30208709316765,0.041585835700764955,0.02979999966919422,0.044199997559189796,0.050700001418590546,0.042562935249252386,0.009067619649115979,10.001788626986928,9.9925537109375,10.0006103515625,10.01068115234375,10.001791613233058,0.007728881811832077,2561.306766672107,2780.7169189453125,2791.039794921875,2799.0966796875,2672.677293141927,763.4864506172531,411.6310258648298,386.9594421386719,408.5970764160156,479.7662353515625,435.831626625707,143.21000423391342,0.20000004768371582,659.4000000953674,3298,431.2001028060913,0.12300000339746475,0.12300000339746475,0.12300000339746475,0.12300000339746475,0.12300000339746474,0.0,101,264459.5610533743,14.987281364501076,14.985809326171875,14.987030029296875,14.988861083984375,14.987281446716374,0.00156983045907416,3.968538627111403,-15.182958126068115,0.0,22.385326385498047,14.17496577392622,13.608098906794602,44.10865940101071,28.611103057861328,29.34354591369629,79.37864685058594,49.77479899325559,23.064188272398116,522.9481710883373,337.49656677246094,457.1825256347656,823.999755859375,556.2669741187996,189.6263611701928,3.173103988614687,0.0,1.3733329772949219,5.5848870277404785,6.696844984736203,5.897384490350278,0.04205449848005579,0.039799999445676804,0.04009999707341194,0.04505000077188015,0.04240431861600534,0.005435567576498516,9.999257613643866,9.99053955078125,9.99859619140625,10.01068115234375,9.999260798013106,0.007980142034508485,2760.306864658844,2783.654296875,2792.046875,2797.418212890625,2775.134871010761,286.4953144768239,51.341050717737765,26.88680648803711,43.031097412109375,54.23139190673828,106.39899410522521,93.19250215442457,87.2000207901001
2024-08-22_07,Day_2024_08_22_Wafer_07,2024-08-22,7,141.00003361701965,0.12300000339746475,0.12300000339746475,0.12300000339746475,0.12300000339746475,0.12300000339746475,0.0,100,46330.86893404866,14.974461482433563,14.983366966247559,14.987030029296875,14.988861083984375,14.974886390720124,0.11280836001110217,2.941248421635188,0.0,0.0,14.954070091247559,7.672063604883093,7.085874517630148,36.58831615583271,38.59065628051758,39.46043395996094,39.872432708740234,38.01931982062028,10.332656991473266,608.9707849164381,541.450244140625,653.5691528320312,728.2097778320312,636.3908354643826,184.7914461800443,5.067825757532466,0.09155552834272385,2.059999465942383,14.584795570373537,14.06927314959503,13.124846248593016,0.041633333322585474,0.029899999499320984,0.044199999421834946,0.050700001418590546,0.042633163415516546,0.009178898586684156,10.001550298379668,9.9925537109375,10.0006103515625,10.01068115234375,10.001553054761537,0.0074253748329577395,2560.442114019732,2779.2900390625,2790.7041015625,2798.760986328125,2672.1175095467324,764.4266907823128,407.70478286862584,384.9299621582031,404.7975158691406,477.72454833984375,431.7714936583943,142.1387799372413,0.20000004768371582,659.6000001430511,3299,432.0001029968262,0.12300000339746475,0.12300000339746475,0.12300000339746475,0.12300000339746475,0.12300000339746475,0.0,101,264883.2927561094,14.987292200989193,14.985809326171875,14.987030029296875,14.988861083984375,14.987292290573654,0.0016386753713321179,4.705318364390621,-14.255195713043213,0.0,22.70577049255371,14.088297272297245,13.27931094305523,44.11172910178149,28.65688133239746,29.34354591369629,79.37864685058594,49.789160639697705,23.089302130135223,524.7655800218936,337.56524658203125,461.33685302734375,829.0261840820312,558.6043867400916,191.46787435379224,3.2615385421137844,0.0,1.693777322769165,5.5848870277404785,6.666392600667867,5.814048214845278,0.04210884200874716,0.039799999445676804,0.04009999707341194,0.04581000059843065,0.04247178163933074,0.00554054693160905,9.999114626866799,9.988525390625,10.0006103515625,10.0086669921875,9.999117391712492,0.007435860785570603,2759.0947096789323,2783.654296875,2792.046875,2797.418212890625,2774.5349769042978,292.302447966247,48.59823967880673,24.750511169433594,40.92531967163086,50.93539047241211,105.24758095211583,93.35558042449001,86.80002069473267
2024-08-22_08,Day_2024_08_22_Wafer_08,2024-08-22,8,141.20003366470337,0.12300000339746475,0.12300000339746475,0.12300000339746475,0.12300000339746475,0.12300000339746474,0.0,100,46320.27622834042,14.973995993562866,14.983366966247559,14.987030029296875,14.988861083984375,14.974443260746778,0.11573657195475291,2.389348579871418,0.0,0.0,13.092440605163574,6.2829958317302115,5.8109422631278695,36.60502831456344,38.63643264770508,39.46043395996094,39.826656341552734,38.034076736929556,10.32777300876887,614.2913306130904,553.5561828613281,654.8394470214844,727.866455078125,640.0672439128316,179.81167332452898,4.81081509923631,0.13733328878879547,2.059999465942383,11.741996765136719,18.06712589163785,17.41485274314,0.04153725207406004,0.02974999975413084,0.044099997729063034,0.050700001418590546,0.04251569825613101,0.0090686982716582,9.999609002985968,9.98651123046875,10.0006103515625,10.01068115234375,9.999612906794631,0.008835900394002342,2610.7453011574894,2781.55615234375,2790.7041015625,2797.5020751953125,2698.2961106691873,681.7703963480322,399.2972686228371,386.9289245605469,406.8727722167969,475.7225341796875,415.92272506822525,116.4190899230893,0.20000004768371582,638.4000000953674,3193,431.400102853775,0.12300000339746475,0.12300000339746475,0.12300000339746475,0.12300000339746475,0.12300000339746477,0.0,100,264678.0480646193,14.98707777181598,14.984588623046875,14.987030029296875,14.988861083984375,14.987077867607725,0.0016944841987820752,4.811610165712288,-11.761833572387694,0.0,20.838038253784184,12.486968133447597,11.522707180994836,44.0902688995135,28.65688133239746,29.29776954650879,79.37864685058594,49.76481494183177,23.077803070555817,529.328733342524,338.9797668457031,464.5298767089844,833.6680297851562,561.9859253298039,188.78366541307295,3.008174253224387,0.0,1.693777322769165,5.255287361145028,5.958574136245946,5.14349039071495,0.04207960062858458,0.039799999445676804,0.04009999707341194,0.04520000144839287,0.04243102893653767,0.005449718116758059,9.999746601615838,9.99053955078125,9.99859619140625,10.01068115234375,9.99974966817313,0.007831321798148003,2784.81984742173,2783.822021484375,2792.046875,2797.418212890625,2788.05767570169,134.3280329831516,41.96443616630968,26.825769424438477,43.000579833984375,52.980133056640625,44.86720439713052,15.876149648375346,66.00001573562622
2024-08-22_09,Day_2024_08_22_Wafer_09,2024-08-22,9,140.60003352165222,0.12300000339746475,0.12300000339746475,0.12300000339746475,0.12300000339746475,0.12300000339746475,0.0,100,46276.65233134414,14.97462280647853,14.983977317810059,14.986419677734375,14.988861083984375,14.975024177009756,0.10963989109685876,3.1618999098646183,0.0,0.0,14.33759574890137,7.172390417161107,6.437823642830128,36.56119574252437,38.64558792114258,39.46043395996094,39.826656341552734,37.994896122432564,10.338815078685704,615.1043894131526,539.8297119140625,662.289794921875,729.610595703125,642.7859218051293,186.6020669648184,5.03373076500183,0.09155552834272385,2.1057772636413574,14.502395820617695,13.93599259053568,12.995131552583043,0.041515931710971794,0.029819999635219575,0.04399999976158142,0.05079999938607216,0.042519345582353665,0.00918270999877188,9.99850162028588,9.98651123046875,9.99859619140625,10.0086669921875,9.99850458853779,0.007704294375993751,2559.533699285255,2779.3236328125,2790.200439453125,2798.760986328125,2671.340019946433,764.7514265371126,411.6736450026164,386.8892517089844,406.8117370605469,481.78961181640625,435.9227163490266,143.36465617220182,0.20000004768371582,649.0,3246,432.0001029968262,0.12300000339746475,0.12300000339746475,0.12300000339746475,0.12300000339746475,0.12300000339746475,0.0,101,264889.71799864294,14.98719950914383,14.985748291015625,14.987030029296875,14.988861083984375,14.987199596589875,0.001618994341171117,4.370730936527252,-11.65807056427002,0.0,20.569475173950195,12.048373273569807,11.22764488304448,44.121880719396806,28.65688133239746,29.29776954650879,79.37864685058594,49.805256030951014,23.104613610530315,526.2329798239249,337.97723388671875,456.87353515625,835.1649780273438,559.7203621518318,190.69801979310222,3.018238197632686,0.0,1.6479995250701904,5.5848870277404785,6.003106315393004,5.189173693013403,0.04212467536433703,0.039799999445676804,0.04009999707341194,0.046009999886155145,0.042490848760638,0.005566323189379888,9.999506283247912,9.99053955078125,10.0006103515625,10.0086669921875,9.999508532583675,0.006707048474001162,2776.2455883591265,2783.654296875,2792.046875,2797.418212890625,2783.6015697850544,202.232866830066,44.376046273443436,26.792199897766114,42.970062255859375,53.010650634765625,69.07314145152726,52.93264953806772,76.60001826286316
2024-08-22_10,Day_2024_08_22_Wafer_10,2024-08-22,10,140.80003356933594,0.12300000339746475,0.12300000339746475,0.12300000339746475,0.12300000339746475,0.12300000339746475,0.0,100,46358.5693879723,14.97466817362742,14.983977317810059,14.987030029296875,14.988861083984375,14.975072168660162,0.10999793784519905,2.6799066242846576,0.0,0.0,13.064973926544194,6.2702583602213995,5.668707117945109,36.5681100433523,38.65016555786133,39.41465377807617,39.826656341552734,37.99976628268025,10.33225848474568,612.786125421524,531.4661010742187,657.8264770507812,730.5169677734375,640.4724916072029,186.27446683970078,4.843989746486344,0.09155552834272385,2.128666043281555,12.918484973907484,13.828846831936053,12.952712767489404,0.04152400569066892,0.029899999499320984,0.04390000179409981,0.05079999938607216,0.042521631375119114,0.00915675085403163,10.000578910112381,9.98651123046875,10.0006103515625,10.01068115234375,10.000583707536066,0.009795613879998022,2559.8325012813916,2779.7601318359375,2790.5361328125,2798.760986328125,2671.632407058539,764.7727007607267,407.7993413950211,382.8547058105469,402.7527770996094,481.73468017578125,431.9013136585405,142.26187787935336,0.20000004768371582,649.0,3246,431.60010290145874,0.12300000339746475,0.12300000339746475,0.12300000339746475,0.12300000339746475,0.12300000339746475,0.0,101,264789.3898020804,14.987138565653888,14.984588623046875,14.987030029296875,14.988861083984375,14.987138653438395,0.001622121186025372,4.381131445289873,-12.268441200256348,0.0,20.422986221313472,12.416854691441783,11.618260097255186,44.074462350592555,28.65688133239746,29.29776954650879,79.3328628540039,49.74729647339203,23.070224856246252,525.1638155169129,335.2305603027344,459.6888732910156,829.9188232421875,558.2384763555498,189.29649588802118,3.01626252290293,0.0,1.693777322769165,5.539109706878662,5.900559117645131,5.0713665114795585,0.04211575476205852,0.039799999445676804,0.04009999707341194,0.04580000042915344,0.04248312961599814,0.005574899352620097,9.999700333256762,9.989935302734375,10.0006103515625,10.01068115234375,9.999703540551604,0.008008994000130292,2776.1614826191785,2783.654296875,2791.87890625,2797.418212890625,2783.5171740451556,202.2258159237163,42.17669328878719,24.719993591308594,40.92531967163086,50.90487289428711,67.70167462215198,52.95888301189246,76.80001831054688
