{
  "VPS_D6": 9.241,
  "VPS_NORM": [
    0.831,
    0.917,
    1.0
  ],
  "summary": {
    "0.7": {
      "best": {
        "rate": 0.18,
        "d": [
          3.75,
          5.0,
          7.0
        ],
        "norm": [
          0.5357142857142857,
          0.7142857142857143,
          1.0
        ],
        "d6": 7.0
      },
      "rmse": 0.20679034043677955,
      "reached": false,
      "max_d6": 7.0
    },
    "0.4": {
      "best": {
        "rate": 0.18,
        "d": [
          5.0,
          7.0,
          9.25
        ],
        "norm": [
          0.5405405405405406,
          0.7567567567567568,
          1.0
        ],
        "d6": 9.25
      },
      "rmse": 0.19152423223062798,
      "reached": true,
      "max_d6": 9.25
    },
    "0.2": {
      "best": {
        "rate": 0.45,
        "d": [
          5.5,
          7.5,
          10.0
        ],
        "norm": [
          0.55,
          0.75,
          1.0
        ],
        "d6": 10.0
      },
      "rmse": 0.18872378405136606,
      "reached": true,
      "max_d6": 11.25
    },
    "0.08": {
      "best": {
        "rate": 0.45,
        "d": [
          6.0,
          8.25,
          10.0
        ],
        "norm": [
          0.6,
          0.825,
          1.0
        ],
        "d6": 10.0
      },
      "rmse": 0.14355602855099237,
      "reached": true,
      "max_d6": 13.0
    },
    "0.03": {
      "best": {
        "rate": 0.45,
        "d": [
          8.0,
          8.25,
          12.0
        ],
        "norm": [
          0.6666666666666666,
          0.6875,
          1.0
        ],
        "d6": 12.0
      },
      "rmse": 0.16296798708585322,
      "reached": true,
      "max_d6": 13.0
    }
  }
}