{
  "VPS_D6": 9.241,
  "VPS_NORM": [
    0.831,
    0.917,
    1.0
  ],
  "summary": {
    "12.0": {
      "best": {
        "rate": 0.18,
        "d": [
          3.75,
          5.0,
          7.0
        ],
        "norm": [
          0.5357142857142857,
          0.7142857142857143,
          1.0
        ],
        "d6": 7.0
      },
      "rmse": 0.20679034043677955,
      "reached": false,
      "max_d6": 7.0
    },
    "35.0": {
      "best": {
        "rate": 0.18,
        "d": [
          4.0,
          5.25,
          7.25
        ],
        "norm": [
          0.5517241379310345,
          0.7241379310344828,
          1.0
        ],
        "d6": 7.25
      },
      "rmse": 0.19595134156215394,
      "reached": false,
      "max_d6": 7.25
    },
    "70.0": {
      "best": {
        "rate": 0.18,
        "d": [
          4.0,
          5.0,
          7.5
        ],
        "norm": [
          0.5333333333333333,
          0.6666666666666666,
          1.0
        ],
        "d6": 7.5
      },
      "rmse": 0.22455305402971942,
      "reached": false,
      "max_d6": 7.5
    },
    "130.0": {
      "best": {
        "rate": 0.18,
        "d": [
          4.25,
          5.0,
          7.0
        ],
        "norm": [
          0.6071428571428571,
          0.7142857142857143,
          1.0
        ],
        "d6": 7.0
      },
      "rmse": 0.17436083470857813,
      "reached": false,
      "max_d6": 7.0
    }
  }
}