{
  "DX": 0.3,
  "XE": 12.0,
  "YE": 6.0,
  "MASK": 2.0,
  "DUR": 3.0,
  "widths": [
    3.0,
    4.0,
    6.0,
    8.0
  ],
  "trench_depths": {
    "3.0": 9.290054724884032,
    "4.0": 9.620185057950932,
    "6.0": 9.929463483965911,
    "8.0": 10.085551659287622
  },
  "hole_depths": {
    "3.0": 7.68380371717657,
    "4.0": 8.46896196446848,
    "6.0": 9.24087610329315
  }
}