{
  "engine": "CPU_TRIANGLE",
  "DX": 0.3,
  "XE": 14.0,
  "MASK": 2.0,
  "diams": [
    3.0,
    4.0,
    6.0
  ],
  "durs": [
    1.0,
    2.0,
    3.0,
    4.5
  ],
  "depth_grid": {
    "1.0": {
      "3.0": 2.958722708688166,
      "4.0": 3.131462832097329,
      "6.0": 3.2915643007162902
    },
    "2.0": {
      "3.0": 5.486339151356994,
      "4.0": 5.938430009171663,
      "6.0": 6.366411452278051
    },
    "3.0": {
      "3.0": 7.683985181495255,
      "4.0": 8.474433279113896,
      "6.0": 9.24338166356039
    },
    "4.5": {
      "3.0": 10.477132648789567,
      "4.0": 11.796378388094645,
      "6.0": 13.209003249055128
    }
  },
  "wall_grid": {
    "1.0": {
      "3.0": 47.103742361068726,
      "4.0": 53.80068325996399,
      "6.0": 61.80100870132446
    },
    "2.0": {
      "3.0": 82.90290188789368,
      "4.0": 101.9936101436615,
      "6.0": 130.10087370872498
    },
    "3.0": {
      "3.0": 119.0971131324768,
      "4.0": 151.70736169815063,
      "6.0": 211.70264339447021
    },
    "4.5": {
      "3.0": 173.89647889137268,
      "4.0": 228.70008850097656,
      "6.0": 351.8050374984741
    }
  }
}