Flux Ratio,Yield,Yield ±
10,0.24182079610957588,0.008883853861763482
50,0.37330997562376655,0.04737610152924659
100,0.5007335313599666,0.16874209081918454
200,0.6061765299147771,0.11204424369793299
