{
  "dx": 0.25,
  "diam": 6.0,
  "ns": 20,
  "nray": 30000,
  "old": {
    "label": "OLD default: cold n_fp=4 + skfmm(CPU)",
    "wall": 7.152468204498291,
    "depth": 20.0,
    "timings": {
      "flux": 2.934868335723877,
      "extend": 0.11971640586853027,
      "reinit": 3.1482226848602295,
      "mesh": 0.4047415256500244,
      "advect": 0.1385653018951416,
      "total": 6.770963191986084,
      "nsub_max": 88
    }
  },
  "new": {
    "label": "NEW best: WARM n_fp=1 + fsm(GPU)",
    "wall": 3.4147541522979736,
    "depth": 20.0,
    "timings": {
      "flux": 2.192795991897583,
      "extend": 0.1025993824005127,
      "reinit": 0.11009907722473145,
      "mesh": 0.4774754047393799,
      "advect": 0.12417411804199219,
      "total": 3.041482925415039,
      "nsub_max": 88
    }
  },
  "speedup": 2.094577789644097
}