{
  "dx": 0.25,
  "diam": 6.0,
  "ns": 20,
  "nray": 30000,
  "old": {
    "label": "OLD default: cold n_fp=4 + skfmm(CPU)",
    "wall": 5.844510793685913,
    "depth": 20.0,
    "timings": {
      "flux": 2.2287769317626953,
      "extend": 0.09938502311706543,
      "reinit": 2.53348970413208,
      "mesh": 0.44576573371887207,
      "advect": 0.1333637237548828,
      "total": 5.484265565872192,
      "nsub_max": 88
    }
  },
  "new": {
    "label": "NEW best: WARM n_fp=1 + fsm(GPU)",
    "wall": 2.8741507530212402,
    "depth": 20.0,
    "timings": {
      "flux": 1.7820284366607666,
      "extend": 0.0905618667602539,
      "reinit": 0.07206511497497559,
      "mesh": 0.45116472244262695,
      "advect": 0.12410402297973633,
      "total": 2.5639655590057373,
      "nsub_max": 89
    }
  },
  "speedup": 2.033473987939672
}