{
  "dx": 0.25,
  "diam": 6.0,
  "ns": 24,
  "ref_depth": 18.0,
  "result": {
    "1": {
      "wall": 4.373030424118042,
      "depth": 13.75
    },
    "2": {
      "wall": 5.841579914093018,
      "depth": 16.25
    },
    "3": {
      "wall": 6.665940284729004,
      "depth": 17.75
    },
    "4": {
      "wall": 7.8793768882751465,
      "depth": 18.0
    }
  }
}