{
  "dx": 0.25,
  "diam": 6.0,
  "ns": 30,
  "nray": 30000,
  "result": {
    "skfmm": {
      "wall": 16.177048921585083,
      "reinit": 4.025163173675537,
      "total": 15.923156261444092,
      "depth": 18.0,
      "pct": 25.278676586387338
    },
    "fsm": {
      "wall": 12.299143314361572,
      "reinit": 0.06946134567260742,
      "total": 12.04716682434082,
      "depth": 18.0,
      "pct": 0.5765782667860425
    }
  },
  "reinit_speedup": 57.94824639083963,
  "total_speedup": 1.3152988389602163,
  "depth_delta": 0.0
}