effective_electron_temperature_eV,rescigno_x1_m3_s,hamilton_x1_m3_s,rescigno_x2_m3_s,hamilton_x2_m3_s,rescigno_x0p5_m3_s,hamilton_x0p5_m3_s
0.01,5.0519008189389903e-204,1.38900979287697e-157,0,0,5.3162182871097396e-38,1.1096299961202502e-34
0.03001001001001,8.5228515923650589e-78,1.1456774778010202e-62,0,0,1.57198544802045e-27,1.1005575156144199e-25
0.050020020020019998,1.3544030036515001e-52,1.87732768320833e-43,0,0,2.35330354751531e-24,5.4437835919917893e-23
0.070030030030029999,8.3508955824232097e-42,3.2881951132941202e-35,0,6.3915959374657104e-247,1.11369312711262e-22,1.4083761391251199e-21
0.090040040040040001,8.1619657161813484e-36,1.20883336363685e-30,6.7633174554914798e-265,1.50222884861156e-156,1.3196495581014101e-21,1.12588130057194e-20
0.11005005005005,5.2649635417738799e-32,9.4278271363937807e-28,9.6861377150898905e-183,1.00952161890957e-110,7.6442801299034897e-21,4.9202501547987297e-20
0.13006006006005999,2.2780975482716704e-29,9.2545256227998798e-26,1.73703372069846e-135,2.8209559713371497e-84,2.8927381161596501e-20,1.5031921549856999e-19
0.15007007007007001,1.9502974204082003e-27,2.6264924166410301e-24,7.8314783280202888e-106,1.33688217736397e-67,8.29559234653876e-20,3.6395488243366099e-19
0.17008008008007999,5.8558697004965695e-26,3.3472155673410495e-23,5.2464592780063295e-86,2.2256569097721297e-56,1.96243537967031e-19,7.5009402977742398e-19
0.19009009009009001,8.588531045963129e-25,2.4712153994626403e-22,4.2548158262163203e-72,1.9214484446617498e-48,4.0357498914693803e-19,1.3751360578316501e-18
0.2101001001001,7.5528739207251307e-24,1.2373075107377899e-21,5.7987355038404701e-62,1.30785900180672e-42,7.4672721949479206e-19,2.3080681223616e-18
0.23011011011011001,4.5520875649542094e-23,4.6552955640669602e-21,2.3812309414627098e-54,3.4162463063402904e-38,1.27278715234535e-18,3.6174052317054395e-18
0.25012012012012003,2.0590468558118299e-22,1.41113903253266e-20,1.7477744741860701e-48,9.0858669713709106e-35,2.0323796487651502e-18,5.3689388605107099e-18
0.27013013013012999,7.4513198358955499e-22,3.61898969824184e-20,7.2164620685021696e-44,4.6336554286373302e-32,3.0780015669369904e-18,7.6241964579190401e-18
0.29014014014014,2.2594596947056003e-21,8.13472321245643e-20,3.6036199771973896e-40,6.9487075997385009e-30,4.46256524957106e-18,1.0439473555632399e-17
0.31015015015015002,5.9413596522550697e-21,1.64507404698762e-19,3.6856672194513399e-37,4.1276838193017695e-28,6.2381919081302702e-18,1.3865303323886999e-17
0.33016016016015998,1.3904904201233902e-20,3.0526977599476002e-19,1.1201819476815999e-34,1.2017017104826299e-26,8.4552569344617605e-18,1.7946247776973099e-17
0.35017017017016999,2.9550244132158803e-20,5.2774271565178402e-19,1.3239428940668901e-32,2.0028766639711499e-25,1.1161668030438301e-17,2.2720917705749901e-17
0.37018018018018001,5.7928431214910606e-20,8.6008117644363292e-19,7.4195701238258807e-31,2.14502352611e-24,1.44023471571137e-17,2.8222149595966399e-17
0.39019019019019002,1.0606846867014502e-19,1.33383141780519e-18,2.2879140976452404e-29,1.6106988119560598e-23,1.8218884258501799e-17,3.4477285560366398e-17
0.41020020020019998,1.8323638211460701e-19,1.9831821905124796e-18,4.3482286535025299e-28,9.0664309677681194e-23,2.2649331544802798e-17,4.1508516476800503e-17
0.43021021021021,3.0110768189719201e-19,2.8442021490305002e-18,5.5600725734629303e-27,4.0294506354524903e-22,2.7728109933948301e-17,4.9333259480478897e-17
0.45022022022022001,4.7384648950518601e-19,3.9541189331916099e-18,5.12347265121466e-26,1.4728653572935899e-21,3.3486002896646297e-17,5.7964549269228596e-17
0.47023023023022997,7.1809457889530999e-19,5.3506728434031597e-18,3.5924057102881497e-25,4.5736974030439904e-21,3.9950216761397804e-17,6.74114288981613e-17
0.49024024024023999,1.05288060800591e-18,7.0715602743784089e-18,2.0019412950091102e-24,1.2383931858644802e-20,4.71444901512621e-17,7.7679330341248196e-17
0.51025025025024995,1.4994638000384598e-18,9.1539696568234597e-18,9.1842431986199608e-24,2.9859969157767999e-20,5.5089238469820199e-17,8.8770438469296807e-17
0.53026026026025996,2.0811277526242101e-18,1.1634204942569199e-17,3.5696059859527894e-23,6.5228548250979397e-20,6.3801722166531899e-17,1.0068403454109101e-16
0.55027027027026998,2.8229396073188006e-18,1.4547387562508102e-17,1.20343369310945e-22,1.30936794822267e-19,7.3296229890215402e-17,1.13416817061255e-16
0.57028028028027999,3.7514882057702196e-18,1.79272261788546e-17,3.58862843446673e-22,2.4438246400343401e-19,8.3584269614599295e-17,1.26963199102857e-16
0.59029029029029001,4.8946126786702599e-18,2.18058435149551e-17,9.62075985106231e-22,4.2828209893197798e-19,9.4674762437200113e-17,1.4131558205902501e-16
0.61030030030030002,6.2811305864458102e-18,2.6213650383941999e-17,2.3507025026754201e-21,7.1060507974885096e-19,1.0657423506172701e-16,1.5646460637657001e-16
0.63031031031031004,7.9405725304237207e-18,3.1179258278140298e-17,5.2954357020026602e-21,1.12408208481577e-18,1.1928700802300101e-16,1.7239938021075702e-16
0.65032032032031994,9.9029282286850696e-18,3.6729423226285001e-17,1.1106390201894401e-20,1.7053646442181299e-18,1.3281537754597701e-16,1.8910768717979199e-16
0.67033033033032996,1.2198407460317999e-17,4.2889014905303101e-17,2.1869518493558902e-20,2.4939546885183001e-18,1.4715978958551101e-16,2.06576174531678e-16
0.69034034034033998,1.4857218025078599e-17,4.9681006124074896e-17,4.0720351990384696e-20,3.5310361823827e-18,1.6231900510416901e-16,2.2479052309547097e-16
0.71035035035034999,1.79093619093169e-17,5.7126478748934701e-17,7.2138954715975398e-20,4.8583298455239592e-18,1.7829025603939698e-16,2.4373560039609603e-16
0.73036036036036001,2.13844501453294e-17,6.5244642916738e-17,1.2224554260390402e-19,6.51706526791412e-18,1.9506939171199301e-16,2.63395598283451e-16
0.75037037037037002,2.5311536348925801e-17,7.4052866999211405e-17,1.9907453919229298e-19,8.5471315032609713e-18,2.1265101565393e-16,2.8375415637450899e-16
0.77038038038038004,2.9718968571607901e-17,8.3566716266539203e-17,3.1280600712180899e-19,1.0986434778036899e-17,2.3102861300074902e-16,3.0479447254038899e-16
0.79039039039039005,3.46342588690402e-17,9.379999857407951e-17,4.7593698513862201e-19,1.3870464942423402e-17,2.5019466871451401e-16,3.2649940159519502e-16
0.81040040040039996,4.0083969834178001e-17,1.0476481568701601e-16,7.0338051279047202e-19,1.7232052819584398e-17,2.7014077698773295e-16,3.4885154326427503e-16
0.83041041041040997,4.6093617246902295e-17,1.1647161908349201e-16,1.012486165263e-18,2.1101288827951401e-17,2.9085774223494305e-16,3.7183332042972898e-16
0.85042042042041999,5.2687587934320599e-17,1.2892926925351299e-16,1.42298193598405e-18,2.5505568086949698e-17,3.1233567211316801e-16,3.9542704857244702e-16
0.87043043043043,5.9889071904418008e-17,1.4214509765132802e-16,1.9568426551226999e-18,3.0469727041487601e-17,3.3456406303044601e-16,4.1961499725437703e-16
0.89044044044044002,6.7720007801974197e-17,1.56124970572741e-16,2.6380943981109799e-18,3.6016239750840098e-17,3.57531878607071e-16,4.4437944441277405e-16
0.91045045045045003,7.6201040734067399e-17,1.7087335432305801e-16,3.4925673157733799e-18,4.2165446894555298e-17,3.8122762155041403e-16,4.6970272417062598e-16
0.93046046046046005,8.5351491519624891e-17,1.86393381121291e-16,4.5476109831705404e-18,4.8935796108771605e-17,4.0563939939359397e-16,4.9556726880438198e-16
0.95047047047046995,9.5189336431256098e-17,2.0268691525554398e-16,5.8317868265633204e-18,5.6344077702913206e-17,4.3075498453296401e-16,5.2195564545168499e-16
0.97048048048048097,1.0573119651677501e-16,2.1975461906571101e-16,7.3745516386009296e-18,6.4405644660684193e-17,4.5656186898070398e-16,5.4885058808791499e-16
0.99049049049048998,1.16992335611647e-16,2.3759601838449203e-16,9.2059448630223489e-18,7.3134609887906995e-17,4.83047314228186e-16,5.7623502525089197e-16
1.0105005005005001,1.2898666618152701e-16,2.5620956711742801e-16,1.13562904618146e-17,8.2544016888913298e-17,5.1019839659391898e-16,6.0409210394781499e-16
1.0305105105105099,1.41726762165716e-16,2.75592710687952e-16,1.3855921995188001e-17,9.2645982490319094e-17,5.3800204840746002e-16,6.3240521013710297e-16
1.0505205205205199,1.5522387802728499e-16,2.9574194811481501e-16,1.6734937244636999e-17,1.0345181199410501e-16,5.6644509535842996e-16,6.6115798614023695e-16
1.0705305305305299,1.6948797325338503e-16,3.1665289252707602e-16,2.0022986452786998e-17,1.14972088354705e-16,5.9551429031776501e-16,6.9033434530437698e-16
1.0905405405405399,1.8452774158939399e-16,3.3832032995635403e-16,2.3749096163820801e-17,1.2721673775608702e-16,6.2519634391708197e-16,7.1991848420550697e-16
1.11055055055055,2.0035064433251e-16,3.6073827627730098e-16,2.7941528811420198e-17,1.40195074417841e-16,6.5547795215157003e-16,7.4989489265359501e-16
1.13056056056056,2.1696294705365601e-16,3.8390003219567002e-16,3.2627676670263804e-17,1.5391582766868302e-16,6.8634582125234209e-16,7.8024836173575501e-16
1.15057057057057,2.3436975916061299e-16,4.0779823620876295e-16,3.78339875862165e-17,1.6838715435777498e-16,7.1778669005575499e-16,8.10963990110254e-16
1.17058058058058,2.5257507575954802e-16,4.3242491548583999e-16,4.3585919029685998e-17,1.8361663957971e-16,7.4978735007981802e-16,8.4202718874327103e-16
1.19059059059059,2.7158182131616801e-16,4.5777153463621104e-16,4.9907916458088207e-17,1.9961128850644898e-16,7.8233466350153207e-16,8.73423684261401e-16
1.2106006006006,2.9139189466107803e-16,4.8382904235055502e-16,5.6823411695571794e-17,2.1637751187801802e-16,8.1541557921378804e-16,9.0513952107579786e-16
1.2306106106106101,3.1200621492622302e-16,5.1058791591646996e-16,6.4354837001173795e-17,2.3392110742593603e-16,8.4901714712625206e-16,9.3716106241836003e-16
1.2506206206206201,3.3342476804017796e-16,5.3803820362270801e-16,7.2523650656100707e-17,2.52247239206391e-16,8.8312653086153891e-16,9.6947499041644109e-16
1.2706306306306301,3.5564665344928803e-16,5.6616956507800204e-16,8.1350370211562598e-17,2.7136041651787099e-16,9.1773101898569807e-16,1.0020683053199299e-15
1.2906406406406401,3.78670130768931e-16,5.94971309480127e-16,9.0854609956962999e-17,2.9126447378105199e-16,9.5281803490080205e-16,1.03492832398313e-15
1.3106506506506499,4.02492666104507e-16,6.2443243187895301e-16,1.0105511965442999e-16,3.1196255247550999e-16,9.8837514551691805e-16,1.0680426776936701e-15
1.3306606606606599,4.2711097781476795e-16,6.5454164748385801e-16,1.11969822104794e-16,3.3345708596467299e-16,1.02439006881116e-15,1.10139930943124e-15
1.3506706706706699,4.5252108152101495e-16,6.85287424071293e-16,1.23615847633086e-16,3.5574978780173101e-16,1.0608506803725799e-15,1.1349864706307e-15
1.3706806806806799,4.7871833419423097e-16,7.1665801255242696e-16,1.3600956408526198e-16,3.7884164389781302e-16,1.0977450190235001e-15,1.16879271751651e-15
1.39069069069069,5.0569747717853403e-16,7.4864147576399897e-16,1.4916660139474899e-16,4.0273290875109204e-16,1.1350612916003699e-15,1.2028069070684799e-15
1.4107007007007,5.3345267803345805e-16,7.8122571554777304e-16,1.6310187019552597e-16,4.2742310578165297e-16,1.1727878769702999e-15,1.2370181926728202e-15
1.43071071071071,5.6197757109946094e-16,8.1439849818544396e-16,1.77829574320501e-16,4.5291103169125892e-16,1.21091332935302e-15,1.2714160195068501e-15
1.45072072072072,5.9126529671092295e-16,8.4814747825667493e-16,1.9336321732646802e-16,4.7919476466779897e-16,1.2494263810121901e-15,1.3059901197005499e-15
1.47073073073073,6.2130853899873001e-16,8.8246022098811603e-16,2.0971560342997199e-16,5.0627167617913301e-16,1.28831594437469e-15,1.3407305073139299e-15
1.49074074074074,6.5209956224053799e-16,9.1732422316101191e-16,2.2689883342422802e-16,5.3413844604758798e-16,1.3275711136314299e-15,1.3756274731646801e-15
1.51075075075075,6.8363024573095002e-16,9.5272693264423213e-16,2.44924296280102e-16,5.6279108046178302e-16,1.3671811658689402e-15,1.41067157953723e-15
1.5307607607607601,7.1589211715641705e-16,9.8865576661855892e-16,2.6380265721941705e-16,5.9222493256383303e-16,1.40713556177647e-15,1.4458536548006899e-15
1.5507707707707701,7.4887638447062899e-16,1.02509812855665e-15,2.8354384309263596e-16,6.22434725244629e-16,1.4474239459700402e-15,1.4811647879604902e-15
1.5707807807807801,7.8257396627577e-16,1.0620414240215801e-15,3.04157025901626e-16,6.5341457578508203e-16,1.48803614697095e-15,1.5165963231654001e-15
1.5907907907907901,8.1697552072323599e-16,1.09947307534494e-15,3.2565060528803798e-16,6.8515802199463996e-16,1.5289621768731401e-15,1.5521398541895502e-15
1.6108008008007999,8.5207147295451403e-16,1.1373805352438399e-15,3.4803219076489798e-16,7.1765804951778409e-16,1.5701922307311999e-15,1.58778721890654e-15
1.6308108108108099,8.8785204110891504e-16,1.17575129943376e-15,3.71308584408814e-16,7.5090712000279694e-16,1.6117166856976497e-15,1.6235304937709499e-15
1.6508208208208199,9.2430726092980996e-16,1.2145729182923901e-15,3.9548576465777401e-16,7.8489719985332e-16,1.6535260999358599e-15,1.6593619883207098e-15
1.6708308308308299,9.6142700900523404e-16,1.2538330076272998e-15,4.2056887177919097e-16,8.1961978931059496e-16,1.6956112113329601e-15,1.6952742397119499e-15
1.69084084084084,9.9920102468196102e-16,1.2935192585982201e-15,4.4656219548838004e-16,8.5506595164208098e-16,1.7379629360345098e-15,1.73126000729701e-15
1.71085085085085,1.0376189306948501e-15,1.3336194468423599e-15,4.7346916511205901e-16,8.9122634223919308e-16,1.7805723668212195e-15,1.7673122672542098e-15
1.73086086086086,1.0766702525552301e-15,1.37412144084918e-15,5.0129234260739402e-16,9.2809123745292713e-16,1.8234307713460799e-15,1.8034242072776801e-15
1.75087087087087,1.11634443674359e-15,1.41501320962887e-15,5.3003341866632802e-16,9.6565056302051598e-16,1.86652959024872e-15,1.8395892213335999e-15
1.77088088088088,1.1566308677527e-15,1.4562828297166001e-15,5.5969321205908399e-16,1.0038939219587899e-15,1.9098604351623201e-15,1.8758009044889704e-15
1.79089089089089,1.1975188840280301e-15,1.4979184915526401e-15,5.9027167230079203e-16,1.0428106218204401e-15,1.95341508662701e-15,1.9120530478177301e-15
1.8109009009009001,1.23899779285223e-15,1.53990850527634e-15,6.2176788566183993e-16,1.08238970122797e-15,1.9971854919226099e-15,1.9483396333884401e-15
1.8309109109109101,1.28105688422069e-15,1.58224130597018e-15,6.54180084486228e-16,1.1226199556164401e-15,2.0411637628322898e-15,1.9846548293369201e-15
1.8509209209209201,1.32368544375425e-15,1.6249054583881101e-15,6.8750565973302195e-16,1.1634899621307101e-15,2.0853421733477002e-15,2.0209929850268899e-15
1.8709309309309301,1.36687276469508e-15,1.66788966120046e-15,7.2174117661387901e-16,1.2049881036358201e-15,2.1297131573253098e-15,2.05734862630075e-15
1.8909409409409399,1.4106081590305602e-15,1.7111827507863098e-15,7.5688239316441203e-16,1.24710259180971e-15,2.1742693061026302e-15,2.0937164508223002e-15
1.9109509509509499,1.4548809677889701e-15,1.7547737046021501e-15,7.9292428155845703e-16,1.2898214892974902e-15,2.2190033660823402e-15,2.1300913235129601e-15
1.9309609609609599,1.4996805705499801e-15,1.7986516441543098e-15,8.29861051951778e-16,1.3331327309144002e-15,2.26390823629155e-15,2.1664682720821303e-15
1.9509709709709699,1.5449963942114299e-15,1.8428058376010204e-15,8.6768617862482099e-16,1.37702414389153e-15,2.3089769659228099e-15,2.2028424826526202e-15
1.97098098098098,1.5908179210526998e-15,1.8872257020084802e-15,9.0639242818244897e-16,1.42148346716447e-15,2.35420275186264e-15,2.2392092954811899e-15
1.99099099099099,1.63713469613363e-15,1.9319008052839702e-15,9.4597188956147293e-16,1.4664983697098901e-15,2.3995789362133e-15,2.2755642007743201e-15
2.011001001001,1.68393633406649e-15,1.9768208678076998e-15,9.8641600559387391e-16,1.5120564679393299e-15,2.4450990038122701e-15,2.3119028345990297e-15
2.0310110110110098,1.7312125251971796e-15,2.02197576378376e-15,1.0277156058742601e-15,1.5581453421631601e-15,2.4907565797541402e-15,2.3482209748881501e-15
2.05102102102102,1.77895304123008e-15,2.0673555223295001e-15,1.0698609406838998e-15,1.6047525521404599e-15,2.5365454269188002e-15,2.3845145375395603e-15
2.0710310310310298,1.8271477403301002e-15,2.1129503283213199e-15,1.11284171573019e-15,1.6518656517332299e-15,2.5824594435093001e-15,2.42077957260838e-15
2.09104104104104,1.87578657173333e-15,2.15875052301404e-15,1.1566471274690101e-15,1.6994722026854e-15,2.6284926606029498e-15,2.4570122605914501e-15
2.1110510510510498,1.9248595798968599e-15,2.2047466044496102e-15,1.2012658987880701e-15,1.74755978754879e-15,2.6746392397180897e-15,2.4932089088026799e-15
2.1310610610610601,1.9743569082166199e-15,2.25092922767055e-15,1.2466863148412601e-15,1.7961160217797799e-15,2.7208934703994599e-15,2.52936594783831e-15
2.1510710710710699,2.0242688023406598e-15,2.2972892047518698e-15,1.2928962588371599e-15,1.8451285650315402e-15,2.76724976782417e-15,2.5654799281307298e-15
2.1710810810810801,2.0745856131042801e-15,2.3438175046650496e-15,1.3398832475987401e-15,1.8945851316676697e-15,2.8137026704305002e-15,2.6015475165894402e-15
2.1910910910910899,2.1252977991116602e-15,2.3905052529863299e-15,1.38763446672585e-15,1.9444735005238502e-15,2.8602468375711703e-15,2.6375654933277399e-15
2.2111011011011001,2.17639592898771e-15,2.4373437314612e-15,1.4361368052068702e-15,1.9947815239449299e-15,2.9068770471926098e-15,2.6735307484737199e-15
2.2311111111111099,2.2278706833225602e-15,2.4843243774358499e-15,1.4853768893406202e-15,2.04549713612503e-15,2.9535881935419301e-15,2.7094402790639101e-15
2.2511211211211202,2.27971285632959e-15,2.5314387831660698e-15,1.53534111584479e-15,2.0966083607788501e-15,3.00037528490219e-15,2.7452911860180801e-15
2.27113113113113,2.3319133572373999e-15,2.5786786950131102e-15,1.5860156840412597e-15,2.1481033181723999e-15,3.0472334413577099e-15,2.7810806711935896e-15
2.2911411411411402,2.3844632114343001e-15,2.6260360125356899e-15,1.63738662702329e-15,2.1999702315415297e-15,3.09415789258964e-15,2.8168060345176199e-15
2.31115115115115,2.43735356138337e-15,2.6735027874865097e-15,1.6894398417231398e-15,2.2521974329265796e-15,3.1411439757029899e-15,2.8524646711956699e-15
2.3311611611611598,2.4905756673248101e-15,2.7210712227212901e-15,1.7421611178116997e-15,2.3047733684513402e-15,3.1881871330855099e-15,2.88805406899472e-15
2.35117117117117,2.5441209077815498e-15,2.7687336710278401e-15,1.7955361653744296e-15,2.3576866030743598e-15,3.2352829102990799e-15,2.9235718055993702e-15
2.3711811811811798,2.5979807798829799e-15,2.8164826338819398e-15,1.8495506413196201e-15,2.4109258248401301e-15,3.2824269540036897e-15,2.9590155460392297e-15
2.3911911911911901,2.6521468995208298e-15,2.8643107601368501e-15,1.9041901744862199e-15,2.4644798486574899e-15,3.32961500991482e-15,2.99438304018607e-15
2.4112012012011999,2.7066110013504398e-15,2.9122108446522803e-15,1.95944038942855e-15,2.5183376196319899e-15,3.3768429207939898e-15,3.0296721203190301e-15
2.4312112112112101,2.7613649386499299e-15,2.9601758268687601e-15,2.0152869288649899e-15,2.57248821597844e-15,3.4241066244728099e-15,3.0648806987562098e-15
2.4512212212212199,2.8164006830485802e-15,3.0081987893326301e-15,2.07171547478653e-15,2.6269208515391102e-15,3.4714021519106199e-15,3.1000067655511099e-15
2.4712312312312301,2.8717103241357498e-15,3.0562729561767502e-15,2.1287117682288498e-15,2.6816248779326897e-15,3.5187256252857198e-15,3.1350483862523201e-15
2.4912412412412399,2.9272860689602496e-15,3.1043916915615001e-15,2.1862616277190598e-15,2.73658978635801e-15,3.5660732561200099e-15,3.1700036997248603e-15
2.5112512512512501,2.9831202414298299e-15,3.1525484980805604e-15,2.24435096641466e-15,2.7918052090759701e-15,3.6134413434371904e-15,3.20487091603168e-15
2.5312612612612599,3.0392052816198099e-15,3.2007370151355202e-15,2.3029658079578699e-15,2.8472609205922297e-15,3.6608262719540904e-15,3.2396483143736799e-15
2.5512712712712702,3.0955337449991198e-15,3.2489510172831298e-15,2.3620923010739001e-15,2.9029468385623903e-15,3.7082245103051899e-15,3.2743342410869199e-15
2.57128128128128,3.1520983015816204e-15,3.2971844125587098e-15,2.4217167329456899e-15,2.9588530244405002e-15,3.7556326092998995e-15,3.3089271076953599e-15
2.5912912912912902,3.20889173501e-15,3.3454312407791301e-15,2.4818255414018701e-15,3.0149696838907198e-15,3.8030472002124701e-15,3.3434253890178903e-15
2.6113013013013,3.2659069415790499e-15,3.3936856718284704e-15,2.5424053259574995e-15,3.0712871669813298e-15,3.8504649931042802e-15,3.3778276213279897e-15
2.6313113113113098,3.32313692920461e-15,3.4419420039291498e-15,2.6034428577500001e-15,3.12779596817904e-15,3.8978827751779099e-15,3.41213240056483e-15
2.65132132132132,3.3805748163442201e-15,3.4901946619013602e-15,2.66492508841457e-15,3.1844867261607698e-15,3.9452974091630999e-15,3.4463383805943398e-15
2.6713313313313298,3.4382138308748101e-15,3.5384381954132001e-15,2.7268391579453499e-15,3.2413502234592403e-15,3.9927058317337704e-15,3.4804442715189101e-15
2.6913413413413401,3.4960473089326299e-15,3.5866672772239102e-15,2.7891724015892399e-15,3.2983773859575902e-15,4.0401050519561007e-15,3.5144488380345002e-15
2.7113513513513499,3.5540686937201702e-15,3.6348767014224403e-15,2.8519123558205603e-15,3.3555592822475501e-15,4.0874921497670203e-15,3.5483508978337501e-15
2.7313613613613601,3.6122715342844104e-15,3.6830613816632597e-15,2.9150467634448302e-15,3.4128871228646701e-15,4.1348642744828996e-15,3.5821493200539598e-15
2.7513713713713699,3.6706494842704803e-15,3.7312163494013703e-15,2.9785635778800197e-15,3.4703522594132398e-15,4.18221864333775e-15,3.6158430237686105e-15
2.7713813813813801,3.7291963006545903e-15,3.7793367521282601e-15,3.0424509666635599e-15,3.5279461835927999e-15,4.2295525400508805e-15,3.64943097652137e-15
2.7913913913913899,3.7879058424596001e-15,3.8274178516104104e-15,3.10669731423268e-15,3.5856605261372999e-15,4.2768633134231602e-15,3.6829121929012002e-15
2.8114014014014002,3.8467720694565699e-15,3.8754550221318999e-15,3.1712912240250903e-15,3.6434870556770297e-15,4.3241483759618299e-15,3.7162857331577e-15
2.83141141141141,3.9057890408551403e-15,3.9234437487424104e-15,3.2362215199459e-15,3.7014176775328996e-15,4.3714052025331001e-15,3.74955070185539e-15
2.8514214214214202,3.9649509139855695e-15,3.9713796255120097e-15,3.3014772472456699e-15,3.7594444324517602e-15,4.4186313290422498e-15,3.7827062465658299e-15
2.87143143143143,4.0242519429749999e-15,4.0192583537939106e-15,3.36704767285329e-15,3.8175594952908299e-15,4.4658243511407706e-15,3.8157515565966902e-15
2.8914414414414402,4.0836864774201098e-15,4.0670757404962296e-15,3.4329222852057599e-15,3.8757551736587398e-15,4.51298192296e-15,3.8486858617566305e-15
2.91145145145145,4.1432489610583995e-15,4.1148276963638004e-15,3.4990907936155701e-15,3.9340239065197398e-15,4.5601017558708801e-15,3.8815084311549197e-15
2.9314614614614598,4.2029339304400802e-15,4.1625102342710498e-15,3.5655431272149599e-15,3.9923582627674798e-15,4.6071816172693199e-15,3.9142185720350199e-15
2.95147147147147,4.2627360136022105e-15,4.2101194675266102e-15,3.6322694335143898e-15,4.0507509397739003e-15,4.65421932938675e-15,3.9468156286409801e-15
2.9714814814814798,4.3226499287468899e-15,4.2576516081906897e-15,3.6992600766111199e-15,4.1091947619182801e-15,4.7012127681253896e-15,3.97929898111588e-15
2.9914914914914901,4.38267048292479e-15,4.3051029654057608e-15,3.7665056350818803e-15,4.1676826791011398e-15,4.7481598619177803e-15,4.0116680444312695e-15
3.0115015015014999,4.4427925707255596e-15,4.3524699437412094e-15,3.8339968995921701e-15,4.2262077652471605e-15,4.7950585906100898e-15,4.0439222673468494e-15
3.0315115115115101,4.5030111729761801e-15,4.3997490415527401e-15,3.9017248702525701e-15,4.2847632168007399e-15,4.8419069843688201e-15,4.0760611313995402e-15
3.0515215215215199,4.56332135544842e-15,4.4469368493567898e-15,3.9696807537512199e-15,4.3433423512176104e-15,4.8887031226104103e-15,4.1080841499209904e-15
3.0715315315315301,4.6237182675764201e-15,4.4940300482207796e-15,4.0378559602894698e-15,4.40193860545555e-15,4.9354451329533203e-15,4.13999086708284e-15
3.0915415415415399,4.68419714118523e-15,4.5410254081692901e-15,4.1062421003462696e-15,4.4605455344666301e-15,4.9821311901921296e-15,4.1717808569689203e-15
3.1115515515515502,4.7447532892311397e-15,4.58791978660693e-15,4.1748309812953e-15,4.5191568096934798e-15,5.0287595152932995e-15,4.20345372267358e-15
3.13156156156156,4.8053821045544699e-15,4.6347101267579196e-15,4.2436146038968896e-15,4.5777662175715605e-15,5.07532837441205e-15,4.2350090954255403e-15
3.1515715715715702,4.8660790586455303e-15,4.6813934561229706e-15,4.3125851586856901e-15,4.6363676580391802e-15,5.1218360779300104e-15,4.2664466337362799e-15
3.17158158158158,4.9268397004241708e-15,4.7279668849536094e-15,4.38173502227308e-15,4.6949551430569001e-15,5.1682809795132399e-15,4.2977660225725696e-15
3.1915915915915898,4.9876596550335096e-15,4.7744276047441497e-15,4.4510567535823002e-15,4.7535227951374798e-15,5.2146614751901706e-15,4.3289669725523298e-15
3.2116016016016,5.0485346226482605e-15,4.8207728867417298e-15,4.5205430900324799e-15,4.8120648458877204e-15,5.2609760024490294e-15,4.3600492191630001e-15
3.2316116116116098,5.1094603772978808e-15,4.8670000804743606e-15,4.5901869436867299e-15,4.8705756345629398e-15,5.3072230393544898e-15,4.3910125220021502e-15
3.2516216216216201,5.1704327657050399e-15,4.9131066122972699e-15,4.6599813973780703e-15,4.9290496066350507e-15,5.3534011036829498e-15,4.4218566640392805e-15
3.2716316316316298,5.2314477061395e-15,4.9590899839577095e-15,4.7299197008255905e-15,4.9874813123747901e-15,5.3995087520762199e-15,4.4525814508985102e-15
3.2916416416416401,5.29250118728766e-15,5.0049477711781999e-15,4.7999952667524395e-15,5.0458654054487003e-15,5.4455445792132001e-15,4.4831867101614703e-15
3.3116516516516499,5.3535892671380004e-15,5.0506776222583698e-15,4.8702016670158597e-15,5.1041966415311903e-15,5.4915072169991097e-15,4.5136722906898204e-15
3.3316616616616601,5.4147080718823802e-15,5.0962772566955095e-15,4.9405326287585106e-15,5.1624698769321496e-15,5.5373953337719097e-15,4.5440380619667201e-15
3.3516716716716699,5.4758537948335102e-15,5.1417444638237403e-15,5.0109820305895194e-15,5.2206800672402098e-15,5.5832076335257798e-15,4.5742839134570101e-15
3.3716816816816801,5.53702269535838e-15,5.1870771014719107e-15,5.0815438988025204e-15,5.2788222659818404e-15,5.6289428551508103e-15,4.6044097539852301e-15
3.3916916916916899,5.5982110978279201e-15,5.2322730946402301e-15,5.15221240363742e-15,5.3368916232964599e-15,5.6745997716891401e-15,4.6344155111312598e-15
3.4117017017017002,5.65941539058267e-15,5.2773304341955607e-15,5.2229818555914303e-15,5.3948833846274707e-15,5.7201771896067902e-15,4.6643011306428296e-15
3.43171171171171,5.7206320249146197e-15,5.3222471755854103e-15,5.2938467017846696e-15,5.4527928894293296e-15,5.7656739480809299e-15,4.6940665758646097e-15
3.4517217217217202,5.7818575140650303e-15,5.3670214375704795e-15,5.3648015223843996e-15,5.5106155698904899e-15,5.8110889183024705e-15,4.7237118271834203e-15
3.47173173173173,5.8430884322381502e-15,5.4116514009759006e-15,5.4358410270917998e-15,5.5683469496721703e-15,5.8564210027932898e-15,4.75323688148882e-15
3.4917417417417398,5.90432141363091e-15,5.4561353074608204e-15,5.50696005169432e-15,5.6259826426629202e-15,5.9016691347381696e-15,4.7826417516491197e-15
3.51175175175175,5.9655531514782499e-15,5.5004714583065008e-15,5.5781535546861898e-15,5.6835183517486199e-15,5.9468322773307708e-15,4.8119264660018296e-15
3.5317617617617598,6.0267803971141405e-15,5.5446582132227098e-15,5.6494166139592298e-15,5.7409498675980001e-15,5.9919094231336703e-15,4.8410910678587102e-15
3.5517717717717701,6.0879999590479998e-15,5.5886939891723395e-15,5.7207444235654706e-15,5.7982730674633496e-15,6.03689959345184e-15,4.8701356150244104e-15
3.5717817817817799,6.1492087020565302e-15,5.6325772592141007e-15,5.79213229055296e-15,5.8554839139962797e-15,6.0818018377195806e-15,4.8990601793289298e-15
3.5917917917917901,6.2104035462906501e-15,5.6763065513632699e-15,5.8635756318755e-15,5.9125784540782908e-15,6.1266152329003799e-15,4.9278648461729497e-15
3.6118018018017999,6.2715814663974495e-15,5.7198804474702297e-15,5.9350699713768199e-15,5.96955281766603e-15,6.1713388828996003e-15,4.9565497140860602e-15
3.6318118118118101,6.3327394906569497e-15,5.7632975821168302e-15,6.0066109368494598e-15,6.0264032166509404e-15,6.2159719179895102e-15,4.9851148942973602e-15
3.6518218218218199,6.3938747001334404e-15,5.8065566415302198e-15,6.0781942571681798e-15,6.0831259437331997e-15,6.2605134942466905e-15,5.0135605103180995e-15
3.6718318318318302,6.4549842278413001e-15,5.8496563625142294e-15,6.1498157594977104e-15,6.1397173713095501e-15,6.3049627930011804e-15,5.0418866975360294e-15
3.6918418418418399,6.5160652579250492e-15,5.8925955313979897e-15,6.2214713665741998e-15,6.1961739503750796e-15,6.3493190202974698e-15,5.0700936028211201e-15
3.7118518518518502,6.5771150248533602e-15,5.9353729830016902e-15,6.2931570940596703e-15,6.2524922094384702e-15,6.3935814063668402e-15,5.0981813841423805e-15
3.73186186186186,6.63813081262693e-15,5.9779875996193095e-15,6.3648690479686806e-15,6.30866875345075e-15,6.4377492051107895e-15,5.1261502101954102e-15
3.7518718718718702,6.6991099539999099e-15,6.0204383100181603e-15,6.43660342216595e-15,6.3647002627471602e-15,6.4818216935956104e-15,5.1540002600403602e-15
3.77188188188188,6.7600498297147896e-15,6.0627240884550704e-15,6.50835649593403e-15,6.4205834920020604e-15,6.5257981715574497e-15,5.1817317227501202e-15
3.7918918918918898,6.8209478677504205e-15,6.1048439537090198e-15,6.5801246316095706e-15,6.4763152691966504e-15,6.5696779609179504e-15,5.2093447970683202e-15
3.8119019019019,6.8818015425829204e-15,6.1467969681300401e-15,6.6519042722869503e-15,6.5318924945993305e-15,6.6134604053101193e-15,5.2368396910769996e-15
3.8319119119119098,6.9426083744594399e-15,6.1885822367042997e-15,6.7236919395877506e-15,6.5873121397584403e-15,6.6571448696141301e-15,5.2642166218734902e-15
3.8519219219219201,7.0033659286843599e-15,6.2301989061349992e-15,6.79548423149466e-15,6.6425712465073901e-15,6.7007307395030194e-15,5.2914758152564702e-15
3.8719319319319299,7.0640718149178402e-15,6.2716461639391303e-15,6.8672778202482603e-15,6.6976669259817898e-15,6.7442174209979393e-15,5.31861750542081e-15
3.8919419419419401,7.1247236864863903e-15,6.3129232375597103e-15,6.9390694503051206e-15,6.7525963576485697e-15,6.7876043400327299e-15,5.3456419346609699e-15
3.9119519519519499,7.1853192397053596e-15,6.3540293934934198e-15,7.0108559363555995e-15,6.8073567883469002e-15,6.8308909420277298e-15,5.3725493530826604e-15
3.9319619619619601,7.2458562132130609e-15,6.3949639364334496e-15,7.0826341613998302e-15,6.8619455313407001e-15,6.8740766914725103e-15,5.3993400183227901e-15
3.9519719719719699,7.3063323873163395e-15,6.4357262084272504e-15,7.1544010748801991e-15,6.9163599653826696e-15,6.9171610715174501e-15,5.4260141952770701e-15
3.9719819819819802,7.3667455833473104e-15,6.4763155880492301e-15,7.2261536908688098e-15,6.97059753378963e-15,6.9601435835738007e-15,5.4525721558353995e-15
3.99199199199199,7.4270936630312508e-15,6.5167314895879797e-15,7.2978890863081997e-15,7.0246557435290703e-15,7.0030237469222695e-15,5.4790141786246903e-15
4.0120020020020002,7.4873745278651207e-15,6.5569733622478796e-15,7.3696043993040003e-15,7.0785321643167801e-15,7.0458010983296699e-15,5.5053405487588602e-15
4.03201201201201,7.5475861185067896e-15,6.5970406893650501e-15,7.4412968274676692e-15,7.1322244277253596e-15,7.0884751916737795e-15,5.5315515575959103e-15
4.0520220220220198,7.6077264141746796e-15,6.6369329876373298e-15,7.5129636263080101e-15,7.1857302263035801e-15,7.1310455975759202e-15,5.5576475025018498e-15
4.0720320320320296,7.6677934320575402e-15,6.6766498063679702e-15,7.5846021076698806e-15,7.2390473127063598e-15,7.1735119030413204e-15,5.58362868662121e-15
4.0920420420420403,7.7277852267342596e-15,6.7161907267232097e-15,7.6562096382186999e-15,7.2921734988353996e-15,7.2158737111069402e-15,5.6094954186541198e-15
4.11205205205205,7.7876998896034506e-15,6.75555536100312e-15,7.7277836379692106e-15,7.3451066549900901e-15,7.2581306404967593e-15,5.6352480126396002e-15
4.1320620620620598,7.8475355483227205e-15,6.7947433519258704e-15,7.7993215788572099e-15,7.3978447090288304e-15,7.3002823252841098e-15,5.6608867877449292e-15
4.1520720720720696,7.9072903662572809e-15,6.8337543719250299e-15,7.8708209833528397e-15,7.4503856455405495e-15,7.3423284145612307e-15,5.6864120680611302e-15
4.1720820820820803,7.9669625419378202e-15,6.8725881224597601e-15,7.9422794231142511e-15,7.5027275050262091e-15,7.3842685721155994e-15,5.7118241824040195e-15
4.1920920920920901,8.02655030852751e-15,6.9112443333377997e-15,8.0136945176800794e-15,7.5548683830903996e-15,7.4261024761130402e-15,5.7371234641210399e-15
4.2121021021020999,8.0860519332977409e-15,6.94972276205086e-15,8.0850639331999201e-15,7.6068064296426295e-15,7.4678298187874906e-15,5.7623102509035e-15
4.2321121121121097,8.1454657171126912e-15,6.9880231931225005e-15,8.1563853812012009e-15,7.6585398481085198e-15,7.5094503061370907e-15,5.7873848846040996e-15
4.2521221221221204,8.2047899939223803e-15,7.0261454374680705e-15,8.227656617391651e-15,7.7100668946504708e-15,7.5509636576267594e-15,5.8123477110597095e-15
4.2721321321321302,8.2640231302640309e-15,7.0640893317666604e-15,8.2988754404960094e-15,7.7613858773979703e-15,7.5923696058968599e-15,5.8371990799191201e-15
4.29214214214214,8.3231635247716897e-15,7.1018547378448604e-15,8.3700396911260602e-15,7.8124951556872098e-15,7.6336678964778595e-15,5.8619393444757002e-15
4.3121521521521498,8.3822096076938593e-15,7.1394415420721305e-15,8.44114725068295e-15,7.86339313931008e-15,7.6748582875110205e-15,5.8865688615047797e-15
4.3321621621621604,8.4411598404189712e-15,7.1768496547675897e-15,8.5121960402907494e-15,7.9140782877723204e-15,7.7159405494748801e-15,5.9110879911057699e-15
4.3521721721721702,8.5000127150086003e-15,7.2140790096180801e-15,8.5831840197603102e-15,7.96454910956071e-15,7.7569144649172588e-15,5.9354970965486097e-15
4.37218218218218,8.5587667537382397e-15,7.2511295631073003e-15,8.6541091865827191e-15,8.0148041614193596e-15,7.7977798281929905e-15,5.9597965441247795e-15
4.3921921921921898,8.6174205086454195e-15,7.2880012939558691e-15,8.7249695749510799e-15,8.0648420476346999e-15,7.8385364452069691e-15,5.9839867030024001e-15
4.4122022022021996,8.6759725610852296e-15,7.32469420257212e-15,8.7957632548102704e-15,8.1146614193294001e-15,7.8791841331625296e-15,6.00806794508565e-15
4.4322122122122103,8.7344215212927901e-15,7.361208310513441e-15,8.8664883309333902e-15,8.1642609737648005e-15,7.9197227203150098e-15,6.0320406448780003e-15
4.4522222222222201,8.7927660279527799e-15,7.3975436599580098e-15,8.9371429420245999e-15,8.2136394536520189e-15,7.9601520457304901e-15,6.0559051793496097e-15
4.4722322322322299,8.8510047477758497e-15,7.4337003131867606e-15,9.0077252598472199e-15,8.2627956464713692e-15,8.0004719590493304e-15,6.0796619278083199e-15
4.4922422422422397,8.9091363750816898e-15,7.4696783520754708e-15,9.0782334883766301e-15,8.3117283838002295e-15,8.0406823202547799e-15,6.1033112717744897e-15
4.5122522522522504,8.9671596313886007e-15,7.5054778775965895e-15,9.1486658629772111e-15,8.3604365406490705e-15,8.0807829994462305e-15,6.1268535948593996e-15
4.5322622622622601,9.0250732650096509e-15,7.5410990093309809e-15,9.2190206496026984e-15,8.4089190348056298e-15,8.1207738766171204e-15,6.1502892826471799e-15
4.5522722722722699,9.0828760506550201e-15,7.5765418849890896e-15,9.2892961440192601e-15,8.4571748261871103e-15,8.1606548414374897e-15,6.1736187225800601e-15
4.5722822822822797,9.1405667890406804e-15,7.61180665994164e-15,9.3594906710508109e-15,8.5052029162002595e-15,8.2004257930409497e-15,6.1968423038471393e-15
4.5922922922922904,9.1981443065029694e-15,7.6468935067594699e-15,9.4296025838458811e-15,8.5530023471092787e-15,8.2400866398160297e-15,6.2199604172761802e-15
4.6123023023023002,9.2556074546192699e-15,7.6818026147625795e-15,9.4996302631655987e-15,8.6005722014114903e-15,8.2796372992017811e-15,6.2429734552286907e-15
4.63231231231231,9.3129551098344795e-15,7.716534189578021e-15,9.5695721166921092e-15,8.6479116012204201e-15,8.319077697487631e-15,6.2658818114979305e-15
4.6523223223223198,9.3701861730931788e-15,7.7510884527066999e-15,9.639426578357061e-15,8.6950197076566389e-15,8.3584077696173201e-15,6.2886858812101e-15
4.6723323323323296,9.4272995694774988e-15,7.7854656410986796e-15,9.7091921076895596e-15,8.7418957202457699e-15,8.3976274589967902e-15,6.3113860607282e-15
4.6923423423423403,9.4842942478504197e-15,7.8196660067371295e-15,9.7788671891832505e-15,8.7885388763238806e-15,8.4367367173060594e-15,6.3339827475588296e-15
4.7123523523523501,9.5411691805045102e-15,7.8536898162305e-15,9.8484503316817805e-15,8.8349484504500601e-15,8.4757355043149697e-15,6.3564763402617497e-15
4.7323623623623599,9.5979233628159792e-15,7.8875373504129798e-15,9.9179400677826496e-15,8.8811237538260704e-15,8.5146237877025897e-15,6.3788672383619902e-15
4.7523723723723696,9.6545558129039394e-15,7.9212089039529893e-15,9.9873349532584708e-15,8.9270641337229797e-15,8.5534015428804785e-15,6.4011558422647298e-15
4.7723823823823803,9.7110655712947695e-15,7.9547047849696095e-15,1.0056633566495801e-14,8.9727689729146898e-15,8.5920687528193189e-15,6.4233425531725204e-15
4.7923923923923901,9.7674517005914898e-15,7.9880253146568209e-15,1.01258345079506e-14,9.0182376891182294e-15,8.6306254078793396e-15,6.4454277730050803e-15
4.8124024024023999,9.8237132851480288e-15,8.0211708269152801e-15,1.0194936399620301e-14,9.0634697344407708e-15,8.6690715056439803e-15,6.4674119043214798e-15
4.8324124124124097,9.8798494307484206e-15,8.0541416679917811e-15,1.0263937884531999e-14,9.1084645948332203e-15,8.7074070507570996e-15,6.48929535024458e-15
4.8524224224224204,9.9358592642906198e-15,8.0869381961259711e-15,1.03328376262461e-14,9.1532217895502906e-15,8.7456320547633911e-15,6.5110785143877906e-15
4.8724324324324302,9.9917419334750196e-15,8.1195607812043504e-15,1.0401634308376e-14,9.1977408706169895e-15,8.7837465359520903e-15,6.5327618007840297e-15
4.89244244244244,1.0047496606497599e-14,8.1520098044214499e-15,1.04703266341217e-14,9.2420214223014693e-15,8.821750519203821e-15,6.5543456138167896e-15
4.9124524524524498,1.0103122471747501e-14,8.1842856579478915e-15,1.05389133258192e-14,9.2860630605940102e-15,8.859644035840681e-15,6.5758303581533904e-15
4.9324624624624596,1.0158618737509e-14,8.2163887446054193e-15,1.0607393124503399e-14,9.3298654326921507e-15,8.8974271234791697e-15,6.5972164386800805e-15
4.9524724724724702,1.0213984631667801e-14,8.2483194775486502e-15,1.06757647894854e-14,9.3734282164919404e-15,8.9350998258861689e-15,6.6185042604392604e-15
4.97248248248248,1.0269219401421701e-14,8.2800782799534499e-15,1.07440270979433e-14,9.4167511200850396e-15,8.9726621928380602e-15,6.6396942285686399e-15
4.9924924924924898,1.03243223129951e-14,8.3116655847117396e-15,1.0812178844526401e-14,9.4598338812617608e-15,9.0101142799823114e-15,6.6607867482421399e-15
5.0125025025024996,1.03792926513584e-14,8.3430818341328497e-15,1.0880218840972401e-14,9.5026762670198301e-15,9.0474561487022201e-15,6.6817822246127496e-15
5.0325125125125103,1.04341297199502e-14,8.3743274796509703e-15,1.0948145915737599e-14,9.5452780730788901e-15,9.0846878659840993e-15,6.7026810627569995e-15
5.0525225225225201,1.04888328404046e-14,8.4054029815389003e-15,1.1015958913638799e-14,9.5876391234006491e-15,9.1218095042874613e-15,6.7234836676214001e-15
5.0725325325325299,1.0543401352281801e-14,8.4363088086277199e-15,1.10836566955078e-14,9.6297592697145095e-15,9.1588211414174992e-15,6.7441904439702095e-15
5.0925425425425397,1.0597834612802699e-14,8.4670454380325409e-15,1.1151238137858399e-14,9.6716383910486405e-15,9.1957228604004602e-15,6.7648017963352396e-15
5.1125525525525504,1.06521319965873e-14,8.49761335488387e-15,1.12187021325632e-14,9.71327639326656e-15,9.2325147493612299e-15,6.7853181289668801e-15
5.1325625625625602,1.0706292895396602e-14,8.5280130520649497e-15,1.12860475865436e-14,9.7546732086088491e-15,9.2691969014036902e-15,6.8057398457869196e-15
5.15257257257257,1.0760316717878099e-14,8.5582450299544708e-15,1.1353273421469101e-14,9.7958287952402893e-15,9.3057694144932506e-15,6.8260673503427496e-15
5.1725825825825797,1.0814202889315601e-14,8.5883097961749596e-15,1.1420378573468702e-14,9.836743136801991e-15,9.3422323913418902e-15,6.8463010457630595e-15
5.1925925925925904,1.08679508513813e-14,8.6182078653464508e-15,1.1487361992851701e-14,9.8774162419687595e-15,9.3785859392954407e-15,6.8664413347149997e-15
5.2126026026026002,1.0921560061892599e-14,8.6479397588455698e-15,1.1554222643839101e-14,9.9178481440113904e-15,9.4148301702232105e-15,6.88648861936262e-15
5.23261261261261,1.09750299945711e-14,8.6775060045697198e-15,1.16209595043047e-14,9.958038900363981e-15,9.4509652004097595e-15,6.9064433013268006e-15
5.2526226226226198,1.1028360138806098e-14,8.7069071367064598e-15,1.16875715655261e-14,9.9979885921961296e-15,9.4869911504489405e-15,6.9263057816463601e-15
5.2726326326326296,1.1081549999420498e-14,8.7361436955078199e-15,1.1754057831944902e-14,1.003769732399e-14,9.5229081451400002e-15,6.9460764607405598e-15
5.2926426426426403,1.1134599096440501e-14,8.7652162270695805e-15,1.1820417320935798e-14,1.00771652231219e-14,9.5587163133857688e-15,6.9657557383727596e-15
5.3126526526526501,1.1187506964867999e-14,8.7941252831153711e-15,1.1886649062584899e-14,1.01163924394492e-14,9.5944157880930094e-15,6.9853440136153196e-15
5.3326626626626599,1.12402731544566e-14,8.8228714207854998e-15,1.19527520994764e-14,1.01553791449011e-14,9.6300067060745913e-15,7.0048416848156796e-15
5.3526726726726697,1.12928972294904e-14,8.8514552024303603e-15,1.2018725486487701e-14,1.0194125533074701e-14,9.6654892079538093e-15,7.0242491495635902e-15
5.3726826826826803,1.1345378768566099e-14,8.8798771954085195e-15,1.2084568290592701e-14,1.0232631818835101e-14,9.7008634380705296e-15,7.0435668046594298e-15
5.3926926926926901,1.13977173643774e-14,8.9081379718891507e-15,1.2150279590672702e-14,1.02708982379203e-14,9.7361295443892402e-15,7.0627950460836602e-15
5.4127027027026999,1.14499126235034e-14,8.936238108658941e-15,1.22158584773353e-14,1.0308925046550299e-14,9.7712876784089187e-15,7.0819342689672496e-15
5.4327127127127097,1.1501964166199202e-14,8.9641781869331999e-15,1.22813040527406e-14,1.0346712521041099e-14,9.8063379950748001e-15,7.1009848675632201e-15
5.4527227227227204,1.15538716261891e-14,8.9919587921712912e-15,1.23466154304341e-14,1.03842609574222e-14,9.8412806526918193e-15,7.1199472352191201e-15
5.4727327327327302,1.1605634650463501e-14,9.0195805138960898e-15,1.2411791735187501e-14,1.0421570671058999e-14,9.8761158128398503e-15,7.1388217643505008e-15
5.49274274274274,1.1657252899077601e-14,9.0470439455176202e-15,1.2476832102845399e-14,1.04586419962798e-14,9.9108436402906511e-15,7.1576088464153507e-15
5.5127527527527498,1.1708726044953801e-14,9.0743496841605207e-15,1.2541735680178601e-14,1.04954752860056e-14,9.945464302926441e-15,7.1763088718894397e-15
5.5327627627627596,1.1760053773685599e-14,9.1014983304955312e-15,1.2606501624744299e-14,1.05320709113858e-14,9.9799779716600912e-15,7.1949222302425205e-15
5.5527727727727703,1.18112357833454e-14,9.1284904885747493e-15,1.26711291047515e-14,1.0568429261436601e-14,1.0014384820357001e-14,7.2134493099154505e-15
5.5727827827827801,1.1862271784294001e-14,9.1553267656706408e-15,1.2735617298932999e-14,1.06045507426845e-14,1.0048685025758598e-14,7.2318904982981399e-15
5.5927927927927898,1.1913161498992901e-14,9.1820077721187304e-15,1.2799965396422702e-14,1.06404357788132e-14,1.00828787674069e-14,7.2502461817083293e-15
5.6128028028027996,1.1963904661819201e-14,9.2085341211638899e-15,1.28641725966382e-14,1.0676084810314501e-14,1.01169662275716e-14,7.2685167453712094e-15
5.6328128128128103,1.2014501018883102e-14,9.2349064288101902e-15,1.2928238109169301e-14,1.07114982941438e-14,1.01509475911773e-14,7.2867025733997004e-15
5.6528228228228201,1.2064950327847702e-14,9.2611253136741504e-15,1.29921611536706e-14,1.0746676703378699e-14,1.0184823045733301e-14,7.3048040487756397e-15
5.6728328328328299,1.2115252357751001e-14,9.2871913968414497e-15,1.30559409597601e-14,1.07816205268822e-14,1.02185927812643e-14,7.3228215533316095e-15
5.6928428428428397,1.21654068888307e-14,9.3131053017269897e-15,1.3119576766921299e-14,1.0816330268969001e-14,1.0252256990242601e-14,7.3407554677334904e-15
5.7128528528528504,1.2215413712351199e-14,9.3388676539380897e-15,1.31830678244107e-14,1.08508064490765e-14,1.0285815867521399e-14,7.358606171463799e-15
5.7328628628628602,1.22652726304327e-14,9.3644790811410404e-15,1.3246413391169298e-14,1.0885049601439101e-14,1.0319269610270001e-14,7.3763740428056095e-15
5.75287287287287,1.23149834558827e-14,9.389940212930681e-15,1.3309612735738101e-14,1.09190602747658e-14,1.03526184179098e-14,7.3940594588271202e-15
5.7728828828828798,1.23645460120301e-14,9.4152516807031391e-15,1.33726651361777e-14,1.09528390319227e-14,1.0385862492051801e-14,7.4116627953670109e-15
5.7928928928928904,1.24139601325608e-14,9.4404141175314806e-15,1.34355698799919e-14,1.09863864496183e-14,1.0419002036435401e-14,7.4291844270202402e-15
5.8129029029029002,1.24632256613561e-14,9.4654281580444004e-15,1.34983262640544e-14,1.10197031180926e-14,1.0452037256868001e-14,7.4466247271245904e-15
5.83291291291291,1.2512342452333001e-14,9.4902944383077796e-15,1.35609335945396e-14,1.1052789640810101e-14,1.04849683611667e-14,7.4639840677477511e-15
5.8529229229229198,1.2561310369286701e-14,9.5150135957090701e-15,1.36233911868562e-14,1.1085646634156101e-14,1.0517795559100301e-14,7.4812628196749198e-15
5.8729329329329296,1.2610129285734902e-14,9.5395862688444402e-15,1.3685698365584e-14,1.11182747271373e-14,1.05505190623326e-14,7.4984613523970995e-15
5.8929429429429403,1.26587990847648e-14,9.5640130974087284e-15,1.37478544644145e-14,1.1150674561084599e-14,1.0583139084367601e-14,7.5155800340998408e-15
5.9129529529529501,1.27073196588814e-14,9.5882947220879296e-15,1.3809858826092999e-14,1.1182846789361101e-14,1.0615655840494599e-14,7.5326192316524797e-15
5.9329629629629599,1.2755690909858299e-14,9.6124317844544407e-15,1.3871710802364401e-14,1.1214792077072399e-14,1.06480695477356e-14,7.5495793105980497e-15
5.9529729729729697,1.28039127485903e-14,9.6364249268647595e-15,1.39334097539213e-14,1.1246511100780701e-14,1.0680380424792899e-14,7.5664606351434892e-15
5.9729829829829804,1.2851985094948103e-14,9.6602747923597506e-15,1.39949550503549e-14,1.12780045482228e-14,1.0712588691998199e-14,7.5832635681505001e-15
5.9929929929929902,1.2899907877634402e-14,9.6839820245673789e-15,1.40563460701072e-14,1.13092731180311e-14,1.0744694571262202e-14,7.5999884711267799e-15
6.0130030030029999,1.29476810340429e-14,9.7075472676077906e-15,1.4117582200426501e-14,1.13403175194578e-14,1.07766982860262e-14,7.6166357042177598e-15
6.0330130130130097,1.29953045101181e-14,9.7309711660008509e-15,1.4178662837324301e-14,1.13711384721034e-14,1.0808600061213601e-14,7.6332056261988201e-15
6.0530230230230204,1.3042778260217701e-14,9.75425436457587e-15,1.42395873855346e-14,1.14017367056477e-14,1.08404001231832e-14,7.6496985944678193e-15
6.0730330330330302,1.3090102246976301e-14,9.7773975083837506e-15,1.4300355258474301e-14,1.1432112959584399e-14,1.0872098699682699e-14,7.6661149650382094e-15
6.09304304304304,1.31372764411713e-14,9.8004012426112103e-15,1.43609658782061e-14,1.1462267982959299e-14,1.0903696019803799e-14,7.6824550925323901e-15
6.1130530530530498,1.31843008215906e-14,9.8232662124972889e-15,1.44214186754028e-14,1.1492202534111699e-14,1.09351923139379e-14,7.6987193301756303e-15
6.1330630630630596,1.3231175374901501e-14,9.8459930632518794e-15,1.44817130893123e-14,1.15219173804187e-14,1.0966587813732899e-14,7.7149080297902602e-15
6.1530730730730703,1.32779000955221e-14,9.8685824399764804e-15,1.45418485677255e-14,1.15514132980435e-14,1.0997882752050101e-14,7.731021541790269e-15
6.1730830830830801,1.33244749854935e-14,9.8910349875868201e-15,1.4601824566943701e-14,1.15806910716863e-14,1.1029077362923501e-14,7.7470602151762994e-15
6.1930930930930899,1.33709000543549e-14,9.9133513507376605e-15,1.4661640551748899e-14,1.16097514943387e-14,1.1060171881518099e-14,7.7630243975309408e-15
6.2131031031030997,1.3417175319018999e-14,9.9355321737494602e-15,1.4721295995373898e-14,1.16385953670414e-14,1.1091166544090501e-14,7.7789144350144393e-15
6.2331131131131103,1.346330080365e-14,9.9575781005369491e-15,1.47807903794742e-14,1.1667223498645201e-14,1.11220615879497e-14,7.7947306723606594e-15
6.2531231231231201,1.3509276539542901e-14,9.9794897745396192e-15,1.4840123194100399e-14,1.1695636705574399e-14,1.1152857251418599e-14,7.8104734528734892e-15
6.2731331331331299,1.35551025650044e-14,1.0001267838654e-14,1.4899293937671402e-14,1.1723835811594501e-14,1.11835537737963e-14,7.8261431184234094e-15
6.2931431431431397,1.3600778925235399e-14,1.0022912935168e-14,1.4958302116949099e-14,1.1751821647582199e-14,1.1214151395321601e-14,7.8417400094445002e-15
6.3131531531531504,1.3646305672215e-14,1.0044425705696501e-14,1.50171472470127e-14,1.1779595051299101e-14,1.1244650357137e-14,7.8572644649316801e-15
6.3331631631631602,1.3691682864586202e-14,1.0065806791119002e-14,1.5075828851234298e-14,1.1807156867167502e-14,1.1275050901252702e-14,7.8727168224382606e-15
6.35317317317317,1.3736910567542699e-14,1.0087056831519202e-14,1.5134346461254801e-14,1.1834507946050801e-14,1.1305353270512902e-14,7.8880974180737896e-15
6.3731831831831798,1.37819888527179e-14,1.0108176466125801e-14,1.5192699616960802e-14,1.18616491450355e-14,1.1335557708561202e-14,7.9034065865020994e-15
6.3931931931931896,1.38269177980747e-14,1.01291663332549e-14,1.52508878664606e-14,1.18885813272172e-14,1.13656644598078e-14,7.9186446609397499e-15
6.4132032032032003,1.3871697487797001e-14,1.0150027070254499e-14,1.53089107660624e-14,1.1915305361489201e-14,1.1395673769396599e-14,7.9338119731545608e-15
6.43321321321321,1.3916328012183099e-14,1.01707593134502e-14,1.5366767880250899e-14,1.19418221223341e-14,1.1425585883173901e-14,7.9489088534645503e-15
6.4532232232232198,1.3960809467539501e-14,1.01913636980921e-14,1.5424458781665703e-14,1.1968132489618499e-14,1.1455401047656601e-14,7.9639356307370799e-15
6.4732332332332296,1.4005141956077e-14,1.02118408583039e-14,1.54819830510787e-14,1.19942373483908e-14,1.14851195100019e-14,7.9788926323881203e-15
6.4932432432432403,1.4049325585807899e-14,1.0232191427032899e-14,1.5539340277372599e-14,1.2020137588681302e-14,1.1514741517977201e-14,7.9937801843818496e-15
6.5132532532532501,1.4093360470444601e-14,1.0252416036001899e-14,1.5596530057518598e-14,1.2045834105306302e-14,1.15442673199313e-14,8.0085986112305602e-15
6.5332632632632599,1.4137246729299303e-14,1.0272515315662e-14,1.5653551996554501e-14,1.2071327797674001e-14,1.15736971647648e-14,8.0233482359945288e-15
6.5532732732732697,1.41809844871854e-14,1.02924898951467e-14,1.5710405707563399e-14,1.20966195695942e-14,1.1603031301902599e-14,8.0380293802822997e-15
6.5732832832832804,1.4224573874320102e-14,1.03123404022284e-14,1.57670908116512e-14,1.21217103290899e-14,1.16322699812665e-14,8.0526423642511811e-15
6.5932932932932902,1.4268015026228101e-14,1.0332067463274699e-14,1.5823606937924497e-14,1.2146600988212801e-14,1.16614134532474e-14,8.0671875066077392e-15
6.6133033033033,1.4311308083646701e-14,1.03516717032071e-14,1.5879953723469101e-14,1.2171292462860701e-14,1.1690461968679799e-14,8.0816651246087103e-15
6.6333133133133098,1.4354453192432501e-14,1.03711537454605e-14,1.5936130813326898e-14,1.21957856725984e-14,1.1719415778815102e-14,8.0960755340619407e-15
6.6533233233233204,1.43974505034688e-14,1.0390514211944e-14,1.5992137860473998e-14,1.22200815404808e-14,1.1748275135297099e-14,8.1104190493276001e-15
6.6733333333333302,1.4440300172574701e-14,1.0409753723002899e-14,1.60479745257975e-14,1.2244180992879301e-14,1.1777040290136501e-14,8.1246959833195294e-15
6.69334334334334,1.4483002360414901e-14,1.04288728973817e-14,1.6103640478072797e-14,1.2268084959310601e-14,1.1805711495686799e-14,8.1389066475066996e-15
6.7133533533533498,1.4525557232411499e-14,1.0447872352188801e-14,1.6159135393940001e-14,1.2291794372268202e-14,1.18342890046208e-14,8.1530513519149298e-15
6.7333633633633596,1.4567964958656e-14,1.0466752702861499e-14,1.6214458957880501e-14,1.23153101670569e-14,1.1862773069906901e-14,8.1671304051287592e-15
6.7533733733733703,1.4610225713823403e-14,1.0485514563133e-14,1.62696108621931e-14,1.2338633281629401e-14,1.1891163944786501e-14,8.181144114293349e-15
6.7733833833833801,1.4652339677086902e-14,1.05041585449996e-14,1.6324590806969498e-14,1.2361764656426499e-14,1.1919461882751801e-14,8.1950927851166598e-15
6.7933933933933899,1.4694307032033899e-14,1.05226852586898e-14,1.6379398500069899e-14,1.23847052342188e-14,1.1947667137523601e-14,8.2089767218717493e-15
6.8134034034033997,1.47361279665831e-14,1.05410953126336e-14,1.6434033657097596e-14,1.2407455959952001e-14,1.19757799630302e-14,8.2227962273991509e-15
6.8334134134134104,1.4777802672902898e-14,1.0559389313433401e-14,1.64884960013736e-14,1.2430017780594101e-14,1.2003800613386299e-14,8.2365516031093905e-15
6.8534234234234201,1.48193313473305e-14,1.0577567865835799e-14,1.6542785263911e-14,1.2452391644985801e-14,1.2031729342872599e-14,8.2502431489857599e-15
6.8734334334334299,1.4860714190292701e-14,1.0595631572704101e-14,1.6596901183388302e-14,1.2474578503692601e-14,1.20595664059157e-14,8.2638711635870197e-15
6.8934434434434397,1.4901951406227098e-14,1.0613581034991799e-14,1.6650843506122599e-14,1.24965793088603e-14,1.20873120570684e-14,8.2774359440503714e-15
6.9134534534534504,1.4943043203504999e-14,1.0631416851717499e-14,1.6704611986042596e-14,1.25183950140726e-14,1.21149665509905e-14,8.2909377860944413e-15
6.9334634634634602,1.4983989794354802e-14,1.0649139619939901e-14,1.67582063846606e-14,1.2540026574211e-14,1.2142530142430098e-14,8.3043769840225193e-15
6.95347347347347,1.5024791394786801e-14,1.06667499347345e-14,1.6811626471044397e-14,1.2561474945317599e-14,1.2170003086204902e-14,8.3177538307257095e-15
6.9734834834834798,1.5065448224518802e-14,1.0684248389170302e-14,1.6864872021788499e-14,1.25827410844601e-14,1.2197385637184502e-14,8.3310686176863697e-15
6.9934934934934896,1.5105960506903101e-14,1.0701635574288199e-14,1.6917942820985101e-14,1.2603825949598901e-14,1.2224678050272702e-14,8.3443216349815702e-15
7.0135035035035003,1.5146328468853801e-14,1.0718912079079801e-14,1.6970838660194e-14,1.2624730499457599e-14,1.2251880580390001e-14,8.3575131712865894e-15
7.0335135135135101,1.51865523407759e-14,1.0736078490466701e-14,1.7023559338412799e-14,1.2645455693394501e-14,1.2278993482457099e-14,8.3706435138786595e-15
7.0535235235235199,1.52266323564948e-14,1.0753135393281302e-14,1.7076104662045601e-14,1.2666002491277499e-14,1.2306017011378e-14,8.3837129486406098e-15
7.0735335335335296,1.5266568753186899e-14,1.0770083370247701e-14,1.71284744448726e-14,1.26863718533609e-14,1.2332951422024201e-14,8.3967217600648106e-15
7.0935435435435403,1.5306361771311598e-14,1.0786923001963999e-14,1.7180668508017498e-14,1.27065647401647e-14,1.2359796969218699e-14,8.4096702312570215e-15
7.1135535535535501,1.5346011654543103e-14,1.0803654866884299e-14,1.72326866799156e-14,1.2726582112355999e-14,1.2386553907720301e-14,8.4225586439404111e-15
7.1335635635635599,1.53855186497047e-14,1.0820279541303099e-14,1.7284528796280999e-14,1.2746424930632601e-14,1.2413222492209099e-14,8.4353872784595792e-15
7.1535735735735697,1.54248830067025e-14,1.0836797599338299e-14,1.7336194700073499e-14,1.2766094155609101e-14,1.2439802977271102e-14,8.4481564137848602e-15
7.1735835835835804,1.54641049784611e-14,1.0853209612916801e-14,1.73876842414641e-14,1.2785590747704901e-14,1.24662956173841e-14,8.4608663275163594e-15
7.1935935935935902,1.5503184820859901e-14,1.0869516151759599e-14,1.7438997277801599e-14,1.2804915667034899e-14,1.24927006669033e-14,8.4735172958883798e-15
7.2136036036036,1.55421227926696e-14,1.0885717783367901e-14,1.7490133673577099e-14,1.2824069873301602e-14,1.25190183800478e-14,8.4861095937737404e-15
7.2336136136136098,1.5580919155490802e-14,1.09018150730099e-14,1.7541093300388702e-14,1.2843054325690299e-14,1.2545249010886701e-14,8.4986434946881906e-15
7.2536236236236196,1.5619574173692301e-14,1.09178085837081e-14,1.7591876036906e-14,1.2861869982765302e-14,1.2571392813326101e-14,8.5111192707949386e-15
7.2736336336336302,1.5658088114351301e-14,1.0933698876227401e-14,1.7642481768833802e-14,1.2880517802369199e-14,1.2597450041095999e-14,8.5235371929091488e-15
7.29364364364364,1.5696461247193198e-14,1.0949486509063599e-14,1.7692910388874702e-14,1.2898998741523799e-14,1.26234209477379e-14,8.5358975305025511e-15
7.3136536536536498,1.5734693844533701e-14,1.09651720384324e-14,1.7743161796692499e-14,1.2917313756332901e-14,1.26493057865922e-14,8.5482005517081705e-15
7.3336636636636596,1.57727861812203e-14,1.0980756018259302e-14,1.7793235898873999e-14,1.2935463801887701e-14,1.2675104810786402e-14,8.5604465233249496e-15
7.3536736736736703,1.5810738534575802e-14,1.0996239000170101e-14,1.7843132608890996e-14,1.2953449832173503e-14,1.27008182732228e-14,8.5726357108225204e-15
7.3736836836836801,1.5848551184341501e-14,1.1011621533481e-14,1.7892851847061398e-14,1.2971272799979102e-14,1.2726446426567698e-14,8.584768378346099e-15
7.3936936936936899,1.58862244126224e-14,1.1026904165190901e-14,1.79423935405103e-14,1.2988933656807599e-14,1.27519895232394e-14,8.5968447887211991e-15
7.4137037037036997,1.5923758503832102e-14,1.1042087439972301e-14,1.7991757623130099e-14,1.3006433352789e-14,1.27774478153976e-14,8.6088652034586801e-15
7.4337137137137104,1.5961153744638801e-14,1.1057171900164299e-14,1.8040944035540704e-14,1.3023772836595802e-14,1.2802821554932499e-14,8.6208298827595594e-15
7.4537237237237202,1.5998410423912599e-14,1.10721580857655e-14,1.8089952725048903e-14,1.3040953055359099e-14,1.28281109934544e-14,8.6327390855200598e-15
7.47373373373373,1.6035528832673098e-14,1.1087046534426701e-14,1.8138783645607801e-14,1.30579749545874e-14,1.28533163822832e-14,8.6445930693366103e-15
7.4937437437437397,1.6072509264037201e-14,1.1101837781445501e-14,1.8187436757774901e-14,1.3074839478087102e-14,1.2878437972438901e-14,8.6563920905108701e-15
7.5137537537537504,1.6109352013168701e-14,1.111653235976e-14,1.8235912028671302e-14,1.3091547567884701e-14,1.2903476014630902e-14,8.6681364040548511e-15
7.5337637637637602,1.6146057377228201e-14,1.1131130799943701e-14,1.8284209431938701e-14,1.3108100164151e-14,1.29284307592494e-14,8.6798262636960298e-15
7.55377377377377,1.6182625655323198e-14,1.11456336302008e-14,1.8332328947697499e-14,1.3124498205126699e-14,1.29533024563553e-14,8.6914619218824689e-15
7.5737837837837798,1.62190571484598e-14,1.11600413763616e-14,1.8380270562503903e-14,1.3140742627050099e-14,1.2978091355671801e-14,8.7030436297880201e-15
7.5937937937937896,1.6255352159494197e-14,1.11743545618783e-14,1.84280342693066e-14,1.3156834364086501e-14,1.3002797706574701e-14,8.7145716373174994e-15
7.6138038038038003,1.6291510993085803e-14,1.1188573707821801e-14,1.8475620067403198e-14,1.3172774348259299e-14,1.3027421758084401e-14,8.7260461931119598e-15
7.6338138138138101,1.63275339556503e-14,1.1202699332878302e-14,1.8523027962396399e-14,1.31885635093823e-14,1.3051963758857102e-14,8.7374675445538913e-15
7.6538238238238199,1.6363421355313499e-14,1.1216731953346499e-14,1.8570257966149901e-14,1.32042027749945e-14,1.3076423957176502e-14,8.7488359377725206e-15
7.6738338338338297,1.6399173501866198e-14,1.12306720831349e-14,1.8617310096743499e-14,1.3219693070296201e-14,1.31008026009458e-14,8.7601516176491313e-15
7.6938438438438403,1.64347907067196e-14,1.1244520233760299e-14,1.8664184378428801e-14,1.32350353180859e-14,1.312509993768e-14,8.7714148278223299e-15
7.7138538538538501,1.6470273282860898e-14,1.1258276914345201e-14,1.8710880841583603e-14,1.3250230438700601e-14,1.3149316214497799e-14,8.7826258106934297e-15
7.7338638638638599,1.6505621544810297e-14,1.1271942631617399e-14,1.8757399522666601e-14,1.32652793499557e-14,1.3173451678114601e-14,8.793784807431759e-15
7.7538738738738697,1.6540835808577997e-14,1.12855178899083e-14,1.88037404641717e-14,1.32801829670878e-14,1.3197506574835e-14,8.8048920579800607e-15
7.7738838838838804,1.65759163916219e-14,1.1299003191152202e-14,1.8849903714582102e-14,1.3294942202698401e-14,1.32214811505453e-14,8.8159478010598516e-15
7.7938938938938902,1.6610863612806397e-14,1.1312399034886301e-14,1.8895889328323999e-14,1.3309557966699499e-14,1.32453756507073e-14,8.8269522741768402e-15
7.8139039039039,1.6645677792361497e-14,1.1325705918250399e-14,1.8941697365720201e-14,1.3324031166260399e-14,1.3269190320351001e-14,8.8379057136262895e-15
7.8339139139139098,1.6680359251841998e-14,1.1338924335987e-14,1.8987327892943199e-14,1.3338362705755699e-14,1.3292925404067999e-14,8.8488083544984917e-15
7.8539239239239196,1.6714908314088398e-14,1.13520547804419e-14,1.90327809819687e-14,1.33525534867157e-14,1.33165811460054e-14,8.8596604306841404e-15
7.8739339339339303,1.67493253031872e-14,1.13650977415654e-14,1.90780567105279e-14,1.33666044077771e-14,1.3340157789859499e-14,8.8704621748798097e-15
7.8939439439439401,1.6783610544432902e-14,1.1378053706912701e-14,1.9123155162060601e-14,1.3380516364635899e-14,1.33636555788693e-14,8.8812138185933694e-15
7.9139539539539498,1.6817764364289399e-14,1.1390923161645801e-14,1.91680764256675e-14,1.33942902500012e-14,1.3387074755810999e-14,8.8919155921494404e-15
7.9339639639639596,1.6851787090353e-14,1.1403706588535201e-14,1.9212820596062399e-14,1.3407926953550799e-14,1.34104155629921e-14,8.9025677246948712e-15
7.9539739739739703,1.6885679051315496e-14,1.14164044679613e-14,1.92573877735247e-14,1.3421427361887599e-14,1.3433678242245798e-14,8.9131704442041493e-15
7.9739839839839801,1.6919440576927701e-14,1.1429017277916899e-14,1.9301778063850704e-14,1.34347923584975e-14,1.34568630349252e-14,8.9237239774849093e-15
7.9939939939939899,1.6953071997963696e-14,1.1441545494009699e-14,1.93459915783063e-14,1.34480228237095e-14,1.34799701818987e-14,8.934228550183401e-15
8.0140040040040006,1.69865736461859e-14,1.1453989589464699e-14,1.93900284335779e-14,1.3461119634654999e-14,1.3502999923544098e-14,8.944684386789901e-15
8.0340140140140104,1.7019945854309798e-14,1.1466350035127299e-14,1.9433888751724198e-14,1.3474083665231e-14,1.3525952499744e-14,8.9550917106442396e-15
8.0540240240240202,1.7053188955970398e-14,1.14786272994662e-14,1.9477572660127998e-14,1.3486915786061999e-14,1.3548828149880501e-14,8.9654507439412394e-15
8.07403403403403,1.70863032856878e-14,1.1490821848576799e-14,1.9521080291446801e-14,1.3499616864465098e-14,1.35716271128311e-14,8.9757617077362195e-15
8.0940440440440398,1.7119289178835003e-14,1.1502934146184801e-14,1.9564411783564801e-14,1.3512187764415e-14,1.35943496269633e-14,8.9860248219503915e-15
8.1140540540540496,1.7152146971604298e-14,1.1514964653650001e-14,1.9607567279543597e-14,1.3524629346511099e-14,1.36169959301308e-14,8.9962403053764006e-15
8.1340640640640594,1.71848770009758e-14,1.15269138299699e-14,1.9650546927573099e-14,1.35369424679447e-14,1.36395662596687e-14,9.0064083756837293e-15
8.1540740740740691,1.7217479604685503e-14,1.15387821317845e-14,1.9693350880923098e-14,1.3549127982468701e-14,1.3662060852389299e-14,9.0165292494242001e-15
8.1740840840840807,1.7249955121194002e-14,1.15505700133799e-14,1.9735979297893597e-14,1.35611867403671e-14,1.36844799445783e-14,9.0266031420373893e-15
8.1940940940940905,1.7282303889656098e-14,1.15622779266936e-14,1.9778432341765998e-14,1.3573119588426402e-14,1.3706823771990302e-14,9.0366302678561011e-15
8.2141041041041003,1.7314526249890198e-14,1.1573906321318302e-14,1.98207101807541e-14,1.3584927369908099e-14,1.3729092569845601e-14,9.046610840111789e-15
8.2341141141141101,1.7346622542348801e-14,1.1585455644507801e-14,1.98628129879545e-14,1.35966109245214e-14,1.37512865728257e-14,9.0565450709400099e-15
8.2541241241241199,1.73785931080893e-14,1.1596926341181299e-14,1.9904740941297598e-14,1.3608171088398402e-14,1.3773406015070299e-14,9.0664331713858498e-15
8.2741341341341297,1.7410438288744799e-14,1.1608318853928801e-14,1.99464942234985e-14,1.3619608694068901e-14,1.3795451130173499e-14,9.0762753514093309e-15
8.2941441441441395,1.7442158426495902e-14,1.16196336230167e-14,1.99880730220074e-14,1.36309245704369e-14,1.3817422151180199e-14,9.08607181989084e-15
8.3141541541541493,1.7473753864043e-14,1.1630871086393299e-14,2.0029477528960801e-14,1.36421195427583e-14,1.38393193105833e-14,9.0958227846365109e-15
8.3341641641641608,1.7505224944578199e-14,1.16420316796941e-14,2.0070707941132099e-14,1.3653194432619001e-14,1.386114284032e-14,9.105528452383681e-15
8.3541741741741706,1.7536572011758703e-14,1.16531158362482e-14,2.0111764459882103e-14,1.3664150057914401e-14,1.3882892971769101e-14,9.1151890288061599e-15
8.3741841841841804,1.7567795409679999e-14,1.1664123987083801e-14,2.0152647291110498e-14,1.36749872328295e-14,1.3904569935747502e-14,9.1248047185197414e-15
8.3941941941941902,1.7598895482849702e-14,1.16750565609347e-14,2.01933566452059e-14,1.36857067678204e-14,1.3926173962507899e-14,9.1343757250874388e-15
8.4142042042042,1.76298725761614e-14,1.1685913984246401e-14,2.02338927369975e-14,1.3696309469596199e-14,1.39477052817358e-14,9.1439022510249596e-15
8.4342142142142098,1.7660727034869898e-14,1.16966966811822e-14,2.02742557857056e-14,1.37067961411019e-14,1.39691641225467e-14,9.15338449780594e-15
8.4542242242242196,1.7691459204565502e-14,1.1707405073630199e-14,2.0314446014892698e-14,1.37171675815025e-14,1.3990550713483301e-14,9.1628226658673395e-15
8.4742342342342294,1.7722069431150002e-14,1.1718039581209601e-14,2.0354463652414601e-14,1.3727424586167797e-14,1.40118652825136e-14,9.1722169546147404e-15
8.4942442442442498,1.7752558060811902e-14,1.17286006212776e-14,2.0394308930371498e-14,1.37375679466576e-14,1.40331080570279e-14,9.1815675624276298e-15
8.5142542542542508,1.77829254400031e-14,1.1739088608936102e-14,2.04339820850593e-14,1.37475984507084e-14,1.4054279263836901e-14,9.1908746866647199e-15
8.5342642642642605,1.7813171915415297e-14,1.17495039570386e-14,2.0473483356920799e-14,1.3757516882220599e-14,1.4075379129169101e-14,9.2001385236692097e-15
8.5542742742742703,1.7843297833956801e-14,1.17598470761979e-14,2.0512812990497098e-14,1.3767324021246301e-14,1.4096407878669002e-14,9.2093592687740498e-15
8.5742842842842801,1.7873303542729899e-14,1.1770118374792299e-14,2.0551971234379499e-14,1.3777020643978401e-14,1.4117365737394601e-14,9.2185371163071897e-15
8.5942942942942899,1.7903189389008701e-14,1.1780318258973502e-14,2.0590958341160302e-14,1.3786607522739599e-14,1.41382529298159e-14,9.227672259596791e-15
8.6143043043042997,1.7932955720217101e-14,1.17904471326739e-14,2.0629774567385302e-14,1.3796085425973401e-14,1.4159069679812601e-14,9.2367648909764699e-15
8.6343143143143095,1.7962602883907097e-14,1.1800505397614101e-14,2.0668420173505102e-14,1.38054551182345e-14,1.4179816210672599e-14,9.24581520179051e-15
8.6543243243243193,1.7992131227737699e-14,1.1810493453310001e-14,2.0706895423827501e-14,1.3814717360180999e-14,1.420049274509e-14,9.2548233823989995e-15
8.6743343343343309,1.8021541099454e-14,1.1820411697080999e-14,2.0745200586469198e-14,1.3823872908566501e-14,1.4221099505163498e-14,9.2637896221830596e-15
8.6943443443443407,1.8050832846866701e-14,1.1830260524057401e-14,2.0783335933308099e-14,1.3832922516233399e-14,1.42416367123948e-14,9.2727141095499391e-15
8.7143543543543505,1.80800068178316e-14,1.1840040327188199e-14,2.0821301739935899e-14,1.3841866932106602e-14,1.4262104587687201e-14,9.2815970319381986e-15
8.7343643643643603,1.8109063360230498e-14,1.1849751497249201e-14,2.0859098285610398e-14,1.3850706901188302e-14,1.4282503351344e-14,9.2904385758228101e-15
8.75437437437437,1.8138002821950899e-14,1.18593944228507e-14,2.0896725853208199e-14,1.3859443164552701e-14,1.4302833223067199e-14,9.2992389267202416e-15
8.7743843843843798,1.81668255508669e-14,1.18689694904454e-14,2.0934184729177301e-14,1.38680764593419e-14,1.4323094421956003e-14,9.3079982691936004e-15
8.7943943943943896,1.8195531894820996e-14,1.18784770843369e-14,2.0971475203490701e-14,1.38766075187624e-14,1.4343287166506102e-14,9.3167167868576209e-15
8.8144044044043994,1.8224122201604801e-14,1.1887917586687399e-14,2.1008597569598702e-14,1.38850370720819e-14,1.4363411674607599e-14,9.32539466238376e-15
8.8344144144144199,1.82525968189411e-14,1.1897291377526401e-14,2.10455521243829e-14,1.3893365844627099e-14,1.4383468163545e-14,9.3340320775052506e-15
8.8544244244244208,1.8280956094466201e-14,1.1906598834758199e-14,2.1082339168109299e-14,1.39015945577816e-14,1.4403456849995e-14,9.3426292130220499e-15
8.8744344344344306,1.8309200375711703e-14,1.19158403341711e-14,2.11189590043823e-14,1.3909723928984801e-14,1.4423377950026603e-14,9.3511862488059e-15
8.8944444444444404,1.8337330010087803e-14,1.19250162494451e-14,2.1155411940098003e-14,1.3917754671731099e-14,1.4443231679099403e-14,9.3597033638052287e-15
8.9144544544544502,1.8365345344865899e-14,1.19341269521608e-14,2.1191698285398803e-14,1.3925687495569901e-14,1.4463018252063001e-14,9.3681807360502206e-15
8.93446446446446,1.83932467271621e-14,1.1943172811807401e-14,2.1227818353627499e-14,1.39335231061057e-14,1.4482737883156401e-14,9.3766185426576108e-15
8.9544744744744698,1.84210345039207e-14,1.19521541957916e-14,2.12637724612815e-14,1.3941262204999102e-14,1.4502390786006699e-14,9.3850169598357096e-15
8.9744844844844796,1.8448709021898102e-14,1.1961071469446101e-14,2.1299560927967497e-14,1.3948905489968401e-14,1.4521977173629098e-14,9.3933761628892815e-15
8.9944944944944893,1.8476270627646899e-14,1.19699249960381e-14,2.1335184076356598e-14,1.3956453654790999e-14,1.4541497258425701e-14,9.4016963262243796e-15
9.0145045045044991,1.85037196675004e-14,1.19787151367779e-14,2.1370642232139101e-14,1.39639073893065e-14,1.4560951252185199e-14,9.4099776233532493e-15
9.0345145145145107,1.8531056487557199e-14,1.1987442250827701e-14,2.1405935723979601e-14,1.3971267379418701e-14,1.45803393660824e-14,9.4182202268991702e-15
9.0545245245245205,1.8558281433666301e-14,1.19961066953104e-14,2.1441064883473101e-14,1.39785343070995e-14,1.4599661810677504e-14,9.4264243086012398e-15
9.0745345345345303,1.8585394851412601e-14,1.2004708825318199e-14,2.1476030045099802e-14,1.3985708850392701e-14,1.46189187959158e-14,9.4345900393191998e-15
9.0945445445445401,1.8612397086101602e-14,1.20132489939215e-14,2.15108315461817e-14,1.39927916834177e-14,1.4638110531127499e-14,9.4427175890381989e-15
9.1145545545545499,1.86392884827462e-14,1.2021727552177599e-14,2.1545469726838501e-14,1.39997834763746e-14,1.4657237225026899e-14,9.4508071268736006e-15
9.1345645645645597,1.8666069386052098e-14,1.2030144849139499e-14,2.1579944929943903e-14,1.4006684895549099e-14,1.4676299085712701e-14,9.4588588210756294e-15
9.1545745745745695,1.8692740140404101e-14,1.2038501231865099e-14,2.1614257501082301e-14,1.4013496603318001e-14,1.4695296320667399e-14,9.4668728390341797e-15
9.1745845845845899,1.8719301089853e-14,1.2046797045425701e-14,2.1648407788505398e-14,1.4020219258154999e-14,1.4714229136756999e-14,9.4748493472834698e-15
9.1945945945945908,1.8745752578102102e-14,1.2055032632915198e-14,2.1682396143089703e-14,1.4026853514637101e-14,1.4733097740231299e-14,9.4827885115067108e-15
9.2146046046046006,1.8772094948494404e-14,1.2063208335458899e-14,2.1716222918293302e-14,1.4033400023451001e-14,1.4751902336723499e-14,9.4906904965408003e-15
9.2346146146146104,1.87983285439998e-14,1.20713244922224e-14,2.1749888470113699e-14,1.4039859431400401e-14,1.4770643131250202e-14,9.4985554663809195e-15
9.2546246246246202,1.8824453707202497e-14,1.20793814404209e-14,2.17833931570456e-14,1.4046232381413199e-14,1.4789320328211198e-14,9.5063835841851799e-15
9.27463463463463,1.8850470780288998e-14,1.2087379515327601e-14,2.18167373400389e-14,1.40525195125491e-14,1.4807934131390001e-14,9.5141750122791608e-15
9.2946446446446398,1.8876380105036002e-14,1.20953190502834e-14,2.1849921382456697e-14,1.4058721460008001e-14,1.4826484743953301e-14,9.5219299121605698e-15
9.3146546546546496,1.8902182022798599e-14,1.2103200376705501e-14,2.1882945650034298e-14,1.4064838855138202e-14,1.4844972368451699e-14,9.5296484445036906e-15
9.33466466466467,1.8927876874498599e-14,1.2111023824096601e-14,2.1915810510837699e-14,1.40708723254452e-14,1.4863397206819298e-14,9.537330769164051e-15
9.3546746746746798,1.8953465000613398e-14,1.21187897200535e-14,2.1948516335222598e-14,1.4076822494600401e-14,1.4881759460374198e-14,9.5449770451827496e-15
9.3746846846846807,1.8978946741164701e-14,1.2126498390277001e-14,2.1981063495793701e-14,1.40826899824511e-14,1.4900059329818501e-14,9.5525874307911097e-15
9.3946946946946905,1.9004322435707599e-14,1.2134150158580202e-14,2.2013452367364401e-14,1.4088475405029599e-14,1.4918297015239103e-14,9.5601620834150498e-15
9.4147047047047003,1.9029592423320299e-14,1.2141745346897901e-14,2.20456833269164e-14,1.40941793745633e-14,1.4936472716106998e-14,9.5677011596795705e-15
9.4347147147147101,1.9054757042593002e-14,1.21492842752956e-14,2.2077756753559799e-14,1.4099802499485002e-14,1.4954586631278802e-14,9.5752048154131404e-15
9.4547247247247199,1.9079816631617899e-14,1.21567672619787e-14,2.2109673028493598e-14,1.4105345384443399e-14,1.4972638958996102e-14,9.5826732056521712e-15
9.4747347347347297,1.9104771527979399e-14,1.2164194623301201e-14,2.2141432534966003e-14,1.41108086303137e-14,1.49906298968865e-14,9.5901064846453098e-15
9.4947447447447395,1.91296220687439e-14,1.2171566673775301e-14,2.2173035658235597e-14,1.4116192834208701e-14,1.5008559641963599e-14,9.5975048058578296e-15
9.51475475475476,1.9154368590450001e-14,1.21788837260801e-14,2.2204482785532004e-14,1.41214985894903e-14,1.5026428390627799e-14,9.6048683219760403e-15
9.5347647647647609,1.9179011429099701e-14,1.21861460910707e-14,2.22357743060179e-14,1.4126726485780501e-14,1.5044236338666802e-14,9.6121971849114795e-15
9.5547747747747707,1.9203550920148401e-14,1.2193354077787602e-14,2.226691061075e-14,1.41318771089737e-14,1.50619836812557e-14,9.6194915458053104e-15
9.5747847847847805,1.9227987398496201e-14,1.2200507993465199e-14,2.2297892092641399e-14,1.41369510412485e-14,1.5079670612957999e-14,9.6267515550325399e-15
9.5947947947947902,1.9252321198478898e-14,1.2207608143541399e-14,2.2328719146423702e-14,1.4141948861079501e-14,1.5097297327725902e-14,9.6339773622062997e-15
9.6148048048048,1.9276552653859201e-14,1.2214654831666501e-14,2.2359392168609503e-14,1.4146871143250501e-14,1.5114864018901199e-14,9.6411691161820692e-15
9.6348148148148098,1.9300682097818501e-14,1.2221648359712101e-14,2.2389911557454702e-14,1.41517184588665e-14,1.5132370879215601e-14,9.6483269650618697e-15
9.6548248248248196,1.9324709862948198e-14,1.2228589027780098e-14,2.2420277712922401e-14,1.41564913753665e-14,1.5149818100791702e-14,9.6554510561985e-15
9.6748348348348401,1.9348636281241601e-14,1.22354771342122e-14,2.24504910366452e-14,1.41611904565372e-14,1.51672058751433e-14,9.6625415361996499e-15
9.6948448448448499,1.93724616840861e-14,1.22423129755983e-14,2.2480551931889501e-14,1.4165816262525401e-14,1.51845343931764e-14,9.6695985509320497e-15
9.7148548548548508,1.9396186402255101e-14,1.2249096846786001e-14,2.2510460803518798e-14,1.4170369349852001e-14,1.5201803845189999e-14,9.6766222455256695e-15
9.7348648648648606,1.9419810765900702e-14,1.2255829040889399e-14,2.2540218057958298e-14,1.4174850271425101e-14,1.5219014420876599e-14,9.6836127643777196e-15
9.7548748748748704,1.9443335104545801e-14,1.2262509849298101e-14,2.2569824103158901e-14,1.4179259576554202e-14,1.5236166309323199e-14,9.69057025115681e-15
9.7748848848848802,1.9466759747077099e-14,1.2269139561686199e-14,2.2599279348561996e-14,1.4183597810963601e-14,1.5253259699012098e-14,9.6974948488069603e-15
9.79489489489489,1.9490085021737903e-14,1.2275718466021199e-14,2.2628584205064398e-14,1.4187865516807002e-14,1.52702947778216e-14,9.7043866995516695e-15
9.8149049049048998,1.95133112561209e-14,1.2282246848573e-14,2.2657739084983599e-14,1.41920632326814e-14,1.5287271733027002e-14,9.7112459448979397e-15
9.8349149149149095,1.9536438777161702e-14,1.2288724993923101e-14,2.26867444020233e-14,1.4196191493641202e-14,1.5304190751301399e-14,9.7180727256402609e-15
9.85492492492493,1.9559467911131801e-14,1.2295153184973e-14,2.27156005712391e-14,1.4200250831213501e-14,1.53210520187166e-14,9.7248671818645701e-15
9.8749349349349291,1.9582398983632301e-14,1.2301531702953299e-14,2.2744308009004399e-14,1.4204241773411901e-14,1.5337855720744204e-14,9.7316294529522599e-15
9.8949449449449407,1.9605232319587496e-14,1.2307860827433e-14,2.2772867132977098e-14,1.4208164844751701e-14,1.5354602042256401e-14,9.7383596775840204e-15
9.9149549549549505,1.9627968243238401e-14,1.2314140836327801e-14,2.2801278362065798e-14,1.42120205662647e-14,1.5371291167526802e-14,9.7450579937438591e-15
9.9349649649649603,1.9650607078137198e-14,1.2320372005909202e-14,2.2829542116397098e-14,1.4215809455514201e-14,1.5387923280231701e-14,9.7517245387229507e-15
9.9549749749749701,1.9673149147140697e-14,1.23265546108132e-14,2.2857658817282401e-14,1.4219532026610298e-14,1.5404498563450901e-14,9.7583594491234505e-15
9.9749849849849799,1.9695594772405e-14,1.23326889240494e-14,2.2885628887185597e-14,1.42231887902248e-14,1.5421017199668999e-14,9.7649628608624588e-15
9.9949949949949897,1.9717944275379801e-14,1.2338775217009498e-14,2.2913452749690402e-14,1.4226780253606802e-14,1.54374793707761e-14,9.771534909175759e-15
10.015005005004999,1.9740197976802701e-14,1.2344813759476202e-14,2.2941130829469101e-14,1.4230306920597901e-14,1.5453885258068797e-14,9.7780757286216609e-15
10.035015015015,1.9762356196693699e-14,1.23508048196319e-14,2.2968663552249899e-14,1.4233769291648301e-14,1.5470235042251801e-14,9.7845854530847916e-15
10.055025025025,1.97844192543507e-14,1.23567486640674e-14,2.2996051344786301e-14,1.42371678638315e-14,1.5486528903438401e-14,9.7910642157798492e-15
10.075035035035,1.98063874683434e-14,1.2362645557790598e-14,2.3023294634825299e-14,1.4240503130861001e-14,1.5502767021152198e-14,9.7975121492553797e-15
10.095045045045,1.9828261156509098e-14,1.2368495764235301e-14,2.3050393851077004e-14,1.4243775583105401e-14,1.5518949574327601e-14,9.8039293853974597e-15
10.1150550550551,1.9850040635947701e-14,1.2374299545269701e-14,2.3077349423183396e-14,1.4246985707604502e-14,1.5535076741311401e-14,9.8103160554334494e-15
10.135065065065101,1.9871726223016598e-14,1.23800571612052e-14,2.31041617816889e-14,1.4250133988085402e-14,1.5551148699863898e-14,9.8166722899356706e-15
10.1550750750751,1.9893318233326502e-14,1.2385768870804701e-14,2.3130831358009401e-14,1.42532209049784e-14,1.5567165627159597e-14,9.8229982188250004e-15
10.175085085085099,1.9914816981737101e-14,1.2391434931291601e-14,2.3157358584402899e-14,1.4256246935432802e-14,1.5583127699789298e-14,9.8292939713746297e-15
10.1950950950951,1.9936222782352001e-14,1.23970555983579e-14,2.3183743893940103e-14,1.42592125533337e-14,1.5599035093760301e-14,9.8355596762136302e-15
10.215105105105099,1.9957535948515598e-14,1.24026311261732e-14,2.3209987720474801e-14,1.4262118229317401e-14,1.56148879844984e-14,9.8417954613305503e-15
10.2351151151151,1.9978756792807801e-14,1.2408161767392601e-14,2.3236090498615499e-14,1.4264964430788499e-14,1.5630686546848702e-14,9.8480014540769992e-15
10.255125125125099,1.9999885627040901e-14,1.2413647773165901e-14,2.3262052663695901e-14,1.42677516219354e-14,1.5646430955077003e-14,9.8541777811712809e-15
10.2751351351351,2.0020922762255502e-14,1.2419089393145399e-14,2.3287874651747299e-14,1.42704802637472e-14,1.56621213828708e-14,9.8603245687018205e-15
10.295145145145099,2.0041868508716497e-14,1.2424486875494701e-14,2.3313556899470003e-14,1.4273150814030099e-14,1.5677758003341103e-14,9.866441942130811e-15
10.3151551551552,2.00627231759097e-14,1.24298404668969e-14,2.3339099844205401e-14,1.4275763727423499e-14,1.5693340989023198e-14,9.8725300262976189e-15
10.335165165165201,2.0083487072538201e-14,1.2435150412563201e-14,2.3364503923908599e-14,1.4278319455416598e-14,1.5708870511878e-14,9.8785889454223597e-15
10.3551751751752,2.0104160506519001e-14,1.2440416956240801e-14,2.3389769577121102e-14,1.4280818446365001e-14,1.5724346743293701e-14,9.8846188231092695e-15
10.375185185185201,2.0124743784979601e-14,1.2445640340221699e-14,2.3414897242943401e-14,1.4283261145507401e-14,1.5739769854086801e-14,9.89061978235025e-15
10.3951951951952,2.0145237214254799e-14,1.24508208053507e-14,2.3439887361008603e-14,1.4285647994981601e-14,1.57551400145032e-14,9.8965919455282195e-15
10.415205205205201,2.0165641099883599e-14,1.2455958591033501e-14,2.3464740371455602e-14,1.4287979433841801e-14,1.5770457394220201e-14,9.9025354344205606e-15
10.4352152152152,2.0185955746606501e-14,1.2461053935245401e-14,2.3489456714902901e-14,1.4290255898074702e-14,1.5785722162347298e-14,9.9084503702024803e-15
10.455225225225201,2.0206181458361797e-14,1.2466107074538799e-14,2.3514036832422702e-14,1.4292477820616299e-14,1.5800934487427597e-14,9.9143368734504309e-15
10.4752352352352,2.0226318538283801e-14,1.2471118244052199e-14,2.3538481165515099e-14,1.4294645631368601e-14,1.58160945374394e-14,9.9201950641453803e-15
10.495245245245201,2.0246367288699201e-14,1.2476087677517399e-14,2.3562790156082598e-14,1.4296759757216103e-14,1.58312024797974e-14,9.9260250616762105e-15
10.515255255255299,2.0266328011125002e-14,1.24810156072684e-14,2.3586964246404999e-14,1.4298820622042702e-14,1.58462584813541e-14,9.9318269848430294e-15
10.5352652652653,2.0286201006265897e-14,1.24859022642488e-14,2.3611003879114301e-14,1.4300828646748101e-14,1.58612627084013e-14,9.937600951860389e-15
10.555275275275299,2.0305986574011499e-14,1.24907478780203e-14,2.3634909497170099e-14,1.43027842492646e-14,1.5876215326671303e-14,9.9433470803606892e-15
10.5752852852853,2.0325685013434599e-14,1.24955526767707e-14,2.3658681543835402e-14,1.4304687844574003e-14,1.5891116501338501e-14,9.9490654873972897e-15
10.595295295295299,2.0345296622788501e-14,1.2500316887321298e-14,2.3682320462651896e-14,1.4306539844723799e-14,1.5905966397020699e-14,9.9547562894478194e-15
10.6153053053053,2.03648216995047e-14,1.25050407351356e-14,2.3705826697416699e-14,1.43083406588443e-14,1.5920765177780402e-14,9.9604196024174291e-15
10.6353153153153,2.0384260540191299e-14,1.25097244443266e-14,2.3729200692158204e-14,1.4310090693165101e-14,1.5935513007126698e-14,9.9660555416419107e-15
10.6553253253253,2.0403613440630801e-14,1.2514368237664799e-14,2.37524428911129e-14,1.4311790351031801e-14,1.5950210048016001e-14,9.9716642218909509e-15
10.6753353353353,2.0422880695777999e-14,1.25189723365865e-14,2.37755537387025e-14,1.4313440032922403e-14,1.5964856462854299e-14,9.9772457573712198e-15
10.6953453453453,2.0442062599758303e-14,1.2523536961200901e-14,2.3798533679510401e-14,1.4315040136464602e-14,1.5979452413497801e-14,9.9828002617296197e-15
10.715355355355401,2.0461159445866198e-14,1.2528062330298301e-14,2.38213831582597e-14,1.43165910564516e-14,1.5993998061254901e-14,9.9883278480562703e-15
10.7353653653654,2.04801715265633e-14,1.2532548661357701e-14,2.38441026197905e-14,1.4318093184859199e-14,1.6008493566887601e-14,9.9938286288877491e-15
10.755375375375399,2.0499099133476801e-14,1.2536996170554699e-14,2.38666925090379e-14,1.4319546910862503e-14,1.6022939090612898e-14,9.9993027162101301e-15
10.7753853853854,2.05179425573982e-14,1.2541405072768801e-14,2.3889153271009703e-14,1.4320952620852003e-14,1.6037334792103998e-14,1.0004750221462001e-14
10.795395395395399,2.0536702088281399e-14,1.25457755815914e-14,2.3911485350765698e-14,1.43223106984505e-14,1.6051680830492398e-14,1.0010171255537601e-14
10.8154054054054,2.0555378015242098e-14,1.2550107909333001e-14,2.3933689193395401e-14,1.4323621524529599e-14,1.6065977364368601e-14,1.00155659287899e-14
10.835415415415399,2.0573970626555698e-14,1.2554402267031299e-14,2.39557652439971e-14,1.43248854772261e-14,1.6080224551784301e-14,1.00209343510334e-14
10.8554254254254,2.0592480209656698e-14,1.2558658864458201e-14,2.3977713947657401e-14,1.4326102931958401e-14,1.6094422550253497e-14,1.0026276631547399e-14
10.875435435435399,2.0610907051137101e-14,1.2562877910127802e-14,2.3999535749430198e-14,1.4327274261443299e-14,1.6108571516754199e-14,1.0031592879078698e-14
10.8954454454454,2.0629251436745802e-14,1.2567059611303502e-14,2.40212310943161e-14,1.4328399835711899e-14,1.6122671607729496e-14,1.0036883201844999e-14
10.915455455455501,2.0647513651387301e-14,1.2571204174005299e-14,2.4042800427242802e-14,1.4329480022126301e-14,1.6136722979089801e-14,1.0042147707537199e-14
10.9354654654655,2.06656939791208e-14,1.25753118030179e-14,2.4064244193044702e-14,1.4330515185395899e-14,1.6150725786213597e-14,1.0047386503323099e-14
10.955475475475501,2.0683792703159399e-14,1.25793827018973e-14,2.4085562836443303e-14,1.4331505687593901e-14,1.6164680183949297e-14,1.00525996958497e-14
10.9754854854855,2.0701810105869401e-14,1.25834170729784e-14,2.4106756802028002e-14,1.4332451888172799e-14,1.61785863266171e-14,1.0057787391246201e-14
10.995495495495501,2.0719746468769303e-14,1.2587415117382599e-14,2.4127826534236504e-14,1.43333541439818e-14,1.61924443680098e-14,1.0062949695127399e-14
11.0155055055055,2.0737602072529299e-14,1.2591377035024501e-14,2.4148772477336102e-14,1.4334212809282002e-14,1.6206254461394801e-14,1.0068086712595601e-14
11.035515515515501,2.0755377196970901e-14,1.2595303024619599e-14,2.4169595075404803e-14,1.4335028235763001e-14,1.6220016759515601e-14,1.00731985482446e-14
11.0555255255255,2.0773072121066002e-14,1.2599193283691301e-14,2.4190294772312799e-14,1.4335800772559001e-14,1.6233731414593101e-14,1.00782853061614e-14
11.075535535535501,2.0790687122936502e-14,1.2603048008578002e-14,2.42108720117043e-14,1.4336530766264703e-14,1.6247398578327301e-14,1.00833470899299e-14
11.0955455455455,2.0808222479854098e-14,1.2606867394440299e-14,2.4231327236979299e-14,1.43372185609515e-14,1.6261018401899001e-14,1.00883840026333e-14
11.1155555555556,2.08256784682398e-14,1.26106516352681e-14,2.42516608912759e-14,1.4337864498183302e-14,1.6274591035970801e-14,1.0093396146856899e-14
11.135565565565599,2.08430553636635e-14,1.2614400923887701e-14,2.4271873417452497e-14,1.4338468917032501e-14,1.62881166306894e-14,1.0098383624690598e-14
11.1555755755756,2.0860353440843799e-14,1.2618115451968701e-14,2.4291965258070499e-14,1.4339032154095899e-14,1.6301595335686402e-14,1.0103346537732501e-14
11.175585585585599,2.08775729736479e-14,1.2621795410030901e-14,2.4311936855377399e-14,1.43395545435105e-14,1.63150273000804e-14,1.01082849870905e-14
11.1955955955956,2.0894714235091597e-14,1.26254409874516e-14,2.4331788651289403e-14,1.4340036416969201e-14,1.6328412672478101e-14,1.0113199073386001e-14
11.215605605605599,2.09117774973387e-14,1.26290523724723e-14,2.4351521087374902e-14,1.4340478103736699e-14,1.6341751600976297e-14,1.0118088896755898e-14
11.2356156156156,2.0928763031701601e-14,1.26326297522054e-14,2.4371134604838102e-14,1.4340879930665e-14,1.6355044233163102e-14,1.0122954556855698e-14
11.2556256256256,2.0945671108640701e-14,1.2636173312641299e-14,2.43906296445025e-14,1.4341242222208901e-14,1.6368290716119599e-14,1.01277961528621e-14
11.2756356356356,2.0962501997765003e-14,1.2639683238655302e-14,2.44100066467949e-14,1.4341565300442e-14,1.6381491196421501e-14,1.01326137834753e-14
11.2956456456456,2.0979255967832203e-14,1.2643159714014001e-14,2.4429266051729705e-14,1.4341849485071802e-14,1.6394645820140398e-14,1.0137407546922199e-14
11.3156556556557,2.0995933286748199e-14,1.2646602921382502e-14,2.4448408298893104e-14,1.4342095093455102e-14,1.6407754732845704e-14,1.0142177540958599e-14
11.335665665665701,2.10125342215682e-14,1.2650013042330501e-14,2.4467433827427397e-14,1.43423024406137e-14,1.64208180796059e-14,1.0146923862871999e-14
11.3556756756757,2.1029059038496398e-14,1.26533902573398e-14,2.44863430760166e-14,1.4342471839249603e-14,1.64338360049904e-14,1.0151646609484e-14
11.375685685685699,2.10455080028866e-14,1.26567347458101e-14,2.4505136482870399e-14,1.4342603599760199e-14,1.6446808653070702e-14,1.0156345877153199e-14
11.3956956956957,2.1061881379242501e-14,1.26600466860661e-14,2.452381448571e-14,1.4342698030253499e-14,1.64597361674222e-14,1.01610217617772e-14
11.415705705705699,2.10781794312177e-14,1.2663326255364199e-14,2.45423775217533e-14,1.43427554365633e-14,1.6472618691125899e-14,1.0165674358796e-14
11.4357157157157,2.1094402421616999e-14,1.2666573629898502e-14,2.4560826027700599e-14,1.4342776122264401e-14,1.6485456366769703e-14,1.01703037631937e-14
11.455725725725699,2.1110550612395999e-14,1.2669788984807599e-14,2.4579160439720403e-14,1.4342760388687303e-14,1.6498249336449803e-14,1.0174910069501199e-14
11.4757357357357,2.1126624264662398e-14,1.2672972494181199e-14,2.4597381193435202e-14,1.43427085349335e-14,1.6510997741772902e-14,1.01794933717993e-14
11.495745745745699,2.1142623638675802e-14,1.2676124331066301e-14,2.4615488723907801e-14,1.4342620857890299e-14,1.6523701723857102e-14,1.0184053763720299e-14
11.5157557557558,2.1158548993849098e-14,1.2679244667473802e-14,2.4633483465628099e-14,1.4342497652245501e-14,1.6536361423333802e-14,1.0188591338451001e-14
11.535765765765801,2.1174400588748599e-14,1.2682333674384701e-14,2.46513658524989e-14,1.4342339210502099e-14,1.65489769803491e-14,1.0193106188735099e-14
11.5557757757758,2.1190178681094997e-14,1.2685391521756399e-14,2.4669136317823499e-14,1.43421458229935e-14,1.6561548534565502e-14,1.01975984068755e-14
11.575785785785801,2.1205883527763797e-14,1.26884183785292e-14,2.4686795294292301e-14,1.4341917777897601e-14,1.6574076225163398e-14,1.0202068084736999e-14
11.5957957957958,2.1221515384786702e-14,1.2691414412632401e-14,2.4704343213969801e-14,1.4341655361251601e-14,1.65865601908427e-14,1.0206515313748098e-14
11.615805805805801,2.1237074507351798e-14,1.26943797909906e-14,2.4721780508282398e-14,1.43413588569663e-14,1.6599000569824101e-14,1.02109401849043e-14
11.6358158158158,2.1252561149804497e-14,1.26973146795299e-14,2.4739107608005701e-14,1.4341028546840901e-14,1.6611397499851198e-14,1.0215342788769499e-14
11.655825825825801,2.1267975565648802e-14,1.2700219243183901e-14,2.4756324943252302e-14,1.4340664710577201e-14,1.6623751118191299e-14,1.02197232154792e-14
11.6758358358358,2.1283318007548103e-14,1.2703093645900101e-14,2.4773432943459703e-14,1.4340267625793702e-14,1.66360615616378e-14,1.02240815547424e-14
11.695845845845801,2.1298588727325599e-14,1.27059380506459e-14,2.47904320373785e-14,1.4339837568040202e-14,1.6648328966511001e-14,1.0228417895843899e-14
11.715855855855899,2.1313787975966099e-14,1.2708752619414401e-14,2.4807322653060703e-14,1.4339374810811601e-14,1.66605534686602e-14,1.0232732327647001e-14
11.7358658658659,2.1328916003616598e-14,1.27115375132308e-14,2.4824105217848001e-14,1.4338879625562102e-14,1.66727352034648e-14,1.0237024938595301e-14
11.755875875875899,2.1343973059587301e-14,1.2714292892158201e-14,2.4840780158360901e-14,1.4338352281719501e-14,1.66848743058363e-14,1.0241295816715601e-14
11.7758858858859,2.1358959392352799e-14,1.27170189153037e-14,2.4857347900486899e-14,1.43377930466988e-14,1.6696970910219498e-14,1.02455450496196e-14
11.795895895895899,2.1373875249553201e-14,1.27197157408241e-14,2.4873808869370201e-14,1.4337202185916199e-14,1.6709025150594299e-14,1.0249772724506501e-14
11.8159059059059,2.1388720877995499e-14,1.2722383525931999e-14,2.4890163489400399e-14,1.43365799628031e-14,1.6721037160476999e-14,1.0253978928165e-14
11.8359159159159,2.1403496523654301e-14,1.27250224269014e-14,2.4906412184201997e-14,1.43359266388194e-14,1.67330070729221e-14,1.0258163746976102e-14
11.8559259259259,2.1418202431673201e-14,1.2727632599073999e-14,2.4922555376624297e-14,1.4335242473467601e-14,1.6744935020523398e-14,1.02623272669147e-14
11.8759359359359,2.1432838846366401e-14,1.27302141968646e-14,2.4938593488730399e-14,1.4334527724306202e-14,1.6756821135416299e-14,1.02664695735519e-14
11.8959459459459,2.1447406011219501e-14,1.27327673737668e-14,2.4954526941787902e-14,1.43337826469635e-14,1.6768665549278596e-14,1.02705907520578e-14
11.915955955956001,2.1461904168890903e-14,1.27352922823592e-14,2.4970356156258299e-14,1.43330074951504e-14,1.6780468393332298e-14,1.02746908872028e-14
11.935965965966,2.14763335612132e-14,1.27377890743105e-14,2.4986081551787599e-14,1.4332202520674601e-14,1.6792229798345399e-14,1.02787700633605e-14
11.955975975975999,2.14906944291946e-14,1.2740257900385801e-14,2.5001703547196595e-14,1.4331367973453301e-14,1.6803949894632998e-14,1.02828283645095e-14
11.975985985986,2.1504987013020201e-14,1.27426989104516e-14,2.5017222560471302e-14,1.4330504101526703e-14,1.6815628812059095e-14,1.0286865874235699e-14
11.995995995995999,2.1519211552053501e-14,1.2745112253481801e-14,2.5032639008753898e-14,1.4329611151071301e-14,1.6827266680038101e-14,1.0290882675734202e-14
12.016006006006,2.1533368284837601e-14,1.27474980775633e-14,2.5047953308333502e-14,1.4328689366412701e-14,1.6838863627536099e-14,1.02948788518119e-14
12.036016016015999,2.15474574490967e-14,1.27498565299014e-14,2.5063165874636901e-14,1.43277389900387e-14,1.6850419783072802e-14,1.0298854484888999e-14
12.056026026026,2.1561479281737902e-14,1.27521877568251e-14,2.5078277122220599e-14,1.43267602626123e-14,1.6861935274722898e-14,1.0302809657001499e-14
12.076036036035999,2.1575434018852403e-14,1.2754491903792902e-14,2.5093287464761001e-14,1.43257534229849e-14,1.6873410230117299e-14,1.0306744449803301e-14
12.096046046046,2.15893218957169e-14,1.2756769115398302e-14,2.5108197315047e-14,1.4324718708208301e-14,1.6884844776445e-14,1.0310658944568101e-14
12.116056056056101,2.1603143146795699e-14,1.27590195353749e-14,2.5123007084970902e-14,1.4323656353548402e-14,1.68962390404546e-14,1.0314553222191501e-14
12.1360660660661,2.1616898005741399e-14,1.2761243306601899e-14,2.5137717185520699e-14,1.4322566592497003e-14,1.69075931484556e-14,1.0318427363192999e-14
12.156076076076101,2.1630586705397402e-14,1.2763440571109501e-14,2.51523280267716e-14,1.4321449656785001e-14,1.6918907226320101e-14,1.03222814477184e-14
12.1760860860861,2.1644209477798901e-14,1.2765611470084299e-14,2.5166840017878797e-14,1.4320305776394701e-14,1.6930181399483898e-14,1.0326115555541199e-14
12.196096096096101,2.1657766554174799e-14,1.2767756143874401e-14,2.5181253567068902e-14,1.4319135179571901e-14,1.6941415792948801e-14,1.0329929766065101e-14
12.2161061061061,2.16712581649491e-14,1.2769874731994702e-14,2.5195569081633102e-14,1.4317938092839101e-14,1.6952610531283399e-14,1.0333724158325902e-14
12.236116116116101,2.1684684539743003e-14,1.27719673731323e-14,2.5209786967919202e-14,1.43167147410069e-14,1.6963765738624698e-14,1.03374988109933e-14
12.2561261261261,2.1698045907376001e-14,1.2774034205151198e-14,2.5223907631324599e-14,1.4315465347186701e-14,1.697488153868e-14,1.0341253802373201e-14
12.276136136136101,2.1711342495868301e-14,1.27760753650984e-14,2.5237931476289298e-14,1.43141901328028e-14,1.6985958054728002e-14,1.0344989210409201e-14
12.2961461461461,2.1724574532441802e-14,1.2778090989207801e-14,2.5251858906288199e-14,1.4312889317604499e-14,1.6996995409620299e-14,1.0348705112684999e-14
12.3161561561562,2.1737742243522403e-14,1.27800812129066e-14,2.5265690323825103e-14,1.4311563119677902e-14,1.7007993725783202e-14,1.03524015864263e-14
12.336166166166199,2.1750845854741502e-14,1.2782046170819198e-14,2.5279426130425298e-14,1.4310211755458103e-14,1.7018953125218901e-14,1.0356078708502201e-14
12.3561761761762,2.1763885590937902e-14,1.2783985996772999e-14,2.52930667266294e-14,1.4308835439740701e-14,1.7029873729507199e-14,1.0359736555428e-14
12.376186186186199,2.1776861676159301e-14,1.27859008238033e-14,2.5306612511986501e-14,1.4307434385694101e-14,1.7040755659806498e-14,1.0363375203366301e-14
12.3961961961962,2.17897743336647e-14,1.27877907841579e-14,2.5320063885048398e-14,1.43060088048708e-14,1.7051599036856099e-14,1.0366994728129299e-14
12.4162062062062,2.18026237859255e-14,1.2789656009302501e-14,2.53334212433627e-14,1.4304558907219001e-14,1.7062403980976801e-14,1.0370595205180599e-14
12.4362162162162,2.1815410254628001e-14,1.2791496629925401e-14,2.53466849834673e-14,1.4303084901094702e-14,1.7073170612073097e-14,1.0374176709636999e-14
12.4562262262262,2.1828133960674601e-14,1.2793312775942401e-14,2.5359855500884398e-14,1.4301586993272501e-14,1.7083899049634099e-14,1.0377739316270601e-14
12.4762362362362,2.18407951241864e-14,1.2795104576501802e-14,2.5372933190114297e-14,1.4300065388957402e-14,1.7094589412735298e-14,1.0381283099510299e-14
12.4962462462462,2.1853393964504501e-14,1.2796872159989001e-14,2.5385918444630203e-14,1.4298520291796302e-14,1.7105241820039999e-14,1.03848081334439e-14
12.5162562562563,2.1865930700192103e-14,1.27986156540316e-14,2.5398811656872397e-14,1.42969519038888e-14,1.7115856389800702e-14,1.0388314491819901e-14
12.536266266266299,2.1878405549036598e-14,1.28003351855038e-14,2.5411613218242897e-14,1.4295360425799e-14,1.7126433239860599e-14,1.0391802248049101e-14
12.5562762762763,2.1890818728051e-14,1.2802030880531601e-14,2.5424323519100201e-14,1.42937460565661e-14,1.71369724876549e-14,1.03952714752068e-14
12.576286286286299,2.1903170453476499e-14,1.28037028644972e-14,2.5436942948754199e-14,1.4292108993715701e-14,1.7147474250212601e-14,1.03987222460342e-14
12.5962962962963,2.1915460940784001e-14,1.28053512620438e-14,2.54494718954606e-14,1.4290449433270899e-14,1.7157938644157598e-14,1.0402154632940399e-14
12.616306306306299,2.1927690404676298e-14,1.28069761970802e-14,2.5461910746416802e-14,1.4288767569763002e-14,1.7168365785710197e-14,1.0405568708004101e-14
12.6363163163163,2.1939859059089701e-14,1.2808577792785501e-14,2.5474259887756397e-14,1.4287063596242602e-14,1.7178755790688802e-14,1.0408964542975301e-14
12.656326326326299,2.19519671171966e-14,1.2810156171613801e-14,2.5486519704545002e-14,1.4285337704290098e-14,1.7189108774510901e-14,1.0412342209277401e-14
12.6763363363363,2.1964014791406798e-14,1.28117114552985e-14,2.5498690580775003e-14,1.4283590084026599e-14,1.7199424852194901e-14,1.04157017780084e-14
12.696346346346299,2.1976002293370099e-14,1.2813243764857e-14,2.55107728993619e-14,1.4281820924124399e-14,1.72097041383614e-14,1.0419043319943099e-14
12.7163563563564,2.1987929833978003e-14,1.28147532205955e-14,2.5522767042139298e-14,1.4280030411817898e-14,1.72199467472345e-14,1.0422366905534499e-14
12.736366366366401,2.1999797623365697e-14,1.2816239942113001e-14,2.5534673389855098e-14,1.4278218732913702e-14,1.72301527926435e-14,1.0425672604915701e-14
12.7563763763764,2.2011605870914402e-14,1.28177040483061e-14,2.5546492322167101e-14,1.4276386071801199e-14,1.7240322388024097e-14,1.0428960487901599e-14
12.776386386386401,2.2023354785252999e-14,1.2819145657373201e-14,2.5558224217638998e-14,1.4274532611463001e-14,1.7250455646419699e-14,1.0432230623990399e-14
12.7963963963964,2.2035044574260399e-14,1.2820564886819299e-14,2.5569869453736599e-14,1.4272658533484902e-14,1.7260552680483201e-14,1.04354830823656e-14
12.816406406406401,2.20466754450677e-14,1.28219618534601e-14,2.55814284068241e-14,1.4270764018066903e-14,1.7270613602478098e-14,1.0438717931897302e-14
12.8364164164164,2.2058247604059601e-14,1.28233366734261e-14,2.5592901452160098e-14,1.4268849244032301e-14,1.72806385242799e-14,1.04419352411442e-14
12.856426426426401,2.2069761256877499e-14,1.28246894621677e-14,2.5604288963894203e-14,1.4266914388838501e-14,1.7290627557377598e-14,1.0445135078355002e-14
12.8764364364364,2.2081216608420599e-14,1.2826020334458701e-14,2.5615591315063401e-14,1.4264959628587001e-14,1.7300580812875298e-14,1.04483175114701e-14
12.896446446446401,2.2092613862848602e-14,1.2827329404401099e-14,2.56268088775888e-14,1.4262985138032801e-14,1.7310498401492903e-14,1.04514826081234e-14
12.916456456456499,2.21039532235837e-14,1.2828616785429001e-14,2.5637942022272601e-14,1.4260991090595101e-14,1.7320380433568401e-14,1.04546304356438e-14
12.9364664664665,2.2115234893312698e-14,1.2829882590313299e-14,2.5648991118794102e-14,1.4258977658366201e-14,1.7330227019058498e-14,1.0457761061056701e-14
12.956476476476499,2.2126459073988797e-14,1.2831126931165401e-14,2.5659956535707602e-14,1.4256945012122001e-14,1.7340038267540599e-14,1.0460874551085699e-14
12.9764864864865,2.2137625966834201e-14,1.2832349919441501e-14,2.5670838640438701e-14,1.42548933213314e-14,1.7349814288213697e-14,1.0463970972154199e-14
12.9964964964965,2.2148735772342e-14,1.2833551665947e-14,2.56816377992816e-14,1.4252822754165902e-14,1.7359555189899901e-14,1.0467050390387e-14
13.0165065065065,2.2159788690278401e-14,1.28347322808403e-14,2.5692354377396599e-14,1.42507334775089e-14,1.73692610810459e-14,1.0470112871612101e-14
13.0365165165165,2.21707849196846e-14,1.2835891873637299e-14,2.5702988738806903e-14,1.4248625656965701e-14,1.7378932069724399e-14,1.0473158481361499e-14
13.0565265265265,2.2181724658879501e-14,1.2837030553214998e-14,2.5713541246396502e-14,1.42464994568726e-14,1.7388568263635202e-14,1.0476187284873799e-14
13.0765365365365,2.2192608105461204e-14,1.28381484278157e-14,2.5724012261907201e-14,1.4244355040306201e-14,1.7398169770106597e-14,1.04791993470949e-14
13.096546546546501,2.22034354563095e-14,1.2839245605051301e-14,2.5734402145936403e-14,1.4242192569092901e-14,1.7407736696097201e-14,1.0482194732679899e-14
13.116556556556599,2.22142069075883e-14,1.2840322191907001e-14,2.5744711257935201e-14,1.4240012203817701e-14,1.7417269148196501e-14,1.04851735059947e-14
13.1365665665666,2.2224922654747101e-14,1.28413782947453e-14,2.5754939956205104e-14,1.4237814103834101e-14,1.7426767232626902e-14,1.0488135731117301e-14
13.156576576576599,2.2235582892523999e-14,1.28424140193101e-14,2.5765088597896999e-14,1.4235598427272299e-14,1.7436231055244601e-14,1.0491081471839501e-14
13.1765865865866,2.2246187814947098e-14,1.2843429470730401e-14,2.5775157539008297e-14,1.4233365331048801e-14,1.7445660721541399e-14,1.0494010791668301e-14
13.196596596596599,2.2256737615337199e-14,1.2844424753524301e-14,2.5785147134381398e-14,1.42311149708753e-14,1.7455056336645504e-14,1.04969237538273e-14
13.2166066066066,2.2267232486309801e-14,1.28453999716031e-14,2.5795057737701402e-14,1.4228847501267402e-14,1.7464418005323103e-14,1.04998204212583e-14
13.236616616616599,2.2277672619777399e-14,1.2846355228274799e-14,2.58048897014947e-14,1.4226563075553601e-14,1.7473745831979797e-14,1.0502700856622999e-14
13.2566266266266,2.2288058206951299e-14,1.28472906262479e-14,2.5814643377127097e-14,1.4224261845883802e-14,1.7483039920661801e-14,1.0505565122303899e-14
13.276636636636599,2.2298389438344399e-14,1.28482062676357e-14,2.5824319114801901e-14,1.4221943963238503e-14,1.7492300375057202e-14,1.0508413280406402e-14
13.2966466466466,2.2308666503773102e-14,1.2849102253959601e-14,2.5833917263558602e-14,1.4219609577436902e-14,1.7501527298497195e-14,1.05112453927596e-14
13.316656656656701,2.2318889592359201e-14,1.2849978686152701e-14,2.5843438171271601e-14,1.4217258837146002e-14,1.7510720793957902e-14,1.0514061520918401e-14
13.3366666666667,2.2329058892532801e-14,1.28508356645643e-14,2.5852882184648199e-14,1.4214891889888501e-14,1.75198809640611e-14,1.0516861726164299e-14
13.356676676676701,2.23391745920337e-14,1.28516732889628e-14,2.5862249649227898e-14,1.4212508882051799e-14,1.7529007911075598e-14,1.05196460695075e-14
13.3766866866867,2.2349236877914399e-14,1.2852491658539799e-14,2.5871540909380498e-14,1.4210109958896402e-14,1.75381017369189e-14,1.0522414611687501e-14
13.396696696696701,2.2359245936541702e-14,1.2853290871913601e-14,2.5880756308305499e-14,1.4207695264563501e-14,1.7547162543158099e-14,1.05251674131753e-14
13.4167067067067,2.2369201953599099e-14,1.2854071027133001e-14,2.5889896188030699e-14,1.4205264942084402e-14,1.7556190431011401e-14,1.0527904534174299e-14
13.436716716716701,2.2379105114089301e-14,1.28548322216808e-14,2.5898960889411101e-14,1.4202819133387602e-14,1.7565185501349299e-14,1.05306260346218e-14
13.4567267267267,2.2388955602335901e-14,1.28555745524772e-14,2.5907950752128301e-14,1.42003579793079e-14,1.75741478546959e-14,1.0533331974190601e-14
13.476736736736701,2.2398753601986101e-14,1.28562981158839e-14,2.59168661146889e-14,1.4197881619593902e-14,1.7583077591230199e-14,1.0536022412289901e-14
13.4967467467467,2.2408499296012502e-14,1.28570030077069e-14,2.5925707314424599e-14,1.4195390192916e-14,1.7591974810787302e-14,1.0538697408067199e-14
13.5167567567568,2.2418192866715801e-14,1.28576893232009e-14,2.59344746874907e-14,1.4192883836874802e-14,1.7600839612859697e-14,1.0541357020409301e-14
13.536766766766799,2.2427834495726498e-14,1.2858357157071801e-14,2.5943168568865697e-14,1.4190362688008902e-14,1.7609672096598699e-14,1.05440013079438e-14
13.5567767767768,2.2437424364007499e-14,1.28590066034811e-14,2.5951789292350699e-14,1.4187826881802302e-14,1.7618472360815501e-14,1.0546630329040301e-14
13.5767867867868,2.2446962651856102e-14,1.2859637756048801e-14,2.5960337190568802e-14,1.41852765526929e-14,1.76272405039823e-14,1.0549244141812099e-14
13.5967967967968,2.2456449538906404e-14,1.2860250707857101e-14,2.5968812594964702e-14,1.4182711834079601e-14,1.7635976624233901e-14,1.0551842804117e-14
13.6168068068068,2.2465885204131401e-14,1.2860845551453401e-14,2.59772158358042e-14,1.4180132858330501e-14,1.7644680819368899e-14,1.05544263735589e-14
13.6368168168168,2.2475269825845297e-14,1.2861422378854299e-14,2.5985547242173799e-14,1.41775397567901e-14,1.7653353186850703e-14,1.05569949074892e-14
13.6568268268268,2.24846035817056e-14,1.28619812815486e-14,2.5993807141980398e-14,1.4174932659787301e-14,1.7661993823808802e-14,1.05595484630079e-14
13.676836836836801,2.2493886648715403e-14,1.28625223505006e-14,2.6001995861951399e-14,1.4172311696642299e-14,1.7670602827040297e-14,1.0562087096965001e-14
13.6968468468468,2.2503119203225702e-14,1.2863045676153502e-14,2.6010113727633999e-14,1.4169676995674901e-14,1.7679180293010698e-14,1.0564610865961901e-14
13.7168568568569,2.2512301420937598e-14,1.28635513484328e-14,2.6018161063395499e-14,1.4167028684211201e-14,1.7687726317855602e-14,1.0567119826352401e-14
13.736866866866899,2.2521433476904196e-14,1.2864039456749401e-14,2.60261381924231e-14,1.41643668885911e-14,1.7696240997381601e-14,1.0569614034244199e-14
13.7568768768769,2.2530515545533299e-14,1.2864510090003301e-14,2.6034045436723799e-14,1.41616917341758e-14,1.7704724427067497e-14,1.0572093545499901e-14
13.776886886886899,2.2539547800589399e-14,1.2864963336586e-14,2.6041883117124899e-14,1.4159003345354999e-14,1.77131767020658e-14,1.05745584157387e-14
13.7968968968969,2.2548530415195902e-14,1.28653992843845e-14,2.60496515532735e-14,1.41563018455537e-14,1.7721597917203499e-14,1.05770087003374e-14
13.816906906906899,2.25574635618372e-14,1.2865818020784301e-14,2.6057351063637203e-14,1.4153587357239901e-14,1.7729988166983902e-14,1.0579444454431399e-14
13.8369169169169,2.2566347412361201e-14,1.2866219632672402e-14,2.6064981965504101e-14,1.41508600019313e-14,1.7738347545587101e-14,1.05818657329163e-14
13.856926926926899,2.2575182137981403e-14,1.28666042064404e-14,2.6072544574983102e-14,1.4148119900202301e-14,1.7746676146871599e-14,1.0584272590449001e-14
13.8769369369369,2.2583967909278903e-14,1.2866971827988001e-14,2.60800392070044e-14,1.4145367171691101e-14,1.77549740643755e-14,1.0586665081449e-14
13.896946946946899,2.2592704896204999e-14,1.2867322582725801e-14,2.6087466175319699e-14,1.41426019351068e-14,1.7763241391317698e-14,1.05890432600994e-14
13.916956956957,2.2601393268083001e-14,1.2867656555578702e-14,2.6094825792502699e-14,1.41398243082358e-14,1.7771478220598801e-14,1.0591407180348301e-14
13.936966966967001,2.2610033193610701e-14,1.2867973830988402e-14,2.6102118369949799e-14,1.4137034407948901e-14,1.77796846448027e-14,1.059375689591e-14
13.956976976977,2.2618624840862601e-14,1.28682744929171e-14,2.6109344217880501e-14,1.41342323502081e-14,1.7787860756197399e-14,1.0596092460265999e-14
13.976986986987001,2.2627168377291799e-14,1.2868558624850301e-14,2.61165036453378e-14,1.41314182500731e-14,1.7796006646736399e-14,1.0598413926666399e-14
13.996996996997,2.26356639697326e-14,1.2868826309799701e-14,2.6123596960189398e-14,1.4128592221708201e-14,1.7804122408059798e-14,1.0600721348130999e-14
14.017007007007001,2.26441117844025e-14,1.2869077630306301e-14,2.6130624469127701e-14,1.41257543783885e-14,1.7812208131495599e-14,1.06030147774505e-14
14.037017017017,2.2652511986904198e-14,1.28693126684433e-14,2.6137586477671401e-14,1.4122904832507101e-14,1.7820263908060499e-14,1.0605294267187599e-14
14.057027027027001,2.2660864742228201e-14,1.2869531505819301e-14,2.6144483290165397e-14,1.41200436955809e-14,1.7828289828461499e-14,1.06075598696781e-14
14.077037037037,2.2669170214754798e-14,1.28697342235807e-14,2.61513152097824e-14,1.41171710782574e-14,1.7836285983096701e-14,1.0609811637032401e-14
14.097047047047001,2.2677428568256199e-14,1.2869920902415601e-14,2.6158082538523199e-14,1.41142870903214e-14,1.78442524620567e-14,1.0612049621135999e-14
14.117057057057099,2.2685639965898804e-14,1.28700916225554e-14,2.61647855772181e-14,1.41113918407005e-14,1.7852189355125598e-14,1.0614273873651401e-14
14.1370670670671,2.2693804570245201e-14,1.2870246463778801e-14,2.6171424625527703e-14,1.4108485437472299e-14,1.7860096751782301e-14,1.0616484446018799e-14
14.1570770770771,2.2701922543256902e-14,1.2870385505414099e-14,2.6177999981943901e-14,1.4105567987870201e-14,1.7867974741201201e-14,1.0618681389457001e-14
14.1770870870871,2.2709994046295599e-14,1.2870508826342201e-14,2.61845119437909e-14,1.4102639598289599e-14,1.7875823412253998e-14,1.06208647549651e-14
14.1970970970971,2.2718019240126401e-14,1.28706165049995e-14,2.6190960807226497e-14,1.4099700374294199e-14,1.7883642853510198e-14,1.06230345933233e-14
14.2171071071071,2.2725998284919001e-14,1.2870708619380402e-14,2.6197346867243102e-14,1.40967504206221e-14,1.7891433153238901e-14,1.0625190955093799e-14
14.2371171171171,2.2733931340250502e-14,1.2870785247040401e-14,2.6203670417669099e-14,1.4093789841191602e-14,1.7899194399408999e-14,1.0627333890622299e-14
14.257127127127101,2.27418185651076e-14,1.2870846465098902e-14,2.6209931751169897e-14,1.4090818739107802e-14,1.7906926679691398e-14,1.0629463450039001e-14
14.2771371371371,2.2749660117888001e-14,1.2870892350241701e-14,2.62161311592492e-14,1.4087837216667801e-14,1.7914630081458997e-14,1.06315796832594e-14
14.297147147147101,2.2757456156403699e-14,1.2870922978723801e-14,2.62222689322504e-14,1.4084845375367201e-14,1.7922304691788901e-14,1.0633682639985599e-14
14.317157157157199,2.2765206837882103e-14,1.2870938426372401e-14,2.6228345359358101e-14,1.40818433159059e-14,1.7929950597462599e-14,1.0635772369707498e-14
14.3371671671672,2.27729123189687e-14,1.2870938768589199e-14,2.6234360728599101e-14,1.4078831138193602e-14,1.7937567884967599e-14,1.0637848921703701e-14
14.357177177177199,2.2780572755729302e-14,1.2870924080353401e-14,2.6240315326844303e-14,1.4075808941356101e-14,1.79451566404985e-14,1.06399123450424e-14
14.3771871871872,2.2788188303651903e-14,1.28708944362242e-14,2.6246209439809701e-14,1.40727768237404e-14,1.7952716949957698e-14,1.0641962688582901e-14
14.397197197197199,2.27957591176487e-14,1.28708499103434e-14,2.6252043352058297e-14,1.4069734882921101e-14,1.7960248898956898e-14,1.06440000009762e-14
14.4172072072072,2.2803285352058799e-14,1.2870790576438201e-14,2.6257817347001398e-14,1.40666832157054e-14,1.79677525728182e-14,1.0646024330666299e-14
14.437217217217199,2.2810767160649804e-14,1.2870716507823801e-14,2.6263531706900102e-14,1.40636219181392e-14,1.7975228056574596e-14,1.06480357258912e-14
14.4572272272272,2.2818204696620001e-14,1.2870627777405801e-14,2.6269186712867198e-14,1.4060551085512501e-14,1.7982675434971997e-14,1.06500342346839e-14
14.477237237237199,2.2825598112600901e-14,1.2870524457682899e-14,2.6274782644868703e-14,1.4057470812364502e-14,1.7990094792469398e-14,1.06520199048734e-14
14.4972472472472,2.28329475606587e-14,1.2870406620749502e-14,2.6280319781725499e-14,1.40543811924901e-14,1.7997486213240501e-14,1.06539927840857e-14
14.517257257257301,2.28402531922971e-14,1.2870274338298403e-14,2.6285798401114802e-14,1.40512823189441e-14,1.8004849781174598e-14,1.0655952919744999e-14
14.5372672672673,2.2847515158458901e-14,1.2870127681623e-14,2.6291218779572399e-14,1.4048174284047601e-14,1.8012185579877599e-14,1.0657900359074399e-14
14.557277277277301,2.2854733609528201e-14,1.2869966721619801e-14,2.6296581192494098e-14,1.4045057179392701e-14,1.8019493692673301e-14,1.0659835149097401e-14
14.5772872872873,2.2861908695332601e-14,1.2869791528791299e-14,2.6301885914137397e-14,1.4041931095848202e-14,1.8026774202604103e-14,1.06617573366381e-14
14.597297297297301,2.2869040565145399e-14,1.28696021732482e-14,2.63071332176236e-14,1.4038796123564501e-14,1.8034027192432199e-14,1.0663666968323e-14
14.6173073073073,2.28761293676873e-14,1.2869398724711801e-14,2.63123233749398e-14,1.40356523519793e-14,1.80412527446409e-14,1.06655640905817e-14
14.637317317317301,2.2883175251128999e-14,1.2869181252516602e-14,2.6317456656940301e-14,1.4032499869822201e-14,1.8048450941435204e-14,1.06674487496475e-14
14.6573273273273,2.2890178363092701e-14,1.2868949825612901e-14,2.6322533333348899e-14,1.4029338765120601e-14,1.8055621864743298e-14,1.0669320991558899e-14
14.677337337337301,2.28971388506548e-14,1.2868704512568501e-14,2.6327553672760597e-14,1.40261691252038e-14,1.8062765596217098e-14,1.0671180862160501e-14
14.6973473473473,2.29040568603475e-14,1.2868445381572101e-14,2.6332517942644001e-14,1.40229910367092e-14,1.8069882217233801e-14,1.06730284071037e-14
14.7173573573574,2.2910932538161099e-14,1.2868172500435001e-14,2.6337426409342499e-14,1.4019804585586199e-14,1.8076971808896502e-14,1.0674863671847601e-14
14.737367367367399,2.2917766029545801e-14,1.2867885936593601e-14,2.63422793380775e-14,1.40166098571021e-14,1.80840344520353e-14,1.06766867016605e-14
14.7573773773774,2.2924557479414102e-14,1.2867585757111799e-14,2.6347076992949302e-14,1.4013406935846602e-14,1.8091070227208701e-14,1.06784975416203e-14
14.7773873873874,2.29313070321427e-14,1.28672720286835e-14,2.6351819636939999e-14,1.4010195905736599e-14,1.8098079214703899e-14,1.0680296236615601e-14
14.7973973973974,2.2938014831574504e-14,1.2866944817634701e-14,2.6356507531915004e-14,1.40069768500214e-14,1.8105061494538698e-14,1.06820828313469e-14
14.8174074074074,2.2944681021020702e-14,1.28666041899258e-14,2.6361140938625798e-14,1.4003749851287302e-14,1.8112017146461501e-14,1.0683857370326899e-14
14.837417417417401,2.2951305743262701e-14,1.2866250211154e-14,2.6365720116711601e-14,1.4000514991462601e-14,1.81189462499532e-14,1.06856198978822e-14
14.8574274274274,2.2957889140554401e-14,1.2865882946555601e-14,2.63702453247015e-14,1.3997272351821902e-14,1.81258488842279e-14,1.06873704581536e-14
14.877437437437401,2.2964431354623999e-14,1.28655024610081e-14,2.6374716820017401e-14,1.3994022012991401e-14,1.81327251282334e-14,1.0689109095097401e-14
14.8974474474474,2.2970932526675898e-14,1.2865108819032902e-14,2.6379134858975101e-14,1.3990764054953199e-14,1.8139575060653098e-14,1.06908358524862e-14
14.9174574574575,2.29773927973933e-14,1.2864702084796699e-14,2.63834996967877e-14,1.3987498557050001e-14,1.8146398759906298e-14,1.0692550773909599e-14
14.937467467467499,2.2983812306939599e-14,1.2864282322114499e-14,2.6387811587567099e-14,1.3984225597989801e-14,1.8153196304149398e-14,1.0694253902775399e-14
14.9574774774775,2.2990191194960402e-14,1.2863849594451499e-14,2.6392070784326499e-14,1.3980945255850501e-14,1.81599677712769e-14,1.0695945282310399e-14
14.977487487487499,2.2996529600586098e-14,1.28634039649252e-14,2.6396277538983099e-14,1.3977657608084e-14,1.8166713238922298e-14,1.06976249555611e-14
14.9974974974975,2.3002827662433199e-14,1.2862945496307801e-14,2.6400432102359601e-14,1.3974362731521501e-14,1.8173432784459201e-14,1.06992929653949e-14
15.017507507507499,2.3009085518606703e-14,1.28624742510281e-14,2.6404534724187599e-14,1.3971060702377301e-14,1.8180126485002398e-14,1.07009493545007e-14
15.0375175175175,2.3015303306702196e-14,1.2861990291174e-14,2.6408585653109199e-14,1.39677515962532e-14,1.8186794417408301e-14,1.070259416539e-14
15.057527527527499,2.3021481163807201e-14,1.2861493678494201e-14,2.6412585136679599e-14,1.3964435488143401e-14,1.8193436658276398e-14,1.07042274403977e-14
15.0775375375375,2.3027619226503799e-14,1.2860984474400501e-14,2.64165334213699e-14,1.3961112452438599e-14,1.8200053283950203e-14,1.0705849221682699e-14
15.097547547547499,2.3033717630870504e-14,1.28604627399702e-14,2.6420430752568798e-14,1.3957782562930099e-14,1.8206644370518003e-14,1.0707459551229298e-14
15.1175575575576,2.30397765124837e-14,1.2859928535947701e-14,2.6424277374585801e-14,1.3954445892814502e-14,1.8213209993813799e-14,1.0709058470847399e-14
15.137567567567601,2.3045796006420299e-14,1.2859381922746999e-14,2.64280735306534e-14,1.39511025146975e-14,1.8219750229418401e-14,1.0710646022173999e-14
15.1575775775776,2.30517762472591e-14,1.28588229604533e-14,2.6431819462929398e-14,1.3947752500598601e-14,1.8226265152660402e-14,1.07122222466735e-14
15.177587587587601,2.30577173690833e-14,1.28582517088255e-14,2.6435515412499698e-14,1.3944395921954899e-14,1.8232754838616901e-14,1.07137871856391e-14
15.1975975975976,2.3063619505481899e-14,1.2857668227298101e-14,2.6439161619380597e-14,1.3941032849625501e-14,1.8239219362114704e-14,1.0715340880192801e-14
15.217607607607601,2.3069482789551898e-14,1.2857072574983099e-14,2.6442758322521702e-14,1.3937663353895502e-14,1.8245658797731101e-14,1.0716883371287401e-14
15.2376176176176,2.3075307353900102e-14,1.2856464810672001e-14,2.6446305759807899e-14,1.3934287504480001e-14,1.8252073219794701e-14,1.0718414699706e-14
15.257627627627601,2.3081093330645302e-14,1.2855844992838001e-14,2.64498041680628e-14,1.3930905370528502e-14,1.8258462702386602e-14,1.0719934906063999e-14
15.2776376376376,2.3086840851419898e-14,1.2855213179637901e-14,2.64532537830504e-14,1.39275170206286e-14,1.8264827319341299e-14,1.07214440308092e-14
15.297647647647601,2.3092550047371799e-14,1.28545694289138e-14,2.6456654839478198e-14,1.39241225228102e-14,1.8271167144247201e-14,1.07229421142229e-14
15.317657657657699,2.3098221049166702e-14,1.28539137981956e-14,2.6460007571000101e-14,1.3920721944549102e-14,1.8277482250448202e-14,1.0724429196420499e-14
15.3376676676677,2.3103853986989602e-14,1.2853246344702401e-14,2.6463312210218303e-14,1.3917315352771599e-14,1.8283772711043902e-14,1.07259053173525e-14
15.3576776776777,2.3109448990546698e-14,1.28525671253449e-14,2.6466568988686601e-14,1.3913902813857702e-14,1.8290038598891101e-14,1.0727370516805302e-14
15.3776876876877,2.3115006189067603e-14,1.2851876196726802e-14,2.6469778136912899e-14,1.3910484393645502e-14,1.8296279986604399e-14,1.07288248344019e-14
15.3976976976977,2.3120525711306602e-14,1.28511736151471e-14,2.6472939884361701e-14,1.3907060157434601e-14,1.83024969465571e-14,1.0730268309602699e-14
15.4177077077077,2.3126007685545501e-14,1.2850459436602e-14,2.6476054459456902e-14,1.3903630169990299e-14,1.83086895508823e-14,1.07317009817063e-14
15.4377177177177,2.3131452239594502e-14,1.28497337167865e-14,2.6479122089584898e-14,1.39001944955471e-14,1.8314857871473498e-14,1.0733122889850299e-14
15.457727727727701,2.3136859500794601e-14,1.28489965110965e-14,2.6482143001096602e-14,1.3896753197812899e-14,1.83210019799857e-14,1.0734534073011901e-14
15.4777377377377,2.31422295960193e-14,1.28482478746307e-14,2.6485117419310701e-14,1.38933063399719e-14,1.8327121947836301e-14,1.0735934570009301e-14
15.497747747747701,2.31475626516765e-14,1.2847487862192102e-14,2.6488045568516401e-14,1.38898539846892e-14,1.8333217846205802e-14,1.07373244195014e-14
15.517757757757799,2.3152858793710299e-14,1.28467165282902e-14,2.6490927671975801e-14,1.3886396194114e-14,1.8339289746039001e-14,1.07387036599896e-14
15.5377677677678,2.3158118147603001e-14,1.28459339271427e-14,2.6493763951927195e-14,1.3882933029883e-14,1.8345337718045501e-14,1.0740072329818e-14
15.557777777777799,2.3163340838376402e-14,1.2845140112677201e-14,2.6496554629587502e-14,1.38794645531247e-14,1.83513618327009e-14,1.0741430467174201e-14
15.5777877877878,2.3168526990594602e-14,1.2844335138533101e-14,2.6499299925155099e-14,1.38759908244625e-14,1.8357362160247502e-14,1.0742778110090202e-14
15.597797797797799,2.3173676728364603e-14,1.2843519058063499e-14,2.6502000057812899e-14,1.3872511904018098e-14,1.8363338770695002e-14,1.0744115296443199e-14
15.6178078078078,2.3178790175339099e-14,1.28426919243367e-14,2.6504655245730802e-14,1.3869027851415701e-14,1.8369291733821903e-14,1.0745442063956101e-14
15.637817817817799,2.3183867454718002e-14,1.2841853790138101e-14,2.65072657060687e-14,1.3865538725784801e-14,1.8375221119175699e-14,1.0746758450198299e-14
15.6578278278278,2.3188908689250001e-14,1.2841004707972101e-14,2.6509831654979699e-14,1.3862044585763899e-14,1.83811269960744e-14,1.07480644925866e-14
15.677837837837799,2.31939140012345e-14,1.28401447300634e-14,2.6512353307612099e-14,1.3858545489504402e-14,1.83870094336068e-14,1.07493602283858e-14
15.6978478478478,2.3198883512523404e-14,1.2839273908359201e-14,2.6514830878113102e-14,1.3855041494673099e-14,1.83928685006337e-14,1.07506456947095e-14
15.717857857857901,2.3203817344523299e-14,1.2838392294530901e-14,2.6517264579631303e-14,1.3851532658456601e-14,1.83987042657886e-14,1.07519209285208e-14
15.7378678678679,2.3208715618196399e-14,1.2837499939975201e-14,2.6519654624319701e-14,1.3848019037563799e-14,1.8404516797478602e-14,1.0753185966632798e-14
15.757877877877901,2.3213578454062896e-14,1.2836596895816601e-14,2.6522001223338399e-14,1.3844500688229902e-14,1.8410306163885202e-14,1.0754440845709801e-14
15.7778878878879,2.3218405972202802e-14,1.2835683212908502e-14,2.6524304586857702e-14,1.3840977666219501e-14,1.8416072432965304e-14,1.0755685602267399e-14
15.797897897897901,2.3223198292257301e-14,1.2834758941835e-14,2.6526564924061004e-14,1.3837450026829501e-14,1.8421815672451601e-14,1.0756920272674001e-14
15.8179079079079,2.32279555334308e-14,1.2833824132913001e-14,2.6528782443147501e-14,1.38339178248931e-14,1.8427535949854001e-14,1.07581448931504e-14
15.837917917917901,2.3232677814492599e-14,1.2832878836193e-14,2.6530957351335603e-14,1.38303811147824e-14,1.8433233332460101e-14,1.0759359499771801e-14
15.8579279279279,2.3237365253778401e-14,1.28319231014616e-14,2.6533089854865299e-14,1.3826839950412e-14,1.84389078873361e-14,1.07605641284674e-14
15.877937937937901,2.3242017969192502e-14,1.2830956978242401e-14,2.6535180159001498e-14,1.38232943852421e-14,1.8444559681327499e-14,1.0761758815021501e-14
15.8979479479479,2.3246636078209303e-14,1.2829980515798201e-14,2.6537228468036701e-14,1.3819744472281501e-14,1.8450188781060103e-14,1.0762943595074501e-14
15.917957957958,2.3251219697874701e-14,1.2828993763132299e-14,2.65392349852943e-14,1.3816190264090999e-14,1.8455795252940702e-14,1.07641185041231e-14
15.937967967968,2.3255768944808301e-14,1.28279967689901e-14,2.65411999131312e-14,1.38126318127864e-14,1.8461379163158001e-14,1.0765283577521101e-14
15.957977977978,2.3260283935205003e-14,1.2826989581860699e-14,2.6543123452941e-14,1.3809069170041602e-14,1.8466940577683303e-14,1.0766438850480401e-14
15.977987987988,2.32647647848365e-14,1.2825972249978701e-14,2.6545005805156999e-14,1.3805502387091699e-14,1.8472479562271598e-14,1.07675843580713e-14
15.997997997998,2.3269211609053099e-14,1.28249448213252e-14,2.6546847169254803e-14,1.3801931514735999e-14,1.8477996182461803e-14,1.07687201352231e-14
16.018008008008,2.3273624522785501e-14,1.2823907343630202e-14,2.6548647743756097e-14,1.37983566033411e-14,1.8483490503578103e-14,1.07698462167252e-14
16.038018018018001,2.32780036405462e-14,1.2822859864373199e-14,2.6550407726230701e-14,1.3794777702843801e-14,1.8488962590730603e-14,1.07709626372274e-14
16.058028028028001,2.32823490764316e-14,1.28218024307855e-14,2.6552127313300397e-14,1.3791194862754202e-14,1.8494412508815902e-14,1.0772069431240901e-14
16.078038038037999,2.32866609441233e-14,1.2820735089851301e-14,2.65538067006413e-14,1.3787608132158802e-14,1.8499840322518202e-14,1.07731666331384e-14
16.098048048048099,2.3290939356889902e-14,1.2819657888309401e-14,2.6555446082987298e-14,1.3784017559722902e-14,1.8505246096309701e-14,1.0774254277155199e-14
16.1180580580581,2.3295184427588701e-14,1.2818570872654501e-14,2.6557045654133003e-14,1.3780423193694301e-14,1.8510629894451996e-14,1.0775332397389802e-14
16.138068068068101,2.3299396268667398e-14,1.28174740891388e-14,2.65586056069366e-14,1.37768250819054e-14,1.8515991780996201e-14,1.0776401027804501e-14
16.158078078078098,2.33035749921655e-14,1.28163675837738e-14,2.6560126133323001e-14,1.3773223271776702e-14,1.8521331819784199e-14,1.0777460202226002e-14
16.178088088088099,2.3307720709716202e-14,1.2815251402331001e-14,2.6561607424287002e-14,1.3769617810319401e-14,1.8526650074448904e-14,1.0778509954345801e-14
16.1980980980981,2.3311833532547999e-14,1.2814125590344401e-14,2.6563049669895903e-14,1.3766008744138101e-14,1.8531946608415701e-14,1.07795503177215e-14
16.218108108108101,2.3315913571486098e-14,1.2812990193110801e-14,2.6564453059293199e-14,1.37623961194339e-14,1.85372214849028e-14,1.0780581325776699e-14
16.238118118118098,2.3319960936954299e-14,1.28118452556922e-14,2.6565817780701e-14,1.3758779982006901e-14,1.8542474766922e-14,1.0781603011802001e-14
16.258128128128099,2.3323975738976399e-14,1.28106908229169e-14,2.6567144021423399e-14,1.3755160377259401e-14,1.85477065172795e-14,1.07826154089557e-14
16.2781381381381,2.3327958087178197e-14,1.28095269393806e-14,2.6568431967849802e-14,1.3751537350198e-14,1.8552916798576698e-14,1.07836185502642e-14
16.298148148148101,2.3331908090788503e-14,1.2808353649448302e-14,2.6569681805457196e-14,1.3747910945436999e-14,1.85581056732111e-14,1.07846124686226e-14
16.318158158158202,2.3335825858641101e-14,1.2807170997255502e-14,2.6570893718814201e-14,1.3744281207200699e-14,1.8563273203376599e-14,1.07855971967957e-14
16.338168168168199,2.3339711499176498e-14,1.2805979026709599e-14,2.6572067891583098e-14,1.37406481793263e-14,1.85684194510648e-14,1.0786572767417901e-14
16.3581781781782,2.33435651204431e-14,1.2804777781491201e-14,2.6573204506524001e-14,1.3737011905266298e-14,1.85735444780654e-14,1.0787539212994598e-14
16.378188188188201,2.3347386830099101e-14,1.28035673050557e-14,2.6574303745496999e-14,1.3733372428091599e-14,1.8578648345967002e-14,1.0788496565902399e-14
16.398198198198202,2.3351176735413798e-14,1.2802347640634402e-14,2.65753657894657e-14,1.3729729790493601e-14,1.8583731116158e-14,1.0789444858389401e-14
16.418208208208199,2.3354934943269501e-14,1.28011188312361e-14,2.6576390818500197e-14,1.3726084034787201e-14,1.8588792849827e-14,1.0790384122576599e-14
16.4382182182182,2.3358661560162801e-14,1.2799880919648301e-14,2.6577379011780398e-14,1.37224352029134e-14,1.8593833607963999e-14,1.07913143904576e-14
16.458228228228201,2.3362356692206202e-14,1.27986339484385e-14,2.6578330547598598e-14,1.37187833364417e-14,1.8598853451360798e-14,1.0792235693899902e-14
16.478238238238202,2.3366020445129801e-14,1.2797377959956001e-14,2.6579245603363001e-14,1.37151284765726e-14,1.86038524406117e-14,1.07931480646452e-14
16.498248248248299,2.3369652924282601e-14,1.2796112996332301e-14,2.6580124355600597e-14,1.3711470664140399e-14,1.8608830636114502e-14,1.0794051534309801e-14
16.5182582582583,2.3373254234634301e-14,1.2794839099483299e-14,2.6580966979960599e-14,1.37078099396155e-14,1.8613788098071e-14,1.0794946134385399e-14
16.5382682682683,2.33768244807766e-14,1.2793556311110298e-14,2.65817736512169e-14,1.3704146343107e-14,1.86187248864878e-14,1.0795831896239901e-14
16.558278278278301,2.3380363766925001e-14,1.2792264672701001e-14,2.65825445432719e-14,1.37004799143654e-14,1.8623641061176997e-14,1.0796708851117401e-14
16.578288288288299,2.33838721969199e-14,1.2790964225531201e-14,2.65832798291588e-14,1.3696810692784599e-14,1.8628536681756999e-14,1.07975770301392e-14
16.5982982982983,2.3387349874228601e-14,1.27896550106661e-14,2.6583979681045599e-14,1.3693138717404601e-14,1.86334118076529e-14,1.07984364643044e-14
16.618308308308301,2.3390796901946502e-14,1.2788337068961199e-14,2.6584644270237599e-14,1.3689464026914101e-14,1.86382664980978e-14,1.07992871844902e-14
16.638318318318301,2.33942133827985e-14,1.27870104410638e-14,2.6585273767180498e-14,1.3685786659652702e-14,1.8643100812132899e-14,1.0800129221452499e-14
16.658328328328299,2.3397599419140899e-14,1.2785675167414202e-14,2.65858683414638e-14,1.3682106653613299e-14,1.8647914808608503e-14,1.08009626058266e-14
16.6783383383383,2.34009551129627e-14,1.2784331288247099e-14,2.6586428161823802e-14,1.36784240464447e-14,1.8652708546184704e-14,1.0801787368128e-14
16.6983483483484,2.3404280565886801e-14,1.27829788435927e-14,2.6586953396146499e-14,1.3674738875453601e-14,1.8657482083332103e-14,1.0802603538752201e-14
16.718358358358401,2.34075758791719e-14,1.2781617873277801e-14,2.6587444211471101e-14,1.3671051177607401e-14,1.8662235478332399e-14,1.0803411147976001e-14
16.738368368368398,2.3410841153713799e-14,1.27802484169272e-14,2.6587900773992802e-14,1.3667360989536199e-14,1.86669687892791e-14,1.08042102259576e-14
16.758378378378399,2.3414076490046799e-14,1.2778870513965099e-14,2.6588323249065898e-14,1.36636683475352e-14,1.86716820740783e-14,1.0805000802737501e-14
16.7783883883884,2.3417281988345202e-14,1.2777484203615899e-14,2.6588711801207e-14,1.3659973287567e-14,1.8676375390449499e-14,1.0805782908238599e-14
16.798398398398401,2.3420457748425002e-14,1.27760895249056e-14,2.6589066594098299e-14,1.3656275845264099e-14,1.86810487959257e-14,1.08065565722672e-14
16.818408408408398,2.3423603869744803e-14,1.2774686516662901e-14,2.6589387790590297e-14,1.3652576055930701e-14,1.86857023478548e-14,1.0807321824513101e-14
16.838418418418399,2.3426720451407902e-14,1.2773275217520701e-14,2.6589675552705301e-14,1.3648873954545602e-14,1.8690336103400003e-14,1.08080786945506e-14
16.8584284284284,2.3429807592163302e-14,1.2771855665916901e-14,2.6589930041640102e-14,1.36451695757638e-14,1.8694950119540402e-14,1.08088272118385e-14
16.878438438438401,2.3432865390406999e-14,1.2770427900095701e-14,2.6590151417769699e-14,1.3641462953919201e-14,1.8699544453071399e-14,1.08095674057212e-14
16.898448448448502,2.3435893944183998e-14,1.2768991958108801e-14,2.6590339840649698e-14,1.36377541230266e-14,1.8704119160606301e-14,1.0810299305428699e-14
16.918458458458499,2.3438893351189297e-14,1.2767547877816501e-14,2.6590495469020002e-14,1.3634043116783701e-14,1.87086742985759e-14,1.0811022940077399e-14
16.9384684684685,2.3441863708769399e-14,1.27660956968889e-14,2.6590618460807499e-14,1.3630329968573799e-14,1.87132099232297e-14,1.08117383386708e-14
16.958478478478501,2.3444805113923703e-14,1.27646354528069e-14,2.6590708973129598e-14,1.36266147114676e-14,1.8717726090636802e-14,1.08124455300994e-14
16.978488488488502,2.3447717663305899e-14,1.2763167182863601e-14,2.65907671622967e-14,1.36228973782253e-14,1.8722222856685902e-14,1.0813144543141999e-14
16.998498498498499,2.3450601453225502e-14,1.27616909241651e-14,2.6590793183816101e-14,1.3619178001299099e-14,1.8726700277086403e-14,1.08138354064655e-14
17.0185085085085,2.3453456579648903e-14,1.2760206713631901e-14,2.6590787192394504e-14,1.36154566128348e-14,1.8731158407369099e-14,1.08145181486258e-14
17.038518518518501,2.3456283138201298e-14,1.2758714587999799e-14,2.6590749341941201e-14,1.36117332446745e-14,1.8735597302886598e-14,1.08151927980685e-14
17.058528528528502,2.3459081224167599e-14,1.2757214583821e-14,2.65906797855714e-14,1.3608007928358102e-14,1.8740017018814198e-14,1.08158593831287e-14
17.078538538538499,2.3461850932494001e-14,1.2755706737465502e-14,2.6590578675609301e-14,1.3604280695125901e-14,1.8744417610150198e-14,1.0816517932032302e-14
17.0985485485486,2.3464592357789197e-14,1.27541910851218e-14,2.6590446163591004e-14,1.3600551575920299e-14,1.8748799131717103e-14,1.0817168472895899e-14
17.1185585585586,2.3467305594326101e-14,1.2752667662798101e-14,2.6590282400267496e-14,1.35968206013881e-14,1.8753161638161497e-14,1.08178110337277e-14
17.138568568568601,2.34699907360427e-14,1.2751136506323499e-14,2.6590087535608301e-14,1.35930878018825e-14,1.8757505183955602e-14,1.0818445642427501e-14
17.158578578578599,2.3472647876543902e-14,1.2749597651349e-14,2.6589861718804099e-14,1.3589353207464901e-14,1.8761829823397001e-14,1.08190723267879e-14
17.1785885885886,2.3475277109102599e-14,1.2748051133348402e-14,2.6589605098269796e-14,1.3585616847907101e-14,1.8766135610609898e-14,1.0819691114494201e-14
17.198598598598601,2.3477878526661099e-14,1.2746496987619699e-14,2.6589317821648e-14,1.3581878752693501e-14,1.8770422599545599e-14,1.08203020331251e-14
17.218608608608601,2.34804522218321e-14,1.2744935249285601e-14,2.6589000035811701e-14,1.35781389510226e-14,1.8774690843982999e-14,1.0820905110153201e-14
17.238618618618599,2.3482998286900899e-14,1.27433659532953e-14,2.6588651886867599e-14,1.3574397471809501e-14,1.8778940397529302e-14,1.08215003729453e-14
17.2586286286286,2.3485516813825802e-14,1.2741789134424602e-14,2.65882735201592e-14,1.3570654343687401e-14,1.8783171313620797e-14,1.08220878487632e-14
17.278638638638601,2.3488007894239802e-14,1.2740204827277801e-14,2.6587865080269598e-14,1.35669095950099e-14,1.8787383645523e-14,1.0822667564763902e-14
17.298648648648602,2.3490471619452199e-14,1.27386130662882e-14,2.6587426711025199e-14,1.3563163253852702e-14,1.8791577446332099e-14,1.0823239548000101e-14
17.318658658658698,2.3492908080449098e-14,1.2737013885719299e-14,2.6586958555497903e-14,1.3559415348015799e-14,1.87957527689746e-14,1.0823803825420899e-14
17.338668668668699,2.3495317367895799e-14,1.27354073196656e-14,2.65864607560089e-14,1.3555665905025101e-14,1.8799909666208704e-14,1.0824360423872101e-14
17.3586786786787,2.34976995721371e-14,1.2733793402053899e-14,2.6585933454131601e-14,1.35519149521345e-14,1.8804048190624599e-14,1.08249093700964e-14
17.378688688688701,2.3500054783199201e-14,1.27321721666441e-14,2.6585376790694397e-14,1.35481625163277e-14,1.8808168394645101e-14,1.0825450690734399e-14
17.398698698698698,2.35023830907907e-14,1.2730543647030199e-14,2.6584790905784002e-14,1.3544408624320102e-14,1.8812270330526098e-14,1.0825984412324701e-14
17.418708708708699,2.3504684584304098e-14,1.2728907876641299e-14,2.65841759387486e-14,1.3540653302560698e-14,1.8816354050357699e-14,1.0826510561304501e-14
17.4387187187187,2.3506959352816699e-14,1.2727264888742601e-14,2.65835320282005e-14,1.3536896577233998e-14,1.8820419606064099e-14,1.08270291640098e-14
17.458728728728701,2.3509207485092501e-14,1.2725614716436402e-14,2.6582859312019796e-14,1.3533138474261599e-14,1.8824467049404698e-14,1.0827540246676399e-14
17.478738738738699,2.3511429069582701e-14,1.27239573926627e-14,2.6582157927356798e-14,1.3529379019304502e-14,1.8828496431974501e-14,1.08280438354396e-14
17.498748748748799,2.35136241944276e-14,1.27222929502008e-14,2.6581428010635499e-14,1.3525618237764299e-14,1.8832507805205002e-14,1.0828539956335399e-14
17.5187587587588,2.3515792947457598e-14,1.2720621421669799e-14,2.6580669697556498e-14,1.3521856154785401e-14,1.8836501220364101e-14,1.08290286353004e-14
17.538768768768801,2.3517935416194197e-14,1.2718942839529501e-14,2.65798831231e-14,1.3518092795256999e-14,1.8840476728557501e-14,1.0829509898172501e-14
17.558778778778802,2.3520051687851798e-14,1.2717257236081501e-14,2.6579068421529001e-14,1.35143281838142e-14,1.8844434380728802e-14,1.08299837706913e-14
17.578788788788799,2.35221418493385e-14,1.2715564643470201e-14,2.65782257263923e-14,1.35105623448405e-14,1.8848374227660097e-14,1.08304502784985e-14
17.5987987987988,2.35242059872573e-14,1.27138650936836e-14,2.6577355170527199e-14,1.3506795302469098e-14,1.88522963199728e-14,1.0830909447138399e-14
17.618808808808801,2.3526244187907901e-14,1.2712158618554201e-14,2.6576456886063102e-14,1.3503027080584999e-14,1.8856200708128199e-14,1.08313613020582e-14
17.638818818818802,2.3528256537287101e-14,1.27104452497598e-14,2.6575531004423997e-14,1.3499257702826099e-14,1.8860087442427598e-14,1.0831805868608499e-14
17.658828828828799,2.3530243121090599e-14,1.27087250188249e-14,2.65745776563321e-14,1.3495487192586e-14,1.88639565730136e-14,1.0832243172044e-14
17.6788388388388,2.3532204024714201e-14,1.2706997957120801e-14,2.6573596971810103e-14,1.34917155730146e-14,1.886780814987e-14,1.0832673237523401e-14
17.6988488488489,2.3534139333254603e-14,1.27052640958672e-14,2.6572589080184904e-14,1.34879428670205e-14,1.8871642222822901e-14,1.0833096090110299e-14
17.718858858858901,2.3536049131511e-14,1.27035234661329e-14,2.6571554110090202e-14,1.34841690972726e-14,1.8875458841541e-14,1.08335117547733e-14
17.738868868868899,2.3537933503986101e-14,1.2701776098836401e-14,2.6570492189469701e-14,1.34803942862015e-14,1.8879258055536201e-14,1.08339202563865e-14
17.7588788788789,2.3539792534887401e-14,1.27000220247471e-14,2.6569403445579999e-14,1.3476618456001499e-14,1.8883039914164e-14,1.08343216197303e-14
17.778888888888901,2.35416263081283e-14,1.26982612744859e-14,2.65682880049936e-14,1.34728416286322e-14,1.88868044666245e-14,1.08347158694912e-14
17.798898898898901,2.35434349073293e-14,1.2696493878526301e-14,2.6567145993601997e-14,1.3469063825820001e-14,1.8890551761962598e-14,1.0835103030262401e-14
17.818908908908899,2.3545218415819199e-14,1.2694719867195301e-14,2.6565977536618802e-14,1.34652850690599e-14,1.8894281849068699e-14,1.08354831265446e-14
17.8389189189189,2.3546976916636303e-14,1.26929392706739e-14,2.6564782758582101e-14,1.3461505379617199e-14,1.88979947766792e-14,1.0835856182746e-14
17.858928928928901,2.35487104925295e-14,1.2691152118998301e-14,2.65635617833584e-14,1.3457724778528801e-14,1.8901690593376997e-14,1.08362222231829e-14
17.878938938938902,2.3550419225959401e-14,1.2689358442060499e-14,2.6562314734144802e-14,1.3453943286605298e-14,1.8905369347592198e-14,1.08365812720798e-14
17.898948948948998,2.3552103199099797e-14,1.26875582696094e-14,2.65610417334723e-14,1.34501609244323e-14,1.8909031087602596e-14,1.08369333535704e-14
17.918958958958999,2.3553762493838399e-14,1.2685751631251301e-14,2.6559742903208901e-14,1.3446377712371899e-14,1.8912675861534097e-14,1.0837278491697299e-14
17.938968968969,2.3555397191778099e-14,1.2683938556451e-14,2.6558418364562204e-14,1.3442593670564599e-14,1.8916303717361597e-14,1.0837616710413001e-14
17.958978978979001,2.3557007374238398e-14,1.2682119074532402e-14,2.6557068238082699e-14,1.3438808818930801e-14,1.8919914702909198e-14,1.0837948033579901e-14
17.978988988988998,2.3558593122256098e-14,1.26802932146796e-14,2.6555692643666697e-14,1.34350231771723e-14,1.8923508865850703e-14,1.0838272484970899e-14
17.998998998998999,2.3560154516586902e-14,1.2678461005937501e-14,2.6554291700558998e-14,1.3431236764773699e-14,1.8927086253710401e-14,1.0838590088269699e-14
18.019009009009,2.3561691637706003e-14,1.26766224772125e-14,2.6552865527356197e-14,1.34274496010043e-14,1.89306469138638e-14,1.0838900867071299e-14
18.039019019019001,2.35632045658098e-14,1.2674777657273502e-14,2.6551414242009401e-14,1.34236617049195e-14,1.89341908935374e-14,1.08392048448823e-14
18.059029029028999,2.3564693380816601e-14,1.2672926574752798e-14,2.6549937961827301e-14,1.34198730953622e-14,1.8937718239810001e-14,1.0839502045120999e-14
18.079039039038999,2.3566158162367698e-14,1.2671069258146402e-14,2.65484368034789e-14,1.3416083790964502e-14,1.8941228999612801e-14,1.0839792491118601e-14
18.0990490490491,2.3567598989828902e-14,1.2669205735815501e-14,2.6546910882996802e-14,1.3412293810149201e-14,1.8944723219730299e-14,1.0840076206118801e-14
18.119059059059101,2.3569015942291197e-14,1.2667336035986501e-14,2.6545360315779601e-14,1.34085031711313e-14,1.8948200946800201e-14,1.08403532132783e-14
18.139069069069102,2.3570409098571997e-14,1.2665460186752499e-14,2.65437852165955e-14,1.34047118919194e-14,1.8951662227314597e-14,1.0840623535667499e-14
18.159079079079099,2.3571778537216403e-14,1.2663578216073299e-14,2.6542185699584498e-14,1.3400919990317299e-14,1.8955107107620099e-14,1.0840887196270901e-14
18.1790890890891,2.3573124336498101e-14,1.26616901517771e-14,2.6540561878261899e-14,1.33971274839254e-14,1.8958535633918599e-14,1.0841144217987001e-14
18.199099099099101,2.3574446574420297e-14,1.2659796021560301e-14,2.6538913865520701e-14,1.3393334390142499e-14,1.8961947852267401e-14,1.0841394623628999e-14
18.219109109109102,2.35757453287174e-14,1.2657895852988901e-14,2.6537241773635004e-14,1.33895407261667e-14,1.8965343808580398e-14,1.08416384359252e-14
18.239119119119099,2.35770206768553e-14,1.2655989673499102e-14,2.6535545714262501e-14,1.33857465089973e-14,1.8968723548627699e-14,1.0841875677519399e-14
18.2591291291291,2.3578272696032901e-14,1.2654077510397802e-14,2.6533825798447497e-14,1.3381951755435999e-14,1.8972087118036998e-14,1.08421063709709e-14
18.279139139139101,2.35795014631833e-14,1.26521593908637e-14,2.6532082136623902e-14,1.3378156482088799e-14,1.89754345622936e-14,1.08423305387555e-14
18.299149149149098,2.35807070549745e-14,1.26502353419478e-14,2.6530314838617797e-14,1.3374360705366598e-14,1.8978765926740901e-14,1.0842548203265101e-14
18.319159159159199,2.3581889547810701e-14,1.2648305390574e-14,2.6528524013650899e-14,1.3370564441487601e-14,1.89820812565813e-14,1.08427593868088e-14
18.3391691691692,2.35830490178332e-14,1.26463695635404e-14,2.6526709770342601e-14,1.33667677064778e-14,1.8985380596876299e-14,1.08429641116128e-14
18.359179179179201,2.3584185540921698e-14,1.2644427887519301e-14,2.6524872216713498e-14,1.3362970516173298e-14,1.8988663992547e-14,1.08431623998209e-14
18.379189189189201,2.3585299192694799e-14,1.2642480389058402e-14,2.6523011460188002e-14,1.3359172886221e-14,1.8991931488375001e-14,1.0843354273494701e-14
18.399199199199199,2.3586390048511898e-14,1.26405270945813e-14,2.65211276075972e-14,1.33553748320802e-14,1.8995183129002601e-14,1.0843539754614299e-14
18.4192092092092,2.35874581834732e-14,1.2638568030388302e-14,2.6519220765181603e-14,1.33515763690241e-14,1.8998418958933001e-14,1.0843718865078499e-14
18.439219219219201,2.3588503672421699e-14,1.2636603222657002e-14,2.6517291038594003e-14,1.3347777512141299e-14,1.9001639022531599e-14,1.08438916267049e-14
18.459229229229202,2.3589526589943703e-14,1.26346326974432e-14,2.6515338532902701e-14,1.3343978276336798e-14,1.90048433640258e-14,1.0844058061230499e-14
18.479239239239199,2.3590527010369602e-14,1.2632656480681199e-14,2.6513363352593703e-14,1.33401786763335e-14,1.9008032027505702e-14,1.08442181903122e-14
18.499249249249299,2.3591505007775601e-14,1.2630674598185e-14,2.6511365601573799e-14,1.3336378726673899e-14,1.9011205056924601e-14,1.0844372035526699e-14
18.5192592592593,2.3592460655984199e-14,1.2628687075648702e-14,2.65093453831736e-14,1.33325784417209e-14,1.9014362496099597e-14,1.08445196183711e-14
18.539269269269301,2.3593394028565399e-14,1.2626693938647e-14,2.6507302800149999e-14,1.33287778356595e-14,1.90175043887118e-14,1.0844660960263599e-14
18.559279279279298,2.3594305198837403e-14,1.2624695212636201e-14,2.6505237954689197e-14,1.3324976922498099e-14,1.9020630778307001e-14,1.0844796082542999e-14
18.579289289289299,2.3595194239868199e-14,1.26226909229547e-14,2.6503150948409296e-14,1.33211757160696e-14,1.9023741708296301e-14,1.0844925006469901e-14
18.5992992992993,2.3596061224475903e-14,1.26206810948239e-14,2.6501041882363401e-14,1.3317374230033198e-14,1.90268372219563e-14,1.08450477532265e-14
18.619309309309301,2.3596906225230299e-14,1.2618665753348402e-14,2.6498910857041902e-14,1.33135724778749e-14,1.9029917362429601e-14,1.0845164343916999e-14
18.639319319319299,2.35977293144535e-14,1.2616644923517099e-14,2.64967579723759e-14,1.3309770472909998e-14,1.9032982172725401e-14,1.0845274799568201e-14
18.659329329329299,2.3598530564221e-14,1.2614618630203701e-14,2.6494583327739402e-14,1.3305968228283001e-14,1.90360316957201e-14,1.08453791411295e-14
18.6793393393393,2.3599310046362501e-14,1.26125868981671e-14,2.6492387021952196e-14,1.3302165756970101e-14,1.9039065974157401e-14,1.0845477389473701e-14
18.699349349349401,2.3600067832463402e-14,1.26105497520527e-14,2.6490169153282998e-14,1.3298363071779802e-14,1.9042085050649196e-14,1.08455695653967e-14
18.719359359359402,2.36008039938651e-14,1.2608507216392102e-14,2.6487929819451603e-14,1.3294560185354301e-14,1.9045088967675499e-14,1.0845655689618301e-14
18.739369369369399,2.36015186016665e-14,1.2606459315604698e-14,2.6485669117632199e-14,1.3290757110171e-14,1.9048077767585703e-14,1.0845735782782399e-14
18.7593793793794,2.36022117267244e-14,1.2604406073997701e-14,2.64833871444556e-14,1.32869538585435e-14,1.9051051492598e-14,1.0845809865457099e-14
18.779389389389401,2.3602883439655101e-14,1.2602347515766898e-14,2.6481083996012398e-14,1.32831504426229e-14,1.9054010184801e-14,1.08458779581356e-14
18.799399399399402,2.36035338108349e-14,1.26002836649973e-14,2.6478759767855301e-14,1.32793468743992e-14,1.9056953886153199e-14,1.08459400812359e-14
18.819409409409399,2.3604162910401301e-14,1.2598214545663899e-14,2.64764145550022e-14,1.32755431657024e-14,1.9059882638484001e-14,1.08459962551014e-14
18.8394194194194,2.36047708082536e-14,1.25961401816321e-14,2.6474048451938498e-14,1.32717393282037e-14,1.9062796483493999e-14,1.0846046500001101e-14
18.859429429429401,2.3605357574054197e-14,1.2594060596658301e-14,2.6471661552620298e-14,1.3267935373417099e-14,1.9065695462755399e-14,1.0846090836130301e-14
18.879439439439398,2.3605923277229598e-14,1.2591975814390701e-14,2.64692539504765e-14,1.3264131312699901e-14,1.9068579617712699e-14,1.08461292836103e-14
18.899449449449499,2.3606467986970698e-14,1.2589885858369901e-14,2.64668257384122e-14,1.3260327157254801e-14,1.90714489896829e-14,1.08461618624893e-14
18.9194594594595,2.3606991772234398e-14,1.25877907520292e-14,2.6464377008810698e-14,1.3256522918130399e-14,1.9074303619855698e-14,1.08461885927421e-14
18.9394694694695,2.3607494701744402e-14,1.25856905186955e-14,2.64619078535363e-14,1.32527186062227e-14,1.90771435492948e-14,1.0846209494271199e-14
18.959479479479501,2.3607976843991701e-14,1.25835851815897e-14,2.6459418363937601e-14,1.3248914232276202e-14,1.9079968818937498e-14,1.08462245869064e-14
18.979489489489499,2.3608438267235997e-14,1.25814747638276e-14,2.6456908630849298e-14,1.32451098068853e-14,1.9082779469595402e-14,1.0846233890405399e-14
18.9994994994995,2.36088790395064e-14,1.257935928842e-14,2.6454378744595299e-14,1.32413053404953e-14,1.9085575541955001e-14,1.0846237424454101e-14
19.019509509509501,2.3609299228602301e-14,1.25772387782736e-14,2.64518287949913e-14,1.32375008434035e-14,1.9088357076578202e-14,1.0846235208666901e-14
19.039519519519502,2.36096989020943e-14,1.2575113256191898e-14,2.6449258871347503e-14,1.32336963257607e-14,1.90911241139022e-14,1.0846227262587e-14
19.059529529529499,2.3610078127325197e-14,1.2572982744874799e-14,2.6446669062470899e-14,1.3229891797572e-14,1.9093876694240798e-14,1.0846213605686601e-14
19.0795395395395,2.3610436971410599e-14,1.25708472669201e-14,2.6444059456668599e-14,1.3226087268698001e-14,1.9096614857783799e-14,1.0846194257367501e-14
19.0995495495496,2.3610775501240401e-14,1.25687068448239e-14,2.64414301417494e-14,1.32222827488563e-14,1.9099338644598401e-14,1.0846169236961001e-14
19.119559559559601,2.3611093783478799e-14,1.2566561500980599e-14,2.64387812050275e-14,1.32184782476222e-14,1.9102048094629002e-14,1.08461385637284e-14
19.139569569569598,2.3611391884566197e-14,1.2564411257684201e-14,2.6436112733324203e-14,1.3214673774430401e-14,1.9104743247698099e-14,1.0846102256861301e-14
19.159579579579599,2.3611669870719202e-14,1.25622561371283e-14,2.6433424812971201e-14,1.3210869338575302e-14,1.9107424143506102e-14,1.0846060335482099e-14
19.1795895895896,2.3611927807931902e-14,1.2560096161406999e-14,2.6430717529812601e-14,1.3207064949212901e-14,1.9110090821632402e-14,1.08460128186437e-14
19.199599599599601,2.3612165761976704e-14,1.2557931352515299e-14,2.6427990969208004e-14,1.32032606153616e-14,1.9112743321535302e-14,1.08459597253304e-14
19.219609609609599,2.3612383798405299e-14,1.2555761732349602e-14,2.64252452160346e-14,1.31994563459034e-14,1.9115381682552899e-14,1.0845901074457899e-14
19.239619619619599,2.36125819825492e-14,1.25535873227083e-14,2.6422480354690102e-14,1.3195652149584801e-14,1.9118005943903101e-14,1.0845836884873601e-14
19.2596296296296,2.3612760379520901e-14,1.2551408145292499e-14,2.6419696469095002e-14,1.3191848035018202e-14,1.91206161446842e-14,1.0845767175356999e-14
19.279639639639601,2.3612919054214801e-14,1.2549224221706301e-14,2.6416893642695598e-14,1.3188044010682801e-14,1.9123212323875302e-14,1.0845691964619802e-14
19.299649649649702,2.3613058071307603e-14,1.25470355734572e-14,2.6414071958465798e-14,1.31842400849257e-14,1.91257945203369e-14,1.0845611271306501e-14
19.319659659659699,2.3613177495259699e-14,1.25448422219572e-14,2.64112314989104e-14,1.3180436265963298e-14,1.9128362772810802e-14,1.0845525113994199e-14
19.3396696696697,2.3613277390315603e-14,1.2542644188522799e-14,2.6408372346067203e-14,1.31766325618818e-14,1.9130917119921201e-14,1.08454335111935e-14
19.359679679679701,2.3613357820504998e-14,1.25404414943757e-14,2.6405494581509597e-14,1.31728289806388e-14,1.91334576001747e-14,1.08453364813481e-14
19.379689689689702,2.3613418849643701e-14,1.25382341606432e-14,2.6402598286349001e-14,1.3169025530064101e-14,1.9135984251960499e-14,1.0845234042835702e-14
19.399699699699699,2.3613460541334e-14,1.2536022208359001e-14,2.6399683541237701e-14,1.3165222217860699e-14,1.9138497113551302e-14,1.0845126213967799e-14
19.4197097097097,2.3613482958966e-14,1.2533805658463502e-14,2.6396750426370801e-14,1.31614190516063e-14,1.9140996223103601e-14,1.0845013012990199e-14
19.439719719719701,2.3613486165718402e-14,1.2531584531804201e-14,2.6393799021489198e-14,1.3157616038753699e-14,1.9143481618657799e-14,1.08448944580835e-14
19.459729729729698,2.36134702245589e-14,1.2529358849136601e-14,2.6390829405881902e-14,1.3153813186632401e-14,1.9145953338138902e-14,1.0844770567362801e-14
19.479739739739699,2.36134351982454e-14,1.2527128631124101e-14,2.6387841658388299e-14,1.3150010502449401e-14,1.9148411419356802e-14,1.0844641358878399e-14
19.4997497497498,2.36133811493268e-14,1.25248938983393e-14,2.6384835857401095e-14,1.3146207993290199e-14,1.9150855900006598e-14,1.0844506850616101e-14
19.5197597597598,2.3613308140143602e-14,1.25226546712637e-14,2.6381812080868298e-14,1.3142405666120001e-14,1.9153286817669298e-14,1.08443670604971e-14
19.539769769769801,2.3613216232828899e-14,1.25204109702887e-14,2.6378770406295802e-14,1.31386035277843e-14,1.9155704209811799e-14,1.0844222006378701e-14
19.559779779779799,2.3613105489309e-14,1.2518162815715801e-14,2.6375710910749902e-14,1.3134801585010701e-14,1.9158108113787601e-14,1.0844071706054399e-14
19.5797897897898,2.36129759713045e-14,1.2515910227757399e-14,2.6372633670859899e-14,1.3130999844409199e-14,1.9160498566837104e-14,1.0843916177253901e-14
19.599799799799801,2.3612827740330901e-14,1.2513653226536901e-14,2.6369538762820102e-14,1.3127198312473301e-14,1.9162875606088e-14,1.08437554376438e-14
19.619809809809801,2.36126608576993e-14,1.2511391832089699e-14,2.63664262623925e-14,1.3123396995581499e-14,1.9165239268555497e-14,1.0843589504827501e-14
19.639819819819799,2.3612475384517398e-14,1.2509126064362901e-14,2.63632962449093e-14,1.3119595899997799e-14,1.91675895911432e-14,1.0843418396346e-14
19.6598298298298,2.3612271381690199e-14,1.2506855943216698e-14,2.6360148785274901e-14,1.3115795031872601e-14,1.9169926610642799e-14,1.0843242129677199e-14
19.679839839839801,2.36120489099208e-14,1.2504581488424e-14,2.6356983957968997e-14,1.3111994397244399e-14,1.9172250363735102e-14,1.0843060722237401e-14
19.699849849849901,2.3611808029711101e-14,1.25023027196717e-14,2.6353801837048101e-14,1.3108194002040001e-14,1.9174560886989899e-14,1.0842874191380301e-14
19.719859859859898,2.3611548801362598e-14,1.25000196565603e-14,2.6350602496148498e-14,1.3104393852075799e-14,1.9176858216866901e-14,1.08426825543982e-14
19.739869869869899,2.3611271284977401e-14,1.2497732318605201e-14,2.6347386008488601e-14,1.3100593953058901e-14,1.9179142389715601e-14,1.08424858285219e-14
19.7598798798799,2.36109755404585e-14,1.24954407252364e-14,2.6344152446871002e-14,1.3096794310587801e-14,1.91814134417758e-14,1.0842284030921001e-14
19.779889889889901,2.3610661627511197e-14,1.2493144895799602e-14,2.63409018836851e-14,1.3092994930153501e-14,1.9183671409178297e-14,1.08420771787038e-14
19.799899899899899,2.3610329605643101e-14,1.24908448495564e-14,2.6337634390909301e-14,1.3089195817140599e-14,1.9185916327944702e-14,1.0841865288918299e-14
19.819909909909899,2.3609979534165601e-14,1.2488540605684399e-14,2.6334350040113497e-14,1.3085396976827801e-14,1.9188148233988502e-14,1.08416483785519e-14
19.8399199199199,2.3609611472194102e-14,1.2486232183278301e-14,2.63310489024613e-14,1.30815984143893e-14,1.91903671631148e-14,1.0841426464531501e-14
19.859929929929901,2.3609225478649199e-14,1.24839196013498e-14,2.63277310487122e-14,1.30778001348957e-14,1.9192573151021099e-14,1.0841199563724499e-14
19.879939939939899,2.3608821612257e-14,1.2481602878828601e-14,2.63243965492242e-14,1.30740021433145e-14,1.91947662332973e-14,1.0840967692938099e-14
19.899949949949999,2.3608399931550101e-14,1.2479282034562001e-14,2.6321045473955902e-14,1.3070204444511599e-14,1.9196946445426701e-14,1.0840730868920301e-14
19.91995995996,2.3607960494868401e-14,1.2476957087316301e-14,2.6317677892469095e-14,1.30664070432518e-14,1.9199113822785501e-14,1.0840489108359901e-14
19.939969969970001,2.3607503360359902e-14,1.2474628055776601e-14,2.63142938739304e-14,1.3062609944199899e-14,1.9201268400643999e-14,1.08402424278865e-14
19.959979979980002,2.3607028585980899e-14,1.24722949585472e-14,2.6310893487114497e-14,1.3058813151921701e-14,1.9203410214166498e-14,1.0839990844071e-14
19.979989989989999,2.3606536229497398e-14,1.2469957814152702e-14,2.6307476800405301e-14,1.3055016670884701e-14,1.92055392984116e-14,1.0839734373425999e-14
20,2.3606026348485498e-14,1.2467616641037599e-14,2.63040438817993e-14,1.30512205054591e-14,1.9207655688333e-14,1.08394730324055e-14
