{
  "vps_runtime_s": 21.207932710647583,
  "ours_runtime_s": 3.967066526412964,
  "raytrace_frac": 0.9433433921809273,
  "depth_vps": 10.05304533626777,
  "depth_ours": 9.398155627858266,
  "widths": [
    4.0,
    6.0,
    8.0,
    12.0
  ],
  "vps_depth": [
    9.520450658764505,
    9.892803711084861,
    10.054146183193984,
    10.2122431169054
  ],
  "ours_depth": [
    8.876644096310228,
    8.9497185449376,
    9.398155627858266,
    9.572321697354901
  ],
  "gpu_available": false
}